ISO-10303-21;
HEADER;
/* Generated by software containing ST-Developer
 * from STEP Tools, Inc. (www.steptools.com) 
 */

FILE_DESCRIPTION(
/* description */ (''),
/* implementation_level */ '2;1');

FILE_NAME(
/* name */ 'Beams.step',
/* time_stamp */ '2026-08-24T15:51:24-05:00',
/* author */ (''),
/* organization */ (''),
/* preprocessor_version */ 'ST-DEVELOPER v20.1',
/* originating_system */ 'Autodesk Translation Framework v15.8.0.0',
/* authorisation */ '');

FILE_SCHEMA (('AUTOMOTIVE_DESIGN { 1 0 10303 214 3 1 1 }'));
ENDSEC;

DATA;
#10=MECHANICAL_DESIGN_GEOMETRIC_PRESENTATION_REPRESENTATION('',(#13,#14,
#15),#5983);
#11=SHAPE_REPRESENTATION_RELATIONSHIP('SRR','None',#5990,#12);
#12=ADVANCED_BREP_SHAPE_REPRESENTATION('',(#16,#17,#18),#5982);
#13=STYLED_ITEM('',(#6000),#16);
#14=STYLED_ITEM('',(#6000),#17);
#15=STYLED_ITEM('',(#6000),#18);
#16=MANIFOLD_SOLID_BREP('Beam 1',#3617);
#17=MANIFOLD_SOLID_BREP('Beam 2',#3618);
#18=MANIFOLD_SOLID_BREP('Beam 3',#3619);
#19=FACE_BOUND('',#744,.T.);
#20=FACE_BOUND('',#747,.T.);
#21=FACE_BOUND('',#748,.T.);
#22=FACE_BOUND('',#749,.T.);
#23=FACE_BOUND('',#750,.T.);
#24=FACE_BOUND('',#751,.T.);
#25=FACE_BOUND('',#752,.T.);
#26=FACE_BOUND('',#753,.T.);
#27=FACE_BOUND('',#754,.T.);
#28=FACE_BOUND('',#755,.T.);
#29=FACE_BOUND('',#756,.T.);
#30=FACE_BOUND('',#785,.T.);
#31=FACE_BOUND('',#786,.T.);
#32=FACE_BOUND('',#787,.T.);
#33=FACE_BOUND('',#788,.T.);
#34=FACE_BOUND('',#789,.T.);
#35=FACE_BOUND('',#790,.T.);
#36=FACE_BOUND('',#791,.T.);
#37=FACE_BOUND('',#792,.T.);
#38=FACE_BOUND('',#793,.T.);
#39=FACE_BOUND('',#794,.T.);
#40=FACE_BOUND('',#796,.T.);
#41=FACE_BOUND('',#797,.T.);
#42=FACE_BOUND('',#798,.T.);
#43=FACE_BOUND('',#799,.T.);
#44=FACE_BOUND('',#800,.T.);
#45=FACE_BOUND('',#801,.T.);
#46=FACE_BOUND('',#802,.T.);
#47=FACE_BOUND('',#803,.T.);
#48=FACE_BOUND('',#804,.T.);
#49=FACE_BOUND('',#805,.T.);
#50=FACE_BOUND('',#806,.T.);
#51=FACE_BOUND('',#807,.T.);
#52=FACE_BOUND('',#809,.T.);
#53=FACE_BOUND('',#810,.T.);
#54=FACE_BOUND('',#811,.T.);
#55=FACE_BOUND('',#812,.T.);
#56=FACE_BOUND('',#813,.T.);
#57=FACE_BOUND('',#814,.T.);
#58=FACE_BOUND('',#815,.T.);
#59=FACE_BOUND('',#816,.T.);
#60=FACE_BOUND('',#817,.T.);
#61=FACE_BOUND('',#818,.T.);
#62=FACE_BOUND('',#820,.T.);
#63=FACE_BOUND('',#821,.T.);
#64=FACE_BOUND('',#822,.T.);
#65=FACE_BOUND('',#823,.T.);
#66=FACE_BOUND('',#824,.T.);
#67=FACE_BOUND('',#825,.T.);
#68=FACE_BOUND('',#826,.T.);
#69=FACE_BOUND('',#827,.T.);
#70=FACE_BOUND('',#828,.T.);
#71=FACE_BOUND('',#829,.T.);
#72=FACE_BOUND('',#830,.T.);
#73=FACE_BOUND('',#831,.T.);
#74=FACE_BOUND('',#833,.T.);
#75=FACE_BOUND('',#834,.T.);
#76=FACE_BOUND('',#835,.T.);
#77=FACE_BOUND('',#836,.T.);
#78=FACE_BOUND('',#837,.T.);
#79=FACE_BOUND('',#838,.T.);
#80=FACE_BOUND('',#839,.T.);
#81=FACE_BOUND('',#840,.T.);
#82=FACE_BOUND('',#841,.T.);
#83=FACE_BOUND('',#842,.T.);
#84=FACE_BOUND('',#843,.T.);
#85=FACE_BOUND('',#844,.T.);
#86=FACE_BOUND('',#846,.T.);
#87=FACE_BOUND('',#847,.T.);
#88=FACE_BOUND('',#848,.T.);
#89=FACE_BOUND('',#849,.T.);
#90=FACE_BOUND('',#850,.T.);
#91=FACE_BOUND('',#851,.T.);
#92=FACE_BOUND('',#852,.T.);
#93=FACE_BOUND('',#853,.T.);
#94=FACE_BOUND('',#854,.T.);
#95=FACE_BOUND('',#855,.T.);
#96=FACE_BOUND('',#857,.T.);
#97=FACE_BOUND('',#858,.T.);
#98=FACE_BOUND('',#859,.T.);
#99=FACE_BOUND('',#860,.T.);
#100=FACE_BOUND('',#861,.T.);
#101=FACE_BOUND('',#862,.T.);
#102=FACE_BOUND('',#863,.T.);
#103=FACE_BOUND('',#864,.T.);
#104=FACE_BOUND('',#865,.T.);
#105=FACE_BOUND('',#866,.T.);
#106=FACE_BOUND('',#867,.T.);
#107=FACE_BOUND('',#868,.T.);
#108=FACE_BOUND('',#870,.T.);
#109=FACE_BOUND('',#892,.T.);
#110=FACE_BOUND('',#894,.T.);
#111=FACE_BOUND('',#916,.T.);
#112=FACE_BOUND('',#918,.T.);
#113=FACE_BOUND('',#919,.T.);
#114=FACE_BOUND('',#920,.T.);
#115=FACE_BOUND('',#921,.T.);
#116=FACE_BOUND('',#922,.T.);
#117=FACE_BOUND('',#923,.T.);
#118=FACE_BOUND('',#924,.T.);
#119=FACE_BOUND('',#925,.T.);
#120=FACE_BOUND('',#926,.T.);
#121=FACE_BOUND('',#927,.T.);
#122=FACE_BOUND('',#928,.T.);
#123=FACE_BOUND('',#929,.T.);
#124=FACE_BOUND('',#931,.T.);
#125=FACE_BOUND('',#932,.T.);
#126=FACE_BOUND('',#933,.T.);
#127=FACE_BOUND('',#934,.T.);
#128=FACE_BOUND('',#936,.T.);
#129=FACE_BOUND('',#937,.T.);
#130=FACE_BOUND('',#938,.T.);
#131=FACE_BOUND('',#939,.T.);
#132=FACE_BOUND('',#940,.T.);
#133=FACE_BOUND('',#941,.T.);
#134=FACE_BOUND('',#942,.T.);
#135=FACE_BOUND('',#943,.T.);
#136=FACE_BOUND('',#944,.T.);
#137=FACE_BOUND('',#945,.T.);
#138=FACE_BOUND('',#946,.T.);
#139=FACE_BOUND('',#947,.T.);
#140=FACE_BOUND('',#949,.T.);
#141=FACE_BOUND('',#950,.T.);
#142=FACE_BOUND('',#951,.T.);
#143=FACE_BOUND('',#952,.T.);
#144=FACE_BOUND('',#954,.T.);
#145=FACE_BOUND('',#955,.T.);
#146=FACE_BOUND('',#956,.T.);
#147=FACE_BOUND('',#957,.T.);
#148=FACE_BOUND('',#958,.T.);
#149=FACE_BOUND('',#959,.T.);
#150=FACE_BOUND('',#960,.T.);
#151=FACE_BOUND('',#961,.T.);
#152=FACE_BOUND('',#962,.T.);
#153=FACE_BOUND('',#963,.T.);
#154=FACE_BOUND('',#964,.T.);
#155=FACE_BOUND('',#965,.T.);
#156=FACE_BOUND('',#967,.T.);
#157=FACE_BOUND('',#968,.T.);
#158=FACE_BOUND('',#969,.T.);
#159=FACE_BOUND('',#970,.T.);
#160=FACE_BOUND('',#972,.T.);
#161=FACE_BOUND('',#973,.T.);
#162=FACE_BOUND('',#974,.T.);
#163=FACE_BOUND('',#975,.T.);
#164=FACE_BOUND('',#976,.T.);
#165=FACE_BOUND('',#977,.T.);
#166=FACE_BOUND('',#978,.T.);
#167=FACE_BOUND('',#979,.T.);
#168=FACE_BOUND('',#980,.T.);
#169=FACE_BOUND('',#981,.T.);
#170=FACE_BOUND('',#982,.T.);
#171=FACE_BOUND('',#983,.T.);
#172=FACE_BOUND('',#985,.T.);
#173=FACE_BOUND('',#986,.T.);
#174=FACE_BOUND('',#987,.T.);
#175=FACE_BOUND('',#988,.T.);
#176=FACE_BOUND('',#990,.T.);
#177=FACE_BOUND('',#1014,.T.);
#178=FACE_BOUND('',#1016,.T.);
#179=FACE_BOUND('',#1034,.T.);
#180=FACE_BOUND('',#1036,.T.);
#181=FACE_BOUND('',#1037,.T.);
#182=FACE_BOUND('',#1038,.T.);
#183=FACE_BOUND('',#1039,.T.);
#184=FACE_BOUND('',#1040,.T.);
#185=FACE_BOUND('',#1041,.T.);
#186=FACE_BOUND('',#1042,.T.);
#187=FACE_BOUND('',#1043,.T.);
#188=FACE_BOUND('',#1044,.T.);
#189=FACE_BOUND('',#1045,.T.);
#190=FACE_BOUND('',#1046,.T.);
#191=FACE_BOUND('',#1047,.T.);
#192=FACE_BOUND('',#1048,.T.);
#193=FACE_BOUND('',#1049,.T.);
#194=FACE_BOUND('',#1050,.T.);
#195=FACE_BOUND('',#1053,.T.);
#196=FACE_BOUND('',#1054,.T.);
#197=FACE_BOUND('',#1055,.T.);
#198=FACE_BOUND('',#1056,.T.);
#199=FACE_BOUND('',#1057,.T.);
#200=FACE_BOUND('',#1058,.T.);
#201=FACE_BOUND('',#1059,.T.);
#202=FACE_BOUND('',#1060,.T.);
#203=FACE_BOUND('',#1061,.T.);
#204=FACE_BOUND('',#1062,.T.);
#205=FACE_BOUND('',#1063,.T.);
#206=FACE_BOUND('',#1064,.T.);
#207=FACE_BOUND('',#1065,.T.);
#208=FACE_BOUND('',#1066,.T.);
#209=FACE_BOUND('',#1067,.T.);
#210=FACE_BOUND('',#1070,.T.);
#211=FACE_BOUND('',#1071,.T.);
#212=FACE_BOUND('',#1072,.T.);
#213=FACE_BOUND('',#1073,.T.);
#214=FACE_BOUND('',#1074,.T.);
#215=FACE_BOUND('',#1075,.T.);
#216=FACE_BOUND('',#1076,.T.);
#217=FACE_BOUND('',#1077,.T.);
#218=FACE_BOUND('',#1078,.T.);
#219=FACE_BOUND('',#1079,.T.);
#220=FACE_BOUND('',#1080,.T.);
#221=FACE_BOUND('',#1081,.T.);
#222=FACE_BOUND('',#1082,.T.);
#223=FACE_BOUND('',#1083,.T.);
#224=FACE_BOUND('',#1084,.T.);
#225=FACE_BOUND('',#1087,.T.);
#226=FACE_BOUND('',#1088,.T.);
#227=FACE_BOUND('',#1089,.T.);
#228=FACE_BOUND('',#1090,.T.);
#229=FACE_BOUND('',#1091,.T.);
#230=FACE_BOUND('',#1092,.T.);
#231=FACE_BOUND('',#1093,.T.);
#232=FACE_BOUND('',#1094,.T.);
#233=FACE_BOUND('',#1095,.T.);
#234=FACE_BOUND('',#1096,.T.);
#235=FACE_BOUND('',#1097,.T.);
#236=FACE_BOUND('',#1098,.T.);
#237=FACE_BOUND('',#1099,.T.);
#238=FACE_BOUND('',#1100,.T.);
#239=FACE_BOUND('',#1101,.T.);
#240=FACE_BOUND('',#1104,.T.);
#241=CIRCLE('',#3642,1.50000000000001);
#242=CIRCLE('',#3643,1.50000000000001);
#243=CIRCLE('',#3645,1.50000000000001);
#244=CIRCLE('',#3646,1.50000000000001);
#245=CIRCLE('',#3648,1.5);
#246=CIRCLE('',#3649,1.5);
#247=CIRCLE('',#3651,1.5);
#248=CIRCLE('',#3652,1.5);
#249=CIRCLE('',#3654,1.50000000000001);
#250=CIRCLE('',#3655,1.50000000000001);
#251=CIRCLE('',#3657,1.50000000000001);
#252=CIRCLE('',#3658,1.50000000000001);
#253=CIRCLE('',#3660,1.50000000000001);
#254=CIRCLE('',#3661,1.50000000000001);
#255=CIRCLE('',#3663,1.50000000000001);
#256=CIRCLE('',#3664,1.50000000000001);
#257=CIRCLE('',#3666,1.50000000000001);
#258=CIRCLE('',#3667,1.50000000000001);
#259=CIRCLE('',#3669,1.50000000000001);
#260=CIRCLE('',#3670,1.50000000000001);
#261=CIRCLE('',#3672,1.5);
#262=CIRCLE('',#3673,1.5);
#263=CIRCLE('',#3675,1.5);
#264=CIRCLE('',#3676,1.5);
#265=CIRCLE('',#3678,1.49999999999995);
#266=CIRCLE('',#3679,1.49999999999995);
#267=CIRCLE('',#3681,1.49999999999995);
#268=CIRCLE('',#3682,1.49999999999995);
#269=CIRCLE('',#3684,1.49999999999995);
#270=CIRCLE('',#3685,1.49999999999995);
#271=CIRCLE('',#3687,1.49999999999995);
#272=CIRCLE('',#3688,1.49999999999995);
#273=CIRCLE('',#3690,1.49999999999999);
#274=CIRCLE('',#3691,1.49999999999999);
#275=CIRCLE('',#3693,1.49999999999999);
#276=CIRCLE('',#3694,1.49999999999999);
#277=CIRCLE('',#3696,1.49999999999999);
#278=CIRCLE('',#3697,1.49999999999999);
#279=CIRCLE('',#3699,1.49999999999999);
#280=CIRCLE('',#3700,1.49999999999999);
#281=CIRCLE('',#3704,1.49999999999999);
#282=CIRCLE('',#3705,1.49999999999999);
#283=CIRCLE('',#3706,1.49999999999995);
#284=CIRCLE('',#3707,1.49999999999995);
#285=CIRCLE('',#3716,1.50000000000001);
#286=CIRCLE('',#3717,1.50000000000001);
#287=CIRCLE('',#3719,1.50000000000001);
#288=CIRCLE('',#3720,1.50000000000001);
#289=CIRCLE('',#3722,1.5);
#290=CIRCLE('',#3723,1.5);
#291=CIRCLE('',#3725,1.5);
#292=CIRCLE('',#3726,1.5);
#293=CIRCLE('',#3728,1.50000000000001);
#294=CIRCLE('',#3729,1.50000000000001);
#295=CIRCLE('',#3731,1.50000000000001);
#296=CIRCLE('',#3732,1.50000000000001);
#297=CIRCLE('',#3734,1.50000000000001);
#298=CIRCLE('',#3735,1.50000000000001);
#299=CIRCLE('',#3737,1.50000000000001);
#300=CIRCLE('',#3738,1.50000000000001);
#301=CIRCLE('',#3740,1.50000000000001);
#302=CIRCLE('',#3741,1.50000000000001);
#303=CIRCLE('',#3743,1.50000000000001);
#304=CIRCLE('',#3744,1.50000000000001);
#305=CIRCLE('',#3746,1.5);
#306=CIRCLE('',#3747,1.5);
#307=CIRCLE('',#3749,1.5);
#308=CIRCLE('',#3750,1.5);
#309=CIRCLE('',#3752,1.49999999999995);
#310=CIRCLE('',#3753,1.49999999999995);
#311=CIRCLE('',#3755,1.49999999999995);
#312=CIRCLE('',#3757,1.49999999999995);
#313=CIRCLE('',#3758,1.49999999999995);
#314=CIRCLE('',#3760,1.49999999999995);
#315=CIRCLE('',#3762,1.49999999999999);
#316=CIRCLE('',#3763,1.49999999999999);
#317=CIRCLE('',#3765,1.49999999999999);
#318=CIRCLE('',#3767,1.49999999999999);
#319=CIRCLE('',#3768,1.49999999999999);
#320=CIRCLE('',#3770,1.49999999999999);
#321=CIRCLE('',#3780,1.65);
#322=CIRCLE('',#3781,1.65);
#323=CIRCLE('',#3783,1.65);
#324=CIRCLE('',#3784,1.65);
#325=CIRCLE('',#3786,1.65);
#326=CIRCLE('',#3787,1.65);
#327=CIRCLE('',#3789,1.65);
#328=CIRCLE('',#3790,1.65);
#329=CIRCLE('',#3792,1.49999999999995);
#330=CIRCLE('',#3793,1.49999999999995);
#331=CIRCLE('',#3795,1.49999999999995);
#332=CIRCLE('',#3796,1.49999999999995);
#333=CIRCLE('',#3798,1.49999999999995);
#334=CIRCLE('',#3799,1.49999999999995);
#335=CIRCLE('',#3801,1.49999999999995);
#336=CIRCLE('',#3802,1.49999999999995);
#337=CIRCLE('',#3804,1.5);
#338=CIRCLE('',#3805,1.5);
#339=CIRCLE('',#3807,1.5);
#340=CIRCLE('',#3808,1.5);
#341=CIRCLE('',#3810,1.49999999999995);
#342=CIRCLE('',#3811,1.49999999999995);
#343=CIRCLE('',#3813,1.49999999999995);
#344=CIRCLE('',#3814,1.49999999999995);
#345=CIRCLE('',#3816,1.5);
#346=CIRCLE('',#3817,1.5);
#347=CIRCLE('',#3819,1.5);
#348=CIRCLE('',#3820,1.5);
#349=CIRCLE('',#3822,1.49999999999995);
#350=CIRCLE('',#3823,1.49999999999995);
#351=CIRCLE('',#3825,1.49999999999995);
#352=CIRCLE('',#3826,1.49999999999995);
#353=CIRCLE('',#3834,1.65);
#354=CIRCLE('',#3835,1.65);
#355=CIRCLE('',#3837,1.65);
#356=CIRCLE('',#3838,1.65);
#357=CIRCLE('',#3840,1.65);
#358=CIRCLE('',#3841,1.65);
#359=CIRCLE('',#3843,1.65);
#360=CIRCLE('',#3844,1.65);
#361=CIRCLE('',#3846,1.49999999999995);
#362=CIRCLE('',#3847,1.49999999999995);
#363=CIRCLE('',#3849,1.49999999999995);
#364=CIRCLE('',#3850,1.49999999999995);
#365=CIRCLE('',#3852,1.49999999999995);
#366=CIRCLE('',#3853,1.49999999999995);
#367=CIRCLE('',#3855,1.49999999999995);
#368=CIRCLE('',#3856,1.49999999999995);
#369=CIRCLE('',#3858,1.5);
#370=CIRCLE('',#3859,1.5);
#371=CIRCLE('',#3861,1.5);
#372=CIRCLE('',#3862,1.5);
#373=CIRCLE('',#3864,1.49999999999995);
#374=CIRCLE('',#3865,1.49999999999995);
#375=CIRCLE('',#3867,1.49999999999995);
#376=CIRCLE('',#3868,1.49999999999995);
#377=CIRCLE('',#3870,1.5);
#378=CIRCLE('',#3871,1.5);
#379=CIRCLE('',#3873,1.5);
#380=CIRCLE('',#3874,1.5);
#381=CIRCLE('',#3876,1.49999999999995);
#382=CIRCLE('',#3877,1.49999999999995);
#383=CIRCLE('',#3879,1.49999999999995);
#384=CIRCLE('',#3880,1.49999999999995);
#385=CIRCLE('',#3896,1.49999999999999);
#386=CIRCLE('',#3897,1.49999999999999);
#387=CIRCLE('',#3899,1.49999999999999);
#388=CIRCLE('',#3900,1.49999999999999);
#389=CIRCLE('',#3902,1.49999999999999);
#390=CIRCLE('',#3903,1.49999999999999);
#391=CIRCLE('',#3905,1.49999999999999);
#392=CIRCLE('',#3906,1.49999999999999);
#393=CIRCLE('',#3908,1.49999999999999);
#394=CIRCLE('',#3909,1.49999999999999);
#395=CIRCLE('',#3911,1.49999999999999);
#396=CIRCLE('',#3912,1.49999999999999);
#397=CIRCLE('',#3914,1.49999999999995);
#398=CIRCLE('',#3915,1.49999999999995);
#399=CIRCLE('',#3917,1.49999999999995);
#400=CIRCLE('',#3918,1.49999999999995);
#401=CIRCLE('',#3920,1.5);
#402=CIRCLE('',#3921,1.5);
#403=CIRCLE('',#3923,1.5);
#404=CIRCLE('',#3924,1.5);
#405=CIRCLE('',#3926,1.49999999999995);
#406=CIRCLE('',#3927,1.49999999999995);
#407=CIRCLE('',#3929,1.49999999999995);
#408=CIRCLE('',#3930,1.49999999999995);
#409=CIRCLE('',#3932,1.5);
#410=CIRCLE('',#3933,1.5);
#411=CIRCLE('',#3935,1.5);
#412=CIRCLE('',#3936,1.5);
#413=CIRCLE('',#3938,1.49999999999995);
#414=CIRCLE('',#3939,1.49999999999995);
#415=CIRCLE('',#3941,1.49999999999995);
#416=CIRCLE('',#3942,1.49999999999995);
#417=CIRCLE('',#3944,1.49999999999995);
#418=CIRCLE('',#3945,1.49999999999995);
#419=CIRCLE('',#3947,1.49999999999995);
#420=CIRCLE('',#3948,1.49999999999995);
#421=CIRCLE('',#3956,1.49999999999995);
#422=CIRCLE('',#3957,1.49999999999995);
#423=CIRCLE('',#3959,1.49999999999995);
#424=CIRCLE('',#3960,1.49999999999995);
#425=CIRCLE('',#3962,1.5);
#426=CIRCLE('',#3963,1.5);
#427=CIRCLE('',#3965,1.5);
#428=CIRCLE('',#3966,1.5);
#429=CIRCLE('',#3968,1.49999999999995);
#430=CIRCLE('',#3969,1.49999999999995);
#431=CIRCLE('',#3971,1.49999999999995);
#432=CIRCLE('',#3972,1.49999999999995);
#433=CIRCLE('',#3974,1.5);
#434=CIRCLE('',#3975,1.5);
#435=CIRCLE('',#3977,1.5);
#436=CIRCLE('',#3978,1.5);
#437=CIRCLE('',#3980,1.49999999999995);
#438=CIRCLE('',#3981,1.49999999999995);
#439=CIRCLE('',#3983,1.49999999999995);
#440=CIRCLE('',#3984,1.49999999999995);
#441=CIRCLE('',#3986,1.49999999999995);
#442=CIRCLE('',#3987,1.49999999999995);
#443=CIRCLE('',#3989,1.49999999999995);
#444=CIRCLE('',#3990,1.49999999999995);
#445=CYLINDRICAL_SURFACE('',#3641,1.50000000000001);
#446=CYLINDRICAL_SURFACE('',#3644,1.50000000000001);
#447=CYLINDRICAL_SURFACE('',#3647,1.5);
#448=CYLINDRICAL_SURFACE('',#3650,1.5);
#449=CYLINDRICAL_SURFACE('',#3653,1.50000000000001);
#450=CYLINDRICAL_SURFACE('',#3656,1.50000000000001);
#451=CYLINDRICAL_SURFACE('',#3659,1.50000000000001);
#452=CYLINDRICAL_SURFACE('',#3662,1.50000000000001);
#453=CYLINDRICAL_SURFACE('',#3665,1.50000000000001);
#454=CYLINDRICAL_SURFACE('',#3668,1.50000000000001);
#455=CYLINDRICAL_SURFACE('',#3671,1.5);
#456=CYLINDRICAL_SURFACE('',#3674,1.5);
#457=CYLINDRICAL_SURFACE('',#3677,1.49999999999995);
#458=CYLINDRICAL_SURFACE('',#3680,1.49999999999995);
#459=CYLINDRICAL_SURFACE('',#3683,1.49999999999995);
#460=CYLINDRICAL_SURFACE('',#3686,1.49999999999995);
#461=CYLINDRICAL_SURFACE('',#3689,1.49999999999999);
#462=CYLINDRICAL_SURFACE('',#3692,1.49999999999999);
#463=CYLINDRICAL_SURFACE('',#3695,1.49999999999999);
#464=CYLINDRICAL_SURFACE('',#3698,1.49999999999999);
#465=CYLINDRICAL_SURFACE('',#3715,1.50000000000001);
#466=CYLINDRICAL_SURFACE('',#3718,1.50000000000001);
#467=CYLINDRICAL_SURFACE('',#3721,1.5);
#468=CYLINDRICAL_SURFACE('',#3724,1.5);
#469=CYLINDRICAL_SURFACE('',#3727,1.50000000000001);
#470=CYLINDRICAL_SURFACE('',#3730,1.50000000000001);
#471=CYLINDRICAL_SURFACE('',#3733,1.50000000000001);
#472=CYLINDRICAL_SURFACE('',#3736,1.50000000000001);
#473=CYLINDRICAL_SURFACE('',#3739,1.50000000000001);
#474=CYLINDRICAL_SURFACE('',#3742,1.50000000000001);
#475=CYLINDRICAL_SURFACE('',#3745,1.5);
#476=CYLINDRICAL_SURFACE('',#3748,1.5);
#477=CYLINDRICAL_SURFACE('',#3751,1.49999999999995);
#478=CYLINDRICAL_SURFACE('',#3754,1.49999999999995);
#479=CYLINDRICAL_SURFACE('',#3756,1.49999999999995);
#480=CYLINDRICAL_SURFACE('',#3759,1.49999999999995);
#481=CYLINDRICAL_SURFACE('',#3761,1.49999999999999);
#482=CYLINDRICAL_SURFACE('',#3764,1.49999999999999);
#483=CYLINDRICAL_SURFACE('',#3766,1.49999999999999);
#484=CYLINDRICAL_SURFACE('',#3769,1.49999999999999);
#485=CYLINDRICAL_SURFACE('',#3779,1.65);
#486=CYLINDRICAL_SURFACE('',#3782,1.65);
#487=CYLINDRICAL_SURFACE('',#3785,1.65);
#488=CYLINDRICAL_SURFACE('',#3788,1.65);
#489=CYLINDRICAL_SURFACE('',#3791,1.49999999999995);
#490=CYLINDRICAL_SURFACE('',#3794,1.49999999999995);
#491=CYLINDRICAL_SURFACE('',#3797,1.49999999999995);
#492=CYLINDRICAL_SURFACE('',#3800,1.49999999999995);
#493=CYLINDRICAL_SURFACE('',#3803,1.5);
#494=CYLINDRICAL_SURFACE('',#3806,1.5);
#495=CYLINDRICAL_SURFACE('',#3809,1.49999999999995);
#496=CYLINDRICAL_SURFACE('',#3812,1.49999999999995);
#497=CYLINDRICAL_SURFACE('',#3815,1.5);
#498=CYLINDRICAL_SURFACE('',#3818,1.5);
#499=CYLINDRICAL_SURFACE('',#3821,1.49999999999995);
#500=CYLINDRICAL_SURFACE('',#3824,1.49999999999995);
#501=CYLINDRICAL_SURFACE('',#3833,1.65);
#502=CYLINDRICAL_SURFACE('',#3836,1.65);
#503=CYLINDRICAL_SURFACE('',#3839,1.65);
#504=CYLINDRICAL_SURFACE('',#3842,1.65);
#505=CYLINDRICAL_SURFACE('',#3845,1.49999999999995);
#506=CYLINDRICAL_SURFACE('',#3848,1.49999999999995);
#507=CYLINDRICAL_SURFACE('',#3851,1.49999999999995);
#508=CYLINDRICAL_SURFACE('',#3854,1.49999999999995);
#509=CYLINDRICAL_SURFACE('',#3857,1.5);
#510=CYLINDRICAL_SURFACE('',#3860,1.5);
#511=CYLINDRICAL_SURFACE('',#3863,1.49999999999995);
#512=CYLINDRICAL_SURFACE('',#3866,1.49999999999995);
#513=CYLINDRICAL_SURFACE('',#3869,1.5);
#514=CYLINDRICAL_SURFACE('',#3872,1.5);
#515=CYLINDRICAL_SURFACE('',#3875,1.49999999999995);
#516=CYLINDRICAL_SURFACE('',#3878,1.49999999999995);
#517=CYLINDRICAL_SURFACE('',#3895,1.49999999999999);
#518=CYLINDRICAL_SURFACE('',#3898,1.49999999999999);
#519=CYLINDRICAL_SURFACE('',#3901,1.49999999999999);
#520=CYLINDRICAL_SURFACE('',#3904,1.49999999999999);
#521=CYLINDRICAL_SURFACE('',#3907,1.49999999999999);
#522=CYLINDRICAL_SURFACE('',#3910,1.49999999999999);
#523=CYLINDRICAL_SURFACE('',#3913,1.49999999999995);
#524=CYLINDRICAL_SURFACE('',#3916,1.49999999999995);
#525=CYLINDRICAL_SURFACE('',#3919,1.5);
#526=CYLINDRICAL_SURFACE('',#3922,1.5);
#527=CYLINDRICAL_SURFACE('',#3925,1.49999999999995);
#528=CYLINDRICAL_SURFACE('',#3928,1.49999999999995);
#529=CYLINDRICAL_SURFACE('',#3931,1.5);
#530=CYLINDRICAL_SURFACE('',#3934,1.5);
#531=CYLINDRICAL_SURFACE('',#3937,1.49999999999995);
#532=CYLINDRICAL_SURFACE('',#3940,1.49999999999995);
#533=CYLINDRICAL_SURFACE('',#3943,1.49999999999995);
#534=CYLINDRICAL_SURFACE('',#3946,1.49999999999995);
#535=CYLINDRICAL_SURFACE('',#3955,1.49999999999995);
#536=CYLINDRICAL_SURFACE('',#3958,1.49999999999995);
#537=CYLINDRICAL_SURFACE('',#3961,1.5);
#538=CYLINDRICAL_SURFACE('',#3964,1.5);
#539=CYLINDRICAL_SURFACE('',#3967,1.49999999999995);
#540=CYLINDRICAL_SURFACE('',#3970,1.49999999999995);
#541=CYLINDRICAL_SURFACE('',#3973,1.5);
#542=CYLINDRICAL_SURFACE('',#3976,1.5);
#543=CYLINDRICAL_SURFACE('',#3979,1.49999999999995);
#544=CYLINDRICAL_SURFACE('',#3982,1.49999999999995);
#545=CYLINDRICAL_SURFACE('',#3985,1.49999999999995);
#546=CYLINDRICAL_SURFACE('',#3988,1.49999999999995);
#547=FACE_OUTER_BOUND('',#715,.T.);
#548=FACE_OUTER_BOUND('',#716,.T.);
#549=FACE_OUTER_BOUND('',#717,.T.);
#550=FACE_OUTER_BOUND('',#718,.T.);
#551=FACE_OUTER_BOUND('',#719,.T.);
#552=FACE_OUTER_BOUND('',#720,.T.);
#553=FACE_OUTER_BOUND('',#721,.T.);
#554=FACE_OUTER_BOUND('',#722,.T.);
#555=FACE_OUTER_BOUND('',#723,.T.);
#556=FACE_OUTER_BOUND('',#724,.T.);
#557=FACE_OUTER_BOUND('',#725,.T.);
#558=FACE_OUTER_BOUND('',#726,.T.);
#559=FACE_OUTER_BOUND('',#727,.T.);
#560=FACE_OUTER_BOUND('',#728,.T.);
#561=FACE_OUTER_BOUND('',#729,.T.);
#562=FACE_OUTER_BOUND('',#730,.T.);
#563=FACE_OUTER_BOUND('',#731,.T.);
#564=FACE_OUTER_BOUND('',#732,.T.);
#565=FACE_OUTER_BOUND('',#733,.T.);
#566=FACE_OUTER_BOUND('',#734,.T.);
#567=FACE_OUTER_BOUND('',#735,.T.);
#568=FACE_OUTER_BOUND('',#736,.T.);
#569=FACE_OUTER_BOUND('',#737,.T.);
#570=FACE_OUTER_BOUND('',#738,.T.);
#571=FACE_OUTER_BOUND('',#739,.T.);
#572=FACE_OUTER_BOUND('',#740,.T.);
#573=FACE_OUTER_BOUND('',#741,.T.);
#574=FACE_OUTER_BOUND('',#742,.T.);
#575=FACE_OUTER_BOUND('',#743,.T.);
#576=FACE_OUTER_BOUND('',#745,.T.);
#577=FACE_OUTER_BOUND('',#746,.T.);
#578=FACE_OUTER_BOUND('',#757,.T.);
#579=FACE_OUTER_BOUND('',#758,.T.);
#580=FACE_OUTER_BOUND('',#759,.T.);
#581=FACE_OUTER_BOUND('',#760,.T.);
#582=FACE_OUTER_BOUND('',#761,.T.);
#583=FACE_OUTER_BOUND('',#762,.T.);
#584=FACE_OUTER_BOUND('',#763,.T.);
#585=FACE_OUTER_BOUND('',#764,.T.);
#586=FACE_OUTER_BOUND('',#765,.T.);
#587=FACE_OUTER_BOUND('',#766,.T.);
#588=FACE_OUTER_BOUND('',#767,.T.);
#589=FACE_OUTER_BOUND('',#768,.T.);
#590=FACE_OUTER_BOUND('',#769,.T.);
#591=FACE_OUTER_BOUND('',#770,.T.);
#592=FACE_OUTER_BOUND('',#771,.T.);
#593=FACE_OUTER_BOUND('',#772,.T.);
#594=FACE_OUTER_BOUND('',#773,.T.);
#595=FACE_OUTER_BOUND('',#774,.T.);
#596=FACE_OUTER_BOUND('',#775,.T.);
#597=FACE_OUTER_BOUND('',#776,.T.);
#598=FACE_OUTER_BOUND('',#777,.T.);
#599=FACE_OUTER_BOUND('',#778,.T.);
#600=FACE_OUTER_BOUND('',#779,.T.);
#601=FACE_OUTER_BOUND('',#780,.T.);
#602=FACE_OUTER_BOUND('',#781,.T.);
#603=FACE_OUTER_BOUND('',#782,.T.);
#604=FACE_OUTER_BOUND('',#783,.T.);
#605=FACE_OUTER_BOUND('',#784,.T.);
#606=FACE_OUTER_BOUND('',#795,.T.);
#607=FACE_OUTER_BOUND('',#808,.T.);
#608=FACE_OUTER_BOUND('',#819,.T.);
#609=FACE_OUTER_BOUND('',#832,.T.);
#610=FACE_OUTER_BOUND('',#845,.T.);
#611=FACE_OUTER_BOUND('',#856,.T.);
#612=FACE_OUTER_BOUND('',#869,.T.);
#613=FACE_OUTER_BOUND('',#871,.T.);
#614=FACE_OUTER_BOUND('',#872,.T.);
#615=FACE_OUTER_BOUND('',#873,.T.);
#616=FACE_OUTER_BOUND('',#874,.T.);
#617=FACE_OUTER_BOUND('',#875,.T.);
#618=FACE_OUTER_BOUND('',#876,.T.);
#619=FACE_OUTER_BOUND('',#877,.T.);
#620=FACE_OUTER_BOUND('',#878,.T.);
#621=FACE_OUTER_BOUND('',#879,.T.);
#622=FACE_OUTER_BOUND('',#880,.T.);
#623=FACE_OUTER_BOUND('',#881,.T.);
#624=FACE_OUTER_BOUND('',#882,.T.);
#625=FACE_OUTER_BOUND('',#883,.T.);
#626=FACE_OUTER_BOUND('',#884,.T.);
#627=FACE_OUTER_BOUND('',#885,.T.);
#628=FACE_OUTER_BOUND('',#886,.T.);
#629=FACE_OUTER_BOUND('',#887,.T.);
#630=FACE_OUTER_BOUND('',#888,.T.);
#631=FACE_OUTER_BOUND('',#889,.T.);
#632=FACE_OUTER_BOUND('',#890,.T.);
#633=FACE_OUTER_BOUND('',#891,.T.);
#634=FACE_OUTER_BOUND('',#893,.T.);
#635=FACE_OUTER_BOUND('',#895,.T.);
#636=FACE_OUTER_BOUND('',#896,.T.);
#637=FACE_OUTER_BOUND('',#897,.T.);
#638=FACE_OUTER_BOUND('',#898,.T.);
#639=FACE_OUTER_BOUND('',#899,.T.);
#640=FACE_OUTER_BOUND('',#900,.T.);
#641=FACE_OUTER_BOUND('',#901,.T.);
#642=FACE_OUTER_BOUND('',#902,.T.);
#643=FACE_OUTER_BOUND('',#903,.T.);
#644=FACE_OUTER_BOUND('',#904,.T.);
#645=FACE_OUTER_BOUND('',#905,.T.);
#646=FACE_OUTER_BOUND('',#906,.T.);
#647=FACE_OUTER_BOUND('',#907,.T.);
#648=FACE_OUTER_BOUND('',#908,.T.);
#649=FACE_OUTER_BOUND('',#909,.T.);
#650=FACE_OUTER_BOUND('',#910,.T.);
#651=FACE_OUTER_BOUND('',#911,.T.);
#652=FACE_OUTER_BOUND('',#912,.T.);
#653=FACE_OUTER_BOUND('',#913,.T.);
#654=FACE_OUTER_BOUND('',#914,.T.);
#655=FACE_OUTER_BOUND('',#915,.T.);
#656=FACE_OUTER_BOUND('',#917,.T.);
#657=FACE_OUTER_BOUND('',#930,.T.);
#658=FACE_OUTER_BOUND('',#935,.T.);
#659=FACE_OUTER_BOUND('',#948,.T.);
#660=FACE_OUTER_BOUND('',#953,.T.);
#661=FACE_OUTER_BOUND('',#966,.T.);
#662=FACE_OUTER_BOUND('',#971,.T.);
#663=FACE_OUTER_BOUND('',#984,.T.);
#664=FACE_OUTER_BOUND('',#989,.T.);
#665=FACE_OUTER_BOUND('',#991,.T.);
#666=FACE_OUTER_BOUND('',#992,.T.);
#667=FACE_OUTER_BOUND('',#993,.T.);
#668=FACE_OUTER_BOUND('',#994,.T.);
#669=FACE_OUTER_BOUND('',#995,.T.);
#670=FACE_OUTER_BOUND('',#996,.T.);
#671=FACE_OUTER_BOUND('',#997,.T.);
#672=FACE_OUTER_BOUND('',#998,.T.);
#673=FACE_OUTER_BOUND('',#999,.T.);
#674=FACE_OUTER_BOUND('',#1000,.T.);
#675=FACE_OUTER_BOUND('',#1001,.T.);
#676=FACE_OUTER_BOUND('',#1002,.T.);
#677=FACE_OUTER_BOUND('',#1003,.T.);
#678=FACE_OUTER_BOUND('',#1004,.T.);
#679=FACE_OUTER_BOUND('',#1005,.T.);
#680=FACE_OUTER_BOUND('',#1006,.T.);
#681=FACE_OUTER_BOUND('',#1007,.T.);
#682=FACE_OUTER_BOUND('',#1008,.T.);
#683=FACE_OUTER_BOUND('',#1009,.T.);
#684=FACE_OUTER_BOUND('',#1010,.T.);
#685=FACE_OUTER_BOUND('',#1011,.T.);
#686=FACE_OUTER_BOUND('',#1012,.T.);
#687=FACE_OUTER_BOUND('',#1013,.T.);
#688=FACE_OUTER_BOUND('',#1015,.T.);
#689=FACE_OUTER_BOUND('',#1017,.T.);
#690=FACE_OUTER_BOUND('',#1018,.T.);
#691=FACE_OUTER_BOUND('',#1019,.T.);
#692=FACE_OUTER_BOUND('',#1020,.T.);
#693=FACE_OUTER_BOUND('',#1021,.T.);
#694=FACE_OUTER_BOUND('',#1022,.T.);
#695=FACE_OUTER_BOUND('',#1023,.T.);
#696=FACE_OUTER_BOUND('',#1024,.T.);
#697=FACE_OUTER_BOUND('',#1025,.T.);
#698=FACE_OUTER_BOUND('',#1026,.T.);
#699=FACE_OUTER_BOUND('',#1027,.T.);
#700=FACE_OUTER_BOUND('',#1028,.T.);
#701=FACE_OUTER_BOUND('',#1029,.T.);
#702=FACE_OUTER_BOUND('',#1030,.T.);
#703=FACE_OUTER_BOUND('',#1031,.T.);
#704=FACE_OUTER_BOUND('',#1032,.T.);
#705=FACE_OUTER_BOUND('',#1033,.T.);
#706=FACE_OUTER_BOUND('',#1035,.T.);
#707=FACE_OUTER_BOUND('',#1051,.T.);
#708=FACE_OUTER_BOUND('',#1052,.T.);
#709=FACE_OUTER_BOUND('',#1068,.T.);
#710=FACE_OUTER_BOUND('',#1069,.T.);
#711=FACE_OUTER_BOUND('',#1085,.T.);
#712=FACE_OUTER_BOUND('',#1086,.T.);
#713=FACE_OUTER_BOUND('',#1102,.T.);
#714=FACE_OUTER_BOUND('',#1103,.T.);
#715=EDGE_LOOP('',(#2435,#2436,#2437,#2438));
#716=EDGE_LOOP('',(#2439,#2440,#2441,#2442));
#717=EDGE_LOOP('',(#2443,#2444,#2445,#2446));
#718=EDGE_LOOP('',(#2447,#2448,#2449,#2450));
#719=EDGE_LOOP('',(#2451,#2452,#2453,#2454));
#720=EDGE_LOOP('',(#2455,#2456,#2457,#2458));
#721=EDGE_LOOP('',(#2459,#2460,#2461,#2462));
#722=EDGE_LOOP('',(#2463,#2464,#2465,#2466));
#723=EDGE_LOOP('',(#2467,#2468,#2469,#2470));
#724=EDGE_LOOP('',(#2471,#2472,#2473,#2474));
#725=EDGE_LOOP('',(#2475,#2476,#2477,#2478));
#726=EDGE_LOOP('',(#2479,#2480,#2481,#2482));
#727=EDGE_LOOP('',(#2483,#2484,#2485,#2486));
#728=EDGE_LOOP('',(#2487,#2488,#2489,#2490));
#729=EDGE_LOOP('',(#2491,#2492,#2493,#2494));
#730=EDGE_LOOP('',(#2495,#2496,#2497,#2498));
#731=EDGE_LOOP('',(#2499,#2500,#2501,#2502));
#732=EDGE_LOOP('',(#2503,#2504,#2505,#2506));
#733=EDGE_LOOP('',(#2507,#2508,#2509,#2510));
#734=EDGE_LOOP('',(#2511,#2512,#2513,#2514));
#735=EDGE_LOOP('',(#2515,#2516,#2517,#2518));
#736=EDGE_LOOP('',(#2519,#2520,#2521,#2522));
#737=EDGE_LOOP('',(#2523,#2524,#2525,#2526));
#738=EDGE_LOOP('',(#2527,#2528,#2529,#2530));
#739=EDGE_LOOP('',(#2531,#2532,#2533,#2534));
#740=EDGE_LOOP('',(#2535,#2536,#2537,#2538));
#741=EDGE_LOOP('',(#2539,#2540,#2541,#2542));
#742=EDGE_LOOP('',(#2543,#2544,#2545,#2546));
#743=EDGE_LOOP('',(#2547,#2548,#2549,#2550));
#744=EDGE_LOOP('',(#2551,#2552,#2553,#2554));
#745=EDGE_LOOP('',(#2555,#2556,#2557,#2558));
#746=EDGE_LOOP('',(#2559,#2560,#2561,#2562));
#747=EDGE_LOOP('',(#2563,#2564,#2565,#2566));
#748=EDGE_LOOP('',(#2567));
#749=EDGE_LOOP('',(#2568));
#750=EDGE_LOOP('',(#2569));
#751=EDGE_LOOP('',(#2570));
#752=EDGE_LOOP('',(#2571));
#753=EDGE_LOOP('',(#2572));
#754=EDGE_LOOP('',(#2573));
#755=EDGE_LOOP('',(#2574));
#756=EDGE_LOOP('',(#2575,#2576,#2577,#2578));
#757=EDGE_LOOP('',(#2579,#2580,#2581,#2582));
#758=EDGE_LOOP('',(#2583,#2584,#2585,#2586));
#759=EDGE_LOOP('',(#2587,#2588,#2589,#2590));
#760=EDGE_LOOP('',(#2591,#2592,#2593,#2594));
#761=EDGE_LOOP('',(#2595,#2596,#2597,#2598));
#762=EDGE_LOOP('',(#2599,#2600,#2601,#2602));
#763=EDGE_LOOP('',(#2603,#2604,#2605,#2606));
#764=EDGE_LOOP('',(#2607,#2608,#2609,#2610));
#765=EDGE_LOOP('',(#2611,#2612,#2613,#2614));
#766=EDGE_LOOP('',(#2615,#2616,#2617,#2618));
#767=EDGE_LOOP('',(#2619,#2620,#2621,#2622));
#768=EDGE_LOOP('',(#2623,#2624,#2625,#2626));
#769=EDGE_LOOP('',(#2627,#2628,#2629,#2630));
#770=EDGE_LOOP('',(#2631,#2632,#2633,#2634));
#771=EDGE_LOOP('',(#2635,#2636,#2637,#2638));
#772=EDGE_LOOP('',(#2639,#2640,#2641,#2642));
#773=EDGE_LOOP('',(#2643,#2644,#2645,#2646));
#774=EDGE_LOOP('',(#2647,#2648,#2649,#2650));
#775=EDGE_LOOP('',(#2651,#2652,#2653,#2654));
#776=EDGE_LOOP('',(#2655,#2656,#2657,#2658));
#777=EDGE_LOOP('',(#2659,#2660,#2661,#2662));
#778=EDGE_LOOP('',(#2663,#2664,#2665,#2666));
#779=EDGE_LOOP('',(#2667,#2668,#2669,#2670));
#780=EDGE_LOOP('',(#2671,#2672,#2673,#2674));
#781=EDGE_LOOP('',(#2675,#2676,#2677,#2678));
#782=EDGE_LOOP('',(#2679,#2680,#2681,#2682));
#783=EDGE_LOOP('',(#2683,#2684,#2685,#2686));
#784=EDGE_LOOP('',(#2687,#2688,#2689,#2690));
#785=EDGE_LOOP('',(#2691));
#786=EDGE_LOOP('',(#2692));
#787=EDGE_LOOP('',(#2693));
#788=EDGE_LOOP('',(#2694));
#789=EDGE_LOOP('',(#2695,#2696,#2697,#2698));
#790=EDGE_LOOP('',(#2699,#2700,#2701,#2702));
#791=EDGE_LOOP('',(#2703));
#792=EDGE_LOOP('',(#2704));
#793=EDGE_LOOP('',(#2705));
#794=EDGE_LOOP('',(#2706));
#795=EDGE_LOOP('',(#2707,#2708,#2709,#2710));
#796=EDGE_LOOP('',(#2711));
#797=EDGE_LOOP('',(#2712));
#798=EDGE_LOOP('',(#2713));
#799=EDGE_LOOP('',(#2714));
#800=EDGE_LOOP('',(#2715));
#801=EDGE_LOOP('',(#2716));
#802=EDGE_LOOP('',(#2717));
#803=EDGE_LOOP('',(#2718));
#804=EDGE_LOOP('',(#2719));
#805=EDGE_LOOP('',(#2720));
#806=EDGE_LOOP('',(#2721));
#807=EDGE_LOOP('',(#2722));
#808=EDGE_LOOP('',(#2723,#2724,#2725,#2726));
#809=EDGE_LOOP('',(#2727));
#810=EDGE_LOOP('',(#2728));
#811=EDGE_LOOP('',(#2729));
#812=EDGE_LOOP('',(#2730));
#813=EDGE_LOOP('',(#2731,#2732,#2733,#2734));
#814=EDGE_LOOP('',(#2735,#2736,#2737,#2738));
#815=EDGE_LOOP('',(#2739));
#816=EDGE_LOOP('',(#2740));
#817=EDGE_LOOP('',(#2741));
#818=EDGE_LOOP('',(#2742));
#819=EDGE_LOOP('',(#2743,#2744,#2745,#2746));
#820=EDGE_LOOP('',(#2747));
#821=EDGE_LOOP('',(#2748));
#822=EDGE_LOOP('',(#2749));
#823=EDGE_LOOP('',(#2750));
#824=EDGE_LOOP('',(#2751));
#825=EDGE_LOOP('',(#2752));
#826=EDGE_LOOP('',(#2753));
#827=EDGE_LOOP('',(#2754));
#828=EDGE_LOOP('',(#2755));
#829=EDGE_LOOP('',(#2756));
#830=EDGE_LOOP('',(#2757));
#831=EDGE_LOOP('',(#2758));
#832=EDGE_LOOP('',(#2759,#2760,#2761,#2762));
#833=EDGE_LOOP('',(#2763));
#834=EDGE_LOOP('',(#2764));
#835=EDGE_LOOP('',(#2765));
#836=EDGE_LOOP('',(#2766));
#837=EDGE_LOOP('',(#2767));
#838=EDGE_LOOP('',(#2768));
#839=EDGE_LOOP('',(#2769));
#840=EDGE_LOOP('',(#2770));
#841=EDGE_LOOP('',(#2771));
#842=EDGE_LOOP('',(#2772));
#843=EDGE_LOOP('',(#2773));
#844=EDGE_LOOP('',(#2774));
#845=EDGE_LOOP('',(#2775,#2776,#2777,#2778));
#846=EDGE_LOOP('',(#2779));
#847=EDGE_LOOP('',(#2780));
#848=EDGE_LOOP('',(#2781));
#849=EDGE_LOOP('',(#2782));
#850=EDGE_LOOP('',(#2783,#2784,#2785,#2786));
#851=EDGE_LOOP('',(#2787,#2788,#2789,#2790));
#852=EDGE_LOOP('',(#2791));
#853=EDGE_LOOP('',(#2792));
#854=EDGE_LOOP('',(#2793));
#855=EDGE_LOOP('',(#2794));
#856=EDGE_LOOP('',(#2795,#2796,#2797,#2798));
#857=EDGE_LOOP('',(#2799));
#858=EDGE_LOOP('',(#2800));
#859=EDGE_LOOP('',(#2801));
#860=EDGE_LOOP('',(#2802));
#861=EDGE_LOOP('',(#2803));
#862=EDGE_LOOP('',(#2804));
#863=EDGE_LOOP('',(#2805));
#864=EDGE_LOOP('',(#2806));
#865=EDGE_LOOP('',(#2807));
#866=EDGE_LOOP('',(#2808));
#867=EDGE_LOOP('',(#2809));
#868=EDGE_LOOP('',(#2810));
#869=EDGE_LOOP('',(#2811,#2812,#2813,#2814));
#870=EDGE_LOOP('',(#2815,#2816,#2817,#2818));
#871=EDGE_LOOP('',(#2819,#2820,#2821,#2822));
#872=EDGE_LOOP('',(#2823,#2824,#2825,#2826));
#873=EDGE_LOOP('',(#2827,#2828,#2829,#2830));
#874=EDGE_LOOP('',(#2831,#2832,#2833,#2834));
#875=EDGE_LOOP('',(#2835,#2836,#2837,#2838));
#876=EDGE_LOOP('',(#2839,#2840,#2841,#2842));
#877=EDGE_LOOP('',(#2843,#2844,#2845,#2846));
#878=EDGE_LOOP('',(#2847,#2848,#2849,#2850));
#879=EDGE_LOOP('',(#2851,#2852,#2853,#2854));
#880=EDGE_LOOP('',(#2855,#2856,#2857,#2858));
#881=EDGE_LOOP('',(#2859,#2860,#2861,#2862));
#882=EDGE_LOOP('',(#2863,#2864,#2865,#2866));
#883=EDGE_LOOP('',(#2867,#2868,#2869,#2870));
#884=EDGE_LOOP('',(#2871,#2872,#2873,#2874));
#885=EDGE_LOOP('',(#2875,#2876,#2877,#2878));
#886=EDGE_LOOP('',(#2879,#2880,#2881,#2882));
#887=EDGE_LOOP('',(#2883,#2884,#2885,#2886));
#888=EDGE_LOOP('',(#2887,#2888,#2889,#2890));
#889=EDGE_LOOP('',(#2891,#2892,#2893,#2894));
#890=EDGE_LOOP('',(#2895,#2896,#2897,#2898));
#891=EDGE_LOOP('',(#2899,#2900,#2901,#2902));
#892=EDGE_LOOP('',(#2903,#2904,#2905,#2906));
#893=EDGE_LOOP('',(#2907,#2908,#2909,#2910));
#894=EDGE_LOOP('',(#2911,#2912,#2913,#2914));
#895=EDGE_LOOP('',(#2915,#2916,#2917,#2918));
#896=EDGE_LOOP('',(#2919,#2920,#2921,#2922));
#897=EDGE_LOOP('',(#2923,#2924,#2925,#2926));
#898=EDGE_LOOP('',(#2927,#2928,#2929,#2930));
#899=EDGE_LOOP('',(#2931,#2932,#2933,#2934));
#900=EDGE_LOOP('',(#2935,#2936,#2937,#2938));
#901=EDGE_LOOP('',(#2939,#2940,#2941,#2942));
#902=EDGE_LOOP('',(#2943,#2944,#2945,#2946));
#903=EDGE_LOOP('',(#2947,#2948,#2949,#2950));
#904=EDGE_LOOP('',(#2951,#2952,#2953,#2954));
#905=EDGE_LOOP('',(#2955,#2956,#2957,#2958));
#906=EDGE_LOOP('',(#2959,#2960,#2961,#2962));
#907=EDGE_LOOP('',(#2963,#2964,#2965,#2966));
#908=EDGE_LOOP('',(#2967,#2968,#2969,#2970));
#909=EDGE_LOOP('',(#2971,#2972,#2973,#2974));
#910=EDGE_LOOP('',(#2975,#2976,#2977,#2978));
#911=EDGE_LOOP('',(#2979,#2980,#2981,#2982));
#912=EDGE_LOOP('',(#2983,#2984,#2985,#2986));
#913=EDGE_LOOP('',(#2987,#2988,#2989,#2990));
#914=EDGE_LOOP('',(#2991,#2992,#2993,#2994));
#915=EDGE_LOOP('',(#2995,#2996,#2997,#2998));
#916=EDGE_LOOP('',(#2999,#3000,#3001,#3002));
#917=EDGE_LOOP('',(#3003,#3004,#3005,#3006));
#918=EDGE_LOOP('',(#3007));
#919=EDGE_LOOP('',(#3008));
#920=EDGE_LOOP('',(#3009));
#921=EDGE_LOOP('',(#3010));
#922=EDGE_LOOP('',(#3011));
#923=EDGE_LOOP('',(#3012));
#924=EDGE_LOOP('',(#3013));
#925=EDGE_LOOP('',(#3014));
#926=EDGE_LOOP('',(#3015));
#927=EDGE_LOOP('',(#3016));
#928=EDGE_LOOP('',(#3017));
#929=EDGE_LOOP('',(#3018));
#930=EDGE_LOOP('',(#3019,#3020,#3021,#3022));
#931=EDGE_LOOP('',(#3023));
#932=EDGE_LOOP('',(#3024));
#933=EDGE_LOOP('',(#3025));
#934=EDGE_LOOP('',(#3026));
#935=EDGE_LOOP('',(#3027,#3028,#3029,#3030));
#936=EDGE_LOOP('',(#3031));
#937=EDGE_LOOP('',(#3032));
#938=EDGE_LOOP('',(#3033));
#939=EDGE_LOOP('',(#3034));
#940=EDGE_LOOP('',(#3035));
#941=EDGE_LOOP('',(#3036));
#942=EDGE_LOOP('',(#3037));
#943=EDGE_LOOP('',(#3038));
#944=EDGE_LOOP('',(#3039));
#945=EDGE_LOOP('',(#3040));
#946=EDGE_LOOP('',(#3041));
#947=EDGE_LOOP('',(#3042));
#948=EDGE_LOOP('',(#3043,#3044,#3045,#3046));
#949=EDGE_LOOP('',(#3047));
#950=EDGE_LOOP('',(#3048));
#951=EDGE_LOOP('',(#3049));
#952=EDGE_LOOP('',(#3050));
#953=EDGE_LOOP('',(#3051,#3052,#3053,#3054));
#954=EDGE_LOOP('',(#3055));
#955=EDGE_LOOP('',(#3056));
#956=EDGE_LOOP('',(#3057));
#957=EDGE_LOOP('',(#3058));
#958=EDGE_LOOP('',(#3059));
#959=EDGE_LOOP('',(#3060));
#960=EDGE_LOOP('',(#3061));
#961=EDGE_LOOP('',(#3062));
#962=EDGE_LOOP('',(#3063));
#963=EDGE_LOOP('',(#3064));
#964=EDGE_LOOP('',(#3065));
#965=EDGE_LOOP('',(#3066));
#966=EDGE_LOOP('',(#3067,#3068,#3069,#3070));
#967=EDGE_LOOP('',(#3071));
#968=EDGE_LOOP('',(#3072));
#969=EDGE_LOOP('',(#3073));
#970=EDGE_LOOP('',(#3074));
#971=EDGE_LOOP('',(#3075,#3076,#3077,#3078));
#972=EDGE_LOOP('',(#3079));
#973=EDGE_LOOP('',(#3080));
#974=EDGE_LOOP('',(#3081));
#975=EDGE_LOOP('',(#3082));
#976=EDGE_LOOP('',(#3083));
#977=EDGE_LOOP('',(#3084));
#978=EDGE_LOOP('',(#3085));
#979=EDGE_LOOP('',(#3086));
#980=EDGE_LOOP('',(#3087));
#981=EDGE_LOOP('',(#3088));
#982=EDGE_LOOP('',(#3089));
#983=EDGE_LOOP('',(#3090));
#984=EDGE_LOOP('',(#3091,#3092,#3093,#3094));
#985=EDGE_LOOP('',(#3095));
#986=EDGE_LOOP('',(#3096));
#987=EDGE_LOOP('',(#3097));
#988=EDGE_LOOP('',(#3098));
#989=EDGE_LOOP('',(#3099,#3100,#3101,#3102));
#990=EDGE_LOOP('',(#3103,#3104,#3105,#3106));
#991=EDGE_LOOP('',(#3107,#3108,#3109,#3110));
#992=EDGE_LOOP('',(#3111,#3112,#3113,#3114));
#993=EDGE_LOOP('',(#3115,#3116,#3117,#3118));
#994=EDGE_LOOP('',(#3119,#3120,#3121,#3122));
#995=EDGE_LOOP('',(#3123,#3124,#3125,#3126));
#996=EDGE_LOOP('',(#3127,#3128,#3129,#3130));
#997=EDGE_LOOP('',(#3131,#3132,#3133,#3134));
#998=EDGE_LOOP('',(#3135,#3136,#3137,#3138));
#999=EDGE_LOOP('',(#3139,#3140,#3141,#3142));
#1000=EDGE_LOOP('',(#3143,#3144,#3145,#3146));
#1001=EDGE_LOOP('',(#3147,#3148,#3149,#3150));
#1002=EDGE_LOOP('',(#3151,#3152,#3153,#3154));
#1003=EDGE_LOOP('',(#3155,#3156,#3157,#3158));
#1004=EDGE_LOOP('',(#3159,#3160,#3161,#3162));
#1005=EDGE_LOOP('',(#3163,#3164,#3165,#3166));
#1006=EDGE_LOOP('',(#3167,#3168,#3169,#3170));
#1007=EDGE_LOOP('',(#3171,#3172,#3173,#3174));
#1008=EDGE_LOOP('',(#3175,#3176,#3177,#3178));
#1009=EDGE_LOOP('',(#3179,#3180,#3181,#3182));
#1010=EDGE_LOOP('',(#3183,#3184,#3185,#3186));
#1011=EDGE_LOOP('',(#3187,#3188,#3189,#3190));
#1012=EDGE_LOOP('',(#3191,#3192,#3193,#3194));
#1013=EDGE_LOOP('',(#3195,#3196,#3197,#3198));
#1014=EDGE_LOOP('',(#3199,#3200,#3201,#3202));
#1015=EDGE_LOOP('',(#3203,#3204,#3205,#3206));
#1016=EDGE_LOOP('',(#3207,#3208,#3209,#3210));
#1017=EDGE_LOOP('',(#3211,#3212,#3213,#3214));
#1018=EDGE_LOOP('',(#3215,#3216,#3217,#3218));
#1019=EDGE_LOOP('',(#3219,#3220,#3221,#3222));
#1020=EDGE_LOOP('',(#3223,#3224,#3225,#3226));
#1021=EDGE_LOOP('',(#3227,#3228,#3229,#3230));
#1022=EDGE_LOOP('',(#3231,#3232,#3233,#3234));
#1023=EDGE_LOOP('',(#3235,#3236,#3237,#3238));
#1024=EDGE_LOOP('',(#3239,#3240,#3241,#3242));
#1025=EDGE_LOOP('',(#3243,#3244,#3245,#3246));
#1026=EDGE_LOOP('',(#3247,#3248,#3249,#3250));
#1027=EDGE_LOOP('',(#3251,#3252,#3253,#3254));
#1028=EDGE_LOOP('',(#3255,#3256,#3257,#3258));
#1029=EDGE_LOOP('',(#3259,#3260,#3261,#3262));
#1030=EDGE_LOOP('',(#3263,#3264,#3265,#3266));
#1031=EDGE_LOOP('',(#3267,#3268,#3269,#3270));
#1032=EDGE_LOOP('',(#3271,#3272,#3273,#3274));
#1033=EDGE_LOOP('',(#3275,#3276,#3277,#3278));
#1034=EDGE_LOOP('',(#3279,#3280,#3281,#3282));
#1035=EDGE_LOOP('',(#3283,#3284,#3285,#3286));
#1036=EDGE_LOOP('',(#3287));
#1037=EDGE_LOOP('',(#3288));
#1038=EDGE_LOOP('',(#3289));
#1039=EDGE_LOOP('',(#3290));
#1040=EDGE_LOOP('',(#3291));
#1041=EDGE_LOOP('',(#3292));
#1042=EDGE_LOOP('',(#3293));
#1043=EDGE_LOOP('',(#3294));
#1044=EDGE_LOOP('',(#3295));
#1045=EDGE_LOOP('',(#3296));
#1046=EDGE_LOOP('',(#3297));
#1047=EDGE_LOOP('',(#3298));
#1048=EDGE_LOOP('',(#3299));
#1049=EDGE_LOOP('',(#3300));
#1050=EDGE_LOOP('',(#3301));
#1051=EDGE_LOOP('',(#3302,#3303,#3304,#3305));
#1052=EDGE_LOOP('',(#3306,#3307,#3308,#3309));
#1053=EDGE_LOOP('',(#3310));
#1054=EDGE_LOOP('',(#3311));
#1055=EDGE_LOOP('',(#3312));
#1056=EDGE_LOOP('',(#3313));
#1057=EDGE_LOOP('',(#3314));
#1058=EDGE_LOOP('',(#3315));
#1059=EDGE_LOOP('',(#3316));
#1060=EDGE_LOOP('',(#3317));
#1061=EDGE_LOOP('',(#3318));
#1062=EDGE_LOOP('',(#3319));
#1063=EDGE_LOOP('',(#3320));
#1064=EDGE_LOOP('',(#3321));
#1065=EDGE_LOOP('',(#3322));
#1066=EDGE_LOOP('',(#3323));
#1067=EDGE_LOOP('',(#3324));
#1068=EDGE_LOOP('',(#3325,#3326,#3327,#3328));
#1069=EDGE_LOOP('',(#3329,#3330,#3331,#3332));
#1070=EDGE_LOOP('',(#3333));
#1071=EDGE_LOOP('',(#3334));
#1072=EDGE_LOOP('',(#3335));
#1073=EDGE_LOOP('',(#3336));
#1074=EDGE_LOOP('',(#3337));
#1075=EDGE_LOOP('',(#3338));
#1076=EDGE_LOOP('',(#3339));
#1077=EDGE_LOOP('',(#3340));
#1078=EDGE_LOOP('',(#3341));
#1079=EDGE_LOOP('',(#3342));
#1080=EDGE_LOOP('',(#3343));
#1081=EDGE_LOOP('',(#3344));
#1082=EDGE_LOOP('',(#3345));
#1083=EDGE_LOOP('',(#3346));
#1084=EDGE_LOOP('',(#3347));
#1085=EDGE_LOOP('',(#3348,#3349,#3350,#3351));
#1086=EDGE_LOOP('',(#3352,#3353,#3354,#3355));
#1087=EDGE_LOOP('',(#3356));
#1088=EDGE_LOOP('',(#3357));
#1089=EDGE_LOOP('',(#3358));
#1090=EDGE_LOOP('',(#3359));
#1091=EDGE_LOOP('',(#3360));
#1092=EDGE_LOOP('',(#3361));
#1093=EDGE_LOOP('',(#3362));
#1094=EDGE_LOOP('',(#3363));
#1095=EDGE_LOOP('',(#3364));
#1096=EDGE_LOOP('',(#3365));
#1097=EDGE_LOOP('',(#3366));
#1098=EDGE_LOOP('',(#3367));
#1099=EDGE_LOOP('',(#3368));
#1100=EDGE_LOOP('',(#3369));
#1101=EDGE_LOOP('',(#3370));
#1102=EDGE_LOOP('',(#3371,#3372,#3373,#3374));
#1103=EDGE_LOOP('',(#3375,#3376,#3377,#3378));
#1104=EDGE_LOOP('',(#3379,#3380,#3381,#3382));
#1105=LINE('',#5025,#1375);
#1106=LINE('',#5027,#1376);
#1107=LINE('',#5029,#1377);
#1108=LINE('',#5030,#1378);
#1109=LINE('',#5034,#1379);
#1110=LINE('',#5036,#1380);
#1111=LINE('',#5038,#1381);
#1112=LINE('',#5039,#1382);
#1113=LINE('',#5041,#1383);
#1114=LINE('',#5042,#1384);
#1115=LINE('',#5044,#1385);
#1116=LINE('',#5045,#1386);
#1117=LINE('',#5049,#1387);
#1118=LINE('',#5051,#1388);
#1119=LINE('',#5053,#1389);
#1120=LINE('',#5054,#1390);
#1121=LINE('',#5057,#1391);
#1122=LINE('',#5059,#1392);
#1123=LINE('',#5060,#1393);
#1124=LINE('',#5063,#1394);
#1125=LINE('',#5065,#1395);
#1126=LINE('',#5066,#1396);
#1127=LINE('',#5068,#1397);
#1128=LINE('',#5069,#1398);
#1129=LINE('',#5074,#1399);
#1130=LINE('',#5080,#1400);
#1131=LINE('',#5086,#1401);
#1132=LINE('',#5092,#1402);
#1133=LINE('',#5098,#1403);
#1134=LINE('',#5104,#1404);
#1135=LINE('',#5110,#1405);
#1136=LINE('',#5116,#1406);
#1137=LINE('',#5122,#1407);
#1138=LINE('',#5128,#1408);
#1139=LINE('',#5134,#1409);
#1140=LINE('',#5140,#1410);
#1141=LINE('',#5146,#1411);
#1142=LINE('',#5152,#1412);
#1143=LINE('',#5158,#1413);
#1144=LINE('',#5164,#1414);
#1145=LINE('',#5170,#1415);
#1146=LINE('',#5176,#1416);
#1147=LINE('',#5182,#1417);
#1148=LINE('',#5188,#1418);
#1149=LINE('',#5193,#1419);
#1150=LINE('',#5195,#1420);
#1151=LINE('',#5197,#1421);
#1152=LINE('',#5198,#1422);
#1153=LINE('',#5201,#1423);
#1154=LINE('',#5203,#1424);
#1155=LINE('',#5205,#1425);
#1156=LINE('',#5206,#1426);
#1157=LINE('',#5210,#1427);
#1158=LINE('',#5212,#1428);
#1159=LINE('',#5214,#1429);
#1160=LINE('',#5215,#1430);
#1161=LINE('',#5219,#1431);
#1162=LINE('',#5220,#1432);
#1163=LINE('',#5221,#1433);
#1164=LINE('',#5231,#1434);
#1165=LINE('',#5233,#1435);
#1166=LINE('',#5234,#1436);
#1167=LINE('',#5238,#1437);
#1168=LINE('',#5239,#1438);
#1169=LINE('',#5240,#1439);
#1170=LINE('',#5242,#1440);
#1171=LINE('',#5244,#1441);
#1172=LINE('',#5248,#1442);
#1173=LINE('',#5250,#1443);
#1174=LINE('',#5252,#1444);
#1175=LINE('',#5253,#1445);
#1176=LINE('',#5256,#1446);
#1177=LINE('',#5258,#1447);
#1178=LINE('',#5259,#1448);
#1179=LINE('',#5262,#1449);
#1180=LINE('',#5264,#1450);
#1181=LINE('',#5265,#1451);
#1182=LINE('',#5267,#1452);
#1183=LINE('',#5268,#1453);
#1184=LINE('',#5273,#1454);
#1185=LINE('',#5279,#1455);
#1186=LINE('',#5285,#1456);
#1187=LINE('',#5291,#1457);
#1188=LINE('',#5297,#1458);
#1189=LINE('',#5303,#1459);
#1190=LINE('',#5309,#1460);
#1191=LINE('',#5315,#1461);
#1192=LINE('',#5321,#1462);
#1193=LINE('',#5327,#1463);
#1194=LINE('',#5333,#1464);
#1195=LINE('',#5339,#1465);
#1196=LINE('',#5345,#1466);
#1197=LINE('',#5349,#1467);
#1198=LINE('',#5355,#1468);
#1199=LINE('',#5359,#1469);
#1200=LINE('',#5365,#1470);
#1201=LINE('',#5369,#1471);
#1202=LINE('',#5375,#1472);
#1203=LINE('',#5379,#1473);
#1204=LINE('',#5383,#1474);
#1205=LINE('',#5385,#1475);
#1206=LINE('',#5386,#1476);
#1207=LINE('',#5389,#1477);
#1208=LINE('',#5390,#1478);
#1209=LINE('',#5393,#1479);
#1210=LINE('',#5394,#1480);
#1211=LINE('',#5396,#1481);
#1212=LINE('',#5399,#1482);
#1213=LINE('',#5400,#1483);
#1214=LINE('',#5403,#1484);
#1215=LINE('',#5404,#1485);
#1216=LINE('',#5406,#1486);
#1217=LINE('',#5412,#1487);
#1218=LINE('',#5418,#1488);
#1219=LINE('',#5424,#1489);
#1220=LINE('',#5430,#1490);
#1221=LINE('',#5436,#1491);
#1222=LINE('',#5442,#1492);
#1223=LINE('',#5448,#1493);
#1224=LINE('',#5454,#1494);
#1225=LINE('',#5460,#1495);
#1226=LINE('',#5466,#1496);
#1227=LINE('',#5472,#1497);
#1228=LINE('',#5478,#1498);
#1229=LINE('',#5484,#1499);
#1230=LINE('',#5490,#1500);
#1231=LINE('',#5496,#1501);
#1232=LINE('',#5502,#1502);
#1233=LINE('',#5507,#1503);
#1234=LINE('',#5509,#1504);
#1235=LINE('',#5511,#1505);
#1236=LINE('',#5512,#1506);
#1237=LINE('',#5515,#1507);
#1238=LINE('',#5517,#1508);
#1239=LINE('',#5518,#1509);
#1240=LINE('',#5521,#1510);
#1241=LINE('',#5523,#1511);
#1242=LINE('',#5524,#1512);
#1243=LINE('',#5526,#1513);
#1244=LINE('',#5527,#1514);
#1245=LINE('',#5531,#1515);
#1246=LINE('',#5533,#1516);
#1247=LINE('',#5535,#1517);
#1248=LINE('',#5536,#1518);
#1249=LINE('',#5540,#1519);
#1250=LINE('',#5542,#1520);
#1251=LINE('',#5544,#1521);
#1252=LINE('',#5545,#1522);
#1253=LINE('',#5550,#1523);
#1254=LINE('',#5556,#1524);
#1255=LINE('',#5562,#1525);
#1256=LINE('',#5568,#1526);
#1257=LINE('',#5574,#1527);
#1258=LINE('',#5580,#1528);
#1259=LINE('',#5586,#1529);
#1260=LINE('',#5592,#1530);
#1261=LINE('',#5598,#1531);
#1262=LINE('',#5604,#1532);
#1263=LINE('',#5610,#1533);
#1264=LINE('',#5616,#1534);
#1265=LINE('',#5622,#1535);
#1266=LINE('',#5628,#1536);
#1267=LINE('',#5634,#1537);
#1268=LINE('',#5640,#1538);
#1269=LINE('',#5645,#1539);
#1270=LINE('',#5647,#1540);
#1271=LINE('',#5649,#1541);
#1272=LINE('',#5650,#1542);
#1273=LINE('',#5653,#1543);
#1274=LINE('',#5655,#1544);
#1275=LINE('',#5656,#1545);
#1276=LINE('',#5659,#1546);
#1277=LINE('',#5661,#1547);
#1278=LINE('',#5662,#1548);
#1279=LINE('',#5664,#1549);
#1280=LINE('',#5665,#1550);
#1281=LINE('',#5669,#1551);
#1282=LINE('',#5671,#1552);
#1283=LINE('',#5673,#1553);
#1284=LINE('',#5674,#1554);
#1285=LINE('',#5676,#1555);
#1286=LINE('',#5677,#1556);
#1287=LINE('',#5679,#1557);
#1288=LINE('',#5681,#1558);
#1289=LINE('',#5686,#1559);
#1290=LINE('',#5687,#1560);
#1291=LINE('',#5688,#1561);
#1292=LINE('',#5691,#1562);
#1293=LINE('',#5692,#1563);
#1294=LINE('',#5695,#1564);
#1295=LINE('',#5696,#1565);
#1296=LINE('',#5698,#1566);
#1297=LINE('',#5704,#1567);
#1298=LINE('',#5710,#1568);
#1299=LINE('',#5716,#1569);
#1300=LINE('',#5722,#1570);
#1301=LINE('',#5728,#1571);
#1302=LINE('',#5734,#1572);
#1303=LINE('',#5740,#1573);
#1304=LINE('',#5746,#1574);
#1305=LINE('',#5752,#1575);
#1306=LINE('',#5758,#1576);
#1307=LINE('',#5764,#1577);
#1308=LINE('',#5770,#1578);
#1309=LINE('',#5776,#1579);
#1310=LINE('',#5782,#1580);
#1311=LINE('',#5788,#1581);
#1312=LINE('',#5794,#1582);
#1313=LINE('',#5800,#1583);
#1314=LINE('',#5806,#1584);
#1315=LINE('',#5811,#1585);
#1316=LINE('',#5813,#1586);
#1317=LINE('',#5815,#1587);
#1318=LINE('',#5816,#1588);
#1319=LINE('',#5819,#1589);
#1320=LINE('',#5821,#1590);
#1321=LINE('',#5822,#1591);
#1322=LINE('',#5825,#1592);
#1323=LINE('',#5827,#1593);
#1324=LINE('',#5828,#1594);
#1325=LINE('',#5830,#1595);
#1326=LINE('',#5831,#1596);
#1327=LINE('',#5835,#1597);
#1328=LINE('',#5837,#1598);
#1329=LINE('',#5839,#1599);
#1330=LINE('',#5840,#1600);
#1331=LINE('',#5844,#1601);
#1332=LINE('',#5846,#1602);
#1333=LINE('',#5848,#1603);
#1334=LINE('',#5849,#1604);
#1335=LINE('',#5854,#1605);
#1336=LINE('',#5860,#1606);
#1337=LINE('',#5866,#1607);
#1338=LINE('',#5872,#1608);
#1339=LINE('',#5878,#1609);
#1340=LINE('',#5884,#1610);
#1341=LINE('',#5890,#1611);
#1342=LINE('',#5896,#1612);
#1343=LINE('',#5902,#1613);
#1344=LINE('',#5908,#1614);
#1345=LINE('',#5914,#1615);
#1346=LINE('',#5920,#1616);
#1347=LINE('',#5925,#1617);
#1348=LINE('',#5927,#1618);
#1349=LINE('',#5929,#1619);
#1350=LINE('',#5930,#1620);
#1351=LINE('',#5933,#1621);
#1352=LINE('',#5935,#1622);
#1353=LINE('',#5936,#1623);
#1354=LINE('',#5939,#1624);
#1355=LINE('',#5941,#1625);
#1356=LINE('',#5942,#1626);
#1357=LINE('',#5944,#1627);
#1358=LINE('',#5945,#1628);
#1359=LINE('',#5949,#1629);
#1360=LINE('',#5951,#1630);
#1361=LINE('',#5953,#1631);
#1362=LINE('',#5954,#1632);
#1363=LINE('',#5956,#1633);
#1364=LINE('',#5957,#1634);
#1365=LINE('',#5959,#1635);
#1366=LINE('',#5961,#1636);
#1367=LINE('',#5966,#1637);
#1368=LINE('',#5967,#1638);
#1369=LINE('',#5968,#1639);
#1370=LINE('',#5971,#1640);
#1371=LINE('',#5972,#1641);
#1372=LINE('',#5975,#1642);
#1373=LINE('',#5976,#1643);
#1374=LINE('',#5978,#1644);
#1375=VECTOR('',#4009,10.);
#1376=VECTOR('',#4010,10.);
#1377=VECTOR('',#4011,10.);
#1378=VECTOR('',#4012,10.);
#1379=VECTOR('',#4015,10.);
#1380=VECTOR('',#4016,10.);
#1381=VECTOR('',#4017,10.);
#1382=VECTOR('',#4018,10.);
#1383=VECTOR('',#4021,10.);
#1384=VECTOR('',#4022,10.);
#1385=VECTOR('',#4025,10.);
#1386=VECTOR('',#4026,10.);
#1387=VECTOR('',#4029,10.);
#1388=VECTOR('',#4030,10.);
#1389=VECTOR('',#4031,10.);
#1390=VECTOR('',#4032,10.);
#1391=VECTOR('',#4035,10.);
#1392=VECTOR('',#4036,10.);
#1393=VECTOR('',#4037,10.);
#1394=VECTOR('',#4040,10.);
#1395=VECTOR('',#4041,10.);
#1396=VECTOR('',#4042,10.);
#1397=VECTOR('',#4045,10.);
#1398=VECTOR('',#4046,10.);
#1399=VECTOR('',#4051,1.50000000000001);
#1400=VECTOR('',#4058,1.50000000000001);
#1401=VECTOR('',#4065,1.5);
#1402=VECTOR('',#4072,1.5);
#1403=VECTOR('',#4079,1.50000000000001);
#1404=VECTOR('',#4086,1.50000000000001);
#1405=VECTOR('',#4093,1.50000000000001);
#1406=VECTOR('',#4100,1.50000000000001);
#1407=VECTOR('',#4107,1.50000000000001);
#1408=VECTOR('',#4114,1.50000000000001);
#1409=VECTOR('',#4121,1.5);
#1410=VECTOR('',#4128,1.5);
#1411=VECTOR('',#4135,1.49999999999995);
#1412=VECTOR('',#4142,1.49999999999995);
#1413=VECTOR('',#4149,1.49999999999995);
#1414=VECTOR('',#4156,1.49999999999995);
#1415=VECTOR('',#4163,1.49999999999999);
#1416=VECTOR('',#4170,1.49999999999999);
#1417=VECTOR('',#4177,1.49999999999999);
#1418=VECTOR('',#4184,1.49999999999999);
#1419=VECTOR('',#4189,10.);
#1420=VECTOR('',#4190,10.);
#1421=VECTOR('',#4191,10.);
#1422=VECTOR('',#4192,10.);
#1423=VECTOR('',#4193,10.);
#1424=VECTOR('',#4194,10.);
#1425=VECTOR('',#4195,10.);
#1426=VECTOR('',#4196,10.);
#1427=VECTOR('',#4199,10.);
#1428=VECTOR('',#4200,10.);
#1429=VECTOR('',#4201,10.);
#1430=VECTOR('',#4202,10.);
#1431=VECTOR('',#4205,10.);
#1432=VECTOR('',#4206,10.);
#1433=VECTOR('',#4207,10.);
#1434=VECTOR('',#4216,10.);
#1435=VECTOR('',#4217,10.);
#1436=VECTOR('',#4218,10.);
#1437=VECTOR('',#4221,10.);
#1438=VECTOR('',#4222,10.);
#1439=VECTOR('',#4223,10.);
#1440=VECTOR('',#4226,10.);
#1441=VECTOR('',#4229,10.);
#1442=VECTOR('',#4232,10.);
#1443=VECTOR('',#4233,10.);
#1444=VECTOR('',#4234,10.);
#1445=VECTOR('',#4235,10.);
#1446=VECTOR('',#4238,10.);
#1447=VECTOR('',#4239,10.);
#1448=VECTOR('',#4240,10.);
#1449=VECTOR('',#4243,10.);
#1450=VECTOR('',#4244,10.);
#1451=VECTOR('',#4245,10.);
#1452=VECTOR('',#4248,10.);
#1453=VECTOR('',#4249,10.);
#1454=VECTOR('',#4254,1.50000000000001);
#1455=VECTOR('',#4261,1.50000000000001);
#1456=VECTOR('',#4268,1.5);
#1457=VECTOR('',#4275,1.5);
#1458=VECTOR('',#4282,1.50000000000001);
#1459=VECTOR('',#4289,1.50000000000001);
#1460=VECTOR('',#4296,1.50000000000001);
#1461=VECTOR('',#4303,1.50000000000001);
#1462=VECTOR('',#4310,1.50000000000001);
#1463=VECTOR('',#4317,1.50000000000001);
#1464=VECTOR('',#4324,1.5);
#1465=VECTOR('',#4331,1.5);
#1466=VECTOR('',#4338,1.49999999999995);
#1467=VECTOR('',#4343,1.49999999999995);
#1468=VECTOR('',#4350,1.49999999999995);
#1469=VECTOR('',#4355,1.49999999999995);
#1470=VECTOR('',#4362,1.49999999999999);
#1471=VECTOR('',#4367,1.49999999999999);
#1472=VECTOR('',#4374,1.49999999999999);
#1473=VECTOR('',#4379,1.49999999999999);
#1474=VECTOR('',#4384,10.);
#1475=VECTOR('',#4385,10.);
#1476=VECTOR('',#4386,10.);
#1477=VECTOR('',#4389,10.);
#1478=VECTOR('',#4390,10.);
#1479=VECTOR('',#4393,10.);
#1480=VECTOR('',#4394,10.);
#1481=VECTOR('',#4397,10.);
#1482=VECTOR('',#4400,10.);
#1483=VECTOR('',#4401,10.);
#1484=VECTOR('',#4404,10.);
#1485=VECTOR('',#4405,10.);
#1486=VECTOR('',#4408,10.);
#1487=VECTOR('',#4415,1.65);
#1488=VECTOR('',#4422,1.65);
#1489=VECTOR('',#4429,1.65);
#1490=VECTOR('',#4436,1.65);
#1491=VECTOR('',#4443,1.49999999999995);
#1492=VECTOR('',#4450,1.49999999999995);
#1493=VECTOR('',#4457,1.49999999999995);
#1494=VECTOR('',#4464,1.49999999999995);
#1495=VECTOR('',#4471,1.5);
#1496=VECTOR('',#4478,1.5);
#1497=VECTOR('',#4485,1.49999999999995);
#1498=VECTOR('',#4492,1.49999999999995);
#1499=VECTOR('',#4499,1.5);
#1500=VECTOR('',#4506,1.5);
#1501=VECTOR('',#4513,1.49999999999995);
#1502=VECTOR('',#4520,1.49999999999995);
#1503=VECTOR('',#4525,10.);
#1504=VECTOR('',#4526,10.);
#1505=VECTOR('',#4527,10.);
#1506=VECTOR('',#4528,10.);
#1507=VECTOR('',#4531,10.);
#1508=VECTOR('',#4532,10.);
#1509=VECTOR('',#4533,10.);
#1510=VECTOR('',#4536,10.);
#1511=VECTOR('',#4537,10.);
#1512=VECTOR('',#4538,10.);
#1513=VECTOR('',#4541,10.);
#1514=VECTOR('',#4542,10.);
#1515=VECTOR('',#4545,10.);
#1516=VECTOR('',#4546,10.);
#1517=VECTOR('',#4547,10.);
#1518=VECTOR('',#4548,10.);
#1519=VECTOR('',#4551,10.);
#1520=VECTOR('',#4552,10.);
#1521=VECTOR('',#4553,10.);
#1522=VECTOR('',#4554,10.);
#1523=VECTOR('',#4559,1.65);
#1524=VECTOR('',#4566,1.65);
#1525=VECTOR('',#4573,1.65);
#1526=VECTOR('',#4580,1.65);
#1527=VECTOR('',#4587,1.49999999999995);
#1528=VECTOR('',#4594,1.49999999999995);
#1529=VECTOR('',#4601,1.49999999999995);
#1530=VECTOR('',#4608,1.49999999999995);
#1531=VECTOR('',#4615,1.5);
#1532=VECTOR('',#4622,1.5);
#1533=VECTOR('',#4629,1.49999999999995);
#1534=VECTOR('',#4636,1.49999999999995);
#1535=VECTOR('',#4643,1.5);
#1536=VECTOR('',#4650,1.5);
#1537=VECTOR('',#4657,1.49999999999995);
#1538=VECTOR('',#4664,1.49999999999995);
#1539=VECTOR('',#4669,10.);
#1540=VECTOR('',#4670,10.);
#1541=VECTOR('',#4671,10.);
#1542=VECTOR('',#4672,10.);
#1543=VECTOR('',#4675,10.);
#1544=VECTOR('',#4676,10.);
#1545=VECTOR('',#4677,10.);
#1546=VECTOR('',#4680,10.);
#1547=VECTOR('',#4681,10.);
#1548=VECTOR('',#4682,10.);
#1549=VECTOR('',#4685,10.);
#1550=VECTOR('',#4686,10.);
#1551=VECTOR('',#4689,10.);
#1552=VECTOR('',#4690,10.);
#1553=VECTOR('',#4691,10.);
#1554=VECTOR('',#4692,10.);
#1555=VECTOR('',#4695,10.);
#1556=VECTOR('',#4696,10.);
#1557=VECTOR('',#4699,10.);
#1558=VECTOR('',#4702,10.);
#1559=VECTOR('',#4707,10.);
#1560=VECTOR('',#4708,10.);
#1561=VECTOR('',#4709,10.);
#1562=VECTOR('',#4712,10.);
#1563=VECTOR('',#4713,10.);
#1564=VECTOR('',#4716,10.);
#1565=VECTOR('',#4717,10.);
#1566=VECTOR('',#4720,10.);
#1567=VECTOR('',#4727,1.49999999999999);
#1568=VECTOR('',#4734,1.49999999999999);
#1569=VECTOR('',#4741,1.49999999999999);
#1570=VECTOR('',#4748,1.49999999999999);
#1571=VECTOR('',#4755,1.49999999999999);
#1572=VECTOR('',#4762,1.49999999999999);
#1573=VECTOR('',#4769,1.49999999999995);
#1574=VECTOR('',#4776,1.49999999999995);
#1575=VECTOR('',#4783,1.5);
#1576=VECTOR('',#4790,1.5);
#1577=VECTOR('',#4797,1.49999999999995);
#1578=VECTOR('',#4804,1.49999999999995);
#1579=VECTOR('',#4811,1.5);
#1580=VECTOR('',#4818,1.5);
#1581=VECTOR('',#4825,1.49999999999995);
#1582=VECTOR('',#4832,1.49999999999995);
#1583=VECTOR('',#4839,1.49999999999995);
#1584=VECTOR('',#4846,1.49999999999995);
#1585=VECTOR('',#4851,10.);
#1586=VECTOR('',#4852,10.);
#1587=VECTOR('',#4853,10.);
#1588=VECTOR('',#4854,10.);
#1589=VECTOR('',#4857,10.);
#1590=VECTOR('',#4858,10.);
#1591=VECTOR('',#4859,10.);
#1592=VECTOR('',#4862,10.);
#1593=VECTOR('',#4863,10.);
#1594=VECTOR('',#4864,10.);
#1595=VECTOR('',#4867,10.);
#1596=VECTOR('',#4868,10.);
#1597=VECTOR('',#4871,10.);
#1598=VECTOR('',#4872,10.);
#1599=VECTOR('',#4873,10.);
#1600=VECTOR('',#4874,10.);
#1601=VECTOR('',#4877,10.);
#1602=VECTOR('',#4878,10.);
#1603=VECTOR('',#4879,10.);
#1604=VECTOR('',#4880,10.);
#1605=VECTOR('',#4885,1.49999999999995);
#1606=VECTOR('',#4892,1.49999999999995);
#1607=VECTOR('',#4899,1.5);
#1608=VECTOR('',#4906,1.5);
#1609=VECTOR('',#4913,1.49999999999995);
#1610=VECTOR('',#4920,1.49999999999995);
#1611=VECTOR('',#4927,1.5);
#1612=VECTOR('',#4934,1.5);
#1613=VECTOR('',#4941,1.49999999999995);
#1614=VECTOR('',#4948,1.49999999999995);
#1615=VECTOR('',#4955,1.49999999999995);
#1616=VECTOR('',#4962,1.49999999999995);
#1617=VECTOR('',#4967,10.);
#1618=VECTOR('',#4968,10.);
#1619=VECTOR('',#4969,10.);
#1620=VECTOR('',#4970,10.);
#1621=VECTOR('',#4973,10.);
#1622=VECTOR('',#4974,10.);
#1623=VECTOR('',#4975,10.);
#1624=VECTOR('',#4978,10.);
#1625=VECTOR('',#4979,10.);
#1626=VECTOR('',#4980,10.);
#1627=VECTOR('',#4983,10.);
#1628=VECTOR('',#4984,10.);
#1629=VECTOR('',#4987,10.);
#1630=VECTOR('',#4988,10.);
#1631=VECTOR('',#4989,10.);
#1632=VECTOR('',#4990,10.);
#1633=VECTOR('',#4993,10.);
#1634=VECTOR('',#4994,10.);
#1635=VECTOR('',#4997,10.);
#1636=VECTOR('',#5000,10.);
#1637=VECTOR('',#5005,10.);
#1638=VECTOR('',#5006,10.);
#1639=VECTOR('',#5007,10.);
#1640=VECTOR('',#5010,10.);
#1641=VECTOR('',#5011,10.);
#1642=VECTOR('',#5014,10.);
#1643=VECTOR('',#5015,10.);
#1644=VECTOR('',#5018,10.);
#1645=VERTEX_POINT('',#5023);
#1646=VERTEX_POINT('',#5024);
#1647=VERTEX_POINT('',#5026);
#1648=VERTEX_POINT('',#5028);
#1649=VERTEX_POINT('',#5032);
#1650=VERTEX_POINT('',#5033);
#1651=VERTEX_POINT('',#5035);
#1652=VERTEX_POINT('',#5037);
#1653=VERTEX_POINT('',#5047);
#1654=VERTEX_POINT('',#5048);
#1655=VERTEX_POINT('',#5050);
#1656=VERTEX_POINT('',#5052);
#1657=VERTEX_POINT('',#5056);
#1658=VERTEX_POINT('',#5058);
#1659=VERTEX_POINT('',#5062);
#1660=VERTEX_POINT('',#5064);
#1661=VERTEX_POINT('',#5071);
#1662=VERTEX_POINT('',#5073);
#1663=VERTEX_POINT('',#5077);
#1664=VERTEX_POINT('',#5079);
#1665=VERTEX_POINT('',#5083);
#1666=VERTEX_POINT('',#5085);
#1667=VERTEX_POINT('',#5089);
#1668=VERTEX_POINT('',#5091);
#1669=VERTEX_POINT('',#5095);
#1670=VERTEX_POINT('',#5097);
#1671=VERTEX_POINT('',#5101);
#1672=VERTEX_POINT('',#5103);
#1673=VERTEX_POINT('',#5107);
#1674=VERTEX_POINT('',#5109);
#1675=VERTEX_POINT('',#5113);
#1676=VERTEX_POINT('',#5115);
#1677=VERTEX_POINT('',#5119);
#1678=VERTEX_POINT('',#5121);
#1679=VERTEX_POINT('',#5125);
#1680=VERTEX_POINT('',#5127);
#1681=VERTEX_POINT('',#5131);
#1682=VERTEX_POINT('',#5133);
#1683=VERTEX_POINT('',#5137);
#1684=VERTEX_POINT('',#5139);
#1685=VERTEX_POINT('',#5143);
#1686=VERTEX_POINT('',#5145);
#1687=VERTEX_POINT('',#5149);
#1688=VERTEX_POINT('',#5151);
#1689=VERTEX_POINT('',#5155);
#1690=VERTEX_POINT('',#5157);
#1691=VERTEX_POINT('',#5161);
#1692=VERTEX_POINT('',#5163);
#1693=VERTEX_POINT('',#5167);
#1694=VERTEX_POINT('',#5169);
#1695=VERTEX_POINT('',#5173);
#1696=VERTEX_POINT('',#5175);
#1697=VERTEX_POINT('',#5179);
#1698=VERTEX_POINT('',#5181);
#1699=VERTEX_POINT('',#5185);
#1700=VERTEX_POINT('',#5187);
#1701=VERTEX_POINT('',#5191);
#1702=VERTEX_POINT('',#5192);
#1703=VERTEX_POINT('',#5194);
#1704=VERTEX_POINT('',#5196);
#1705=VERTEX_POINT('',#5199);
#1706=VERTEX_POINT('',#5200);
#1707=VERTEX_POINT('',#5202);
#1708=VERTEX_POINT('',#5204);
#1709=VERTEX_POINT('',#5208);
#1710=VERTEX_POINT('',#5209);
#1711=VERTEX_POINT('',#5211);
#1712=VERTEX_POINT('',#5213);
#1713=VERTEX_POINT('',#5217);
#1714=VERTEX_POINT('',#5218);
#1715=VERTEX_POINT('',#5222);
#1716=VERTEX_POINT('',#5224);
#1717=VERTEX_POINT('',#5226);
#1718=VERTEX_POINT('',#5228);
#1719=VERTEX_POINT('',#5230);
#1720=VERTEX_POINT('',#5232);
#1721=VERTEX_POINT('',#5236);
#1722=VERTEX_POINT('',#5237);
#1723=VERTEX_POINT('',#5246);
#1724=VERTEX_POINT('',#5247);
#1725=VERTEX_POINT('',#5249);
#1726=VERTEX_POINT('',#5251);
#1727=VERTEX_POINT('',#5255);
#1728=VERTEX_POINT('',#5257);
#1729=VERTEX_POINT('',#5261);
#1730=VERTEX_POINT('',#5263);
#1731=VERTEX_POINT('',#5270);
#1732=VERTEX_POINT('',#5272);
#1733=VERTEX_POINT('',#5276);
#1734=VERTEX_POINT('',#5278);
#1735=VERTEX_POINT('',#5282);
#1736=VERTEX_POINT('',#5284);
#1737=VERTEX_POINT('',#5288);
#1738=VERTEX_POINT('',#5290);
#1739=VERTEX_POINT('',#5294);
#1740=VERTEX_POINT('',#5296);
#1741=VERTEX_POINT('',#5300);
#1742=VERTEX_POINT('',#5302);
#1743=VERTEX_POINT('',#5306);
#1744=VERTEX_POINT('',#5308);
#1745=VERTEX_POINT('',#5312);
#1746=VERTEX_POINT('',#5314);
#1747=VERTEX_POINT('',#5318);
#1748=VERTEX_POINT('',#5320);
#1749=VERTEX_POINT('',#5324);
#1750=VERTEX_POINT('',#5326);
#1751=VERTEX_POINT('',#5330);
#1752=VERTEX_POINT('',#5332);
#1753=VERTEX_POINT('',#5336);
#1754=VERTEX_POINT('',#5338);
#1755=VERTEX_POINT('',#5342);
#1756=VERTEX_POINT('',#5344);
#1757=VERTEX_POINT('',#5348);
#1758=VERTEX_POINT('',#5352);
#1759=VERTEX_POINT('',#5354);
#1760=VERTEX_POINT('',#5358);
#1761=VERTEX_POINT('',#5362);
#1762=VERTEX_POINT('',#5364);
#1763=VERTEX_POINT('',#5368);
#1764=VERTEX_POINT('',#5372);
#1765=VERTEX_POINT('',#5374);
#1766=VERTEX_POINT('',#5378);
#1767=VERTEX_POINT('',#5382);
#1768=VERTEX_POINT('',#5384);
#1769=VERTEX_POINT('',#5388);
#1770=VERTEX_POINT('',#5392);
#1771=VERTEX_POINT('',#5398);
#1772=VERTEX_POINT('',#5402);
#1773=VERTEX_POINT('',#5409);
#1774=VERTEX_POINT('',#5411);
#1775=VERTEX_POINT('',#5415);
#1776=VERTEX_POINT('',#5417);
#1777=VERTEX_POINT('',#5421);
#1778=VERTEX_POINT('',#5423);
#1779=VERTEX_POINT('',#5427);
#1780=VERTEX_POINT('',#5429);
#1781=VERTEX_POINT('',#5433);
#1782=VERTEX_POINT('',#5435);
#1783=VERTEX_POINT('',#5439);
#1784=VERTEX_POINT('',#5441);
#1785=VERTEX_POINT('',#5445);
#1786=VERTEX_POINT('',#5447);
#1787=VERTEX_POINT('',#5451);
#1788=VERTEX_POINT('',#5453);
#1789=VERTEX_POINT('',#5457);
#1790=VERTEX_POINT('',#5459);
#1791=VERTEX_POINT('',#5463);
#1792=VERTEX_POINT('',#5465);
#1793=VERTEX_POINT('',#5469);
#1794=VERTEX_POINT('',#5471);
#1795=VERTEX_POINT('',#5475);
#1796=VERTEX_POINT('',#5477);
#1797=VERTEX_POINT('',#5481);
#1798=VERTEX_POINT('',#5483);
#1799=VERTEX_POINT('',#5487);
#1800=VERTEX_POINT('',#5489);
#1801=VERTEX_POINT('',#5493);
#1802=VERTEX_POINT('',#5495);
#1803=VERTEX_POINT('',#5499);
#1804=VERTEX_POINT('',#5501);
#1805=VERTEX_POINT('',#5505);
#1806=VERTEX_POINT('',#5506);
#1807=VERTEX_POINT('',#5508);
#1808=VERTEX_POINT('',#5510);
#1809=VERTEX_POINT('',#5514);
#1810=VERTEX_POINT('',#5516);
#1811=VERTEX_POINT('',#5520);
#1812=VERTEX_POINT('',#5522);
#1813=VERTEX_POINT('',#5529);
#1814=VERTEX_POINT('',#5530);
#1815=VERTEX_POINT('',#5532);
#1816=VERTEX_POINT('',#5534);
#1817=VERTEX_POINT('',#5538);
#1818=VERTEX_POINT('',#5539);
#1819=VERTEX_POINT('',#5541);
#1820=VERTEX_POINT('',#5543);
#1821=VERTEX_POINT('',#5547);
#1822=VERTEX_POINT('',#5549);
#1823=VERTEX_POINT('',#5553);
#1824=VERTEX_POINT('',#5555);
#1825=VERTEX_POINT('',#5559);
#1826=VERTEX_POINT('',#5561);
#1827=VERTEX_POINT('',#5565);
#1828=VERTEX_POINT('',#5567);
#1829=VERTEX_POINT('',#5571);
#1830=VERTEX_POINT('',#5573);
#1831=VERTEX_POINT('',#5577);
#1832=VERTEX_POINT('',#5579);
#1833=VERTEX_POINT('',#5583);
#1834=VERTEX_POINT('',#5585);
#1835=VERTEX_POINT('',#5589);
#1836=VERTEX_POINT('',#5591);
#1837=VERTEX_POINT('',#5595);
#1838=VERTEX_POINT('',#5597);
#1839=VERTEX_POINT('',#5601);
#1840=VERTEX_POINT('',#5603);
#1841=VERTEX_POINT('',#5607);
#1842=VERTEX_POINT('',#5609);
#1843=VERTEX_POINT('',#5613);
#1844=VERTEX_POINT('',#5615);
#1845=VERTEX_POINT('',#5619);
#1846=VERTEX_POINT('',#5621);
#1847=VERTEX_POINT('',#5625);
#1848=VERTEX_POINT('',#5627);
#1849=VERTEX_POINT('',#5631);
#1850=VERTEX_POINT('',#5633);
#1851=VERTEX_POINT('',#5637);
#1852=VERTEX_POINT('',#5639);
#1853=VERTEX_POINT('',#5643);
#1854=VERTEX_POINT('',#5644);
#1855=VERTEX_POINT('',#5646);
#1856=VERTEX_POINT('',#5648);
#1857=VERTEX_POINT('',#5652);
#1858=VERTEX_POINT('',#5654);
#1859=VERTEX_POINT('',#5658);
#1860=VERTEX_POINT('',#5660);
#1861=VERTEX_POINT('',#5667);
#1862=VERTEX_POINT('',#5668);
#1863=VERTEX_POINT('',#5670);
#1864=VERTEX_POINT('',#5672);
#1865=VERTEX_POINT('',#5684);
#1866=VERTEX_POINT('',#5685);
#1867=VERTEX_POINT('',#5690);
#1868=VERTEX_POINT('',#5694);
#1869=VERTEX_POINT('',#5701);
#1870=VERTEX_POINT('',#5703);
#1871=VERTEX_POINT('',#5707);
#1872=VERTEX_POINT('',#5709);
#1873=VERTEX_POINT('',#5713);
#1874=VERTEX_POINT('',#5715);
#1875=VERTEX_POINT('',#5719);
#1876=VERTEX_POINT('',#5721);
#1877=VERTEX_POINT('',#5725);
#1878=VERTEX_POINT('',#5727);
#1879=VERTEX_POINT('',#5731);
#1880=VERTEX_POINT('',#5733);
#1881=VERTEX_POINT('',#5737);
#1882=VERTEX_POINT('',#5739);
#1883=VERTEX_POINT('',#5743);
#1884=VERTEX_POINT('',#5745);
#1885=VERTEX_POINT('',#5749);
#1886=VERTEX_POINT('',#5751);
#1887=VERTEX_POINT('',#5755);
#1888=VERTEX_POINT('',#5757);
#1889=VERTEX_POINT('',#5761);
#1890=VERTEX_POINT('',#5763);
#1891=VERTEX_POINT('',#5767);
#1892=VERTEX_POINT('',#5769);
#1893=VERTEX_POINT('',#5773);
#1894=VERTEX_POINT('',#5775);
#1895=VERTEX_POINT('',#5779);
#1896=VERTEX_POINT('',#5781);
#1897=VERTEX_POINT('',#5785);
#1898=VERTEX_POINT('',#5787);
#1899=VERTEX_POINT('',#5791);
#1900=VERTEX_POINT('',#5793);
#1901=VERTEX_POINT('',#5797);
#1902=VERTEX_POINT('',#5799);
#1903=VERTEX_POINT('',#5803);
#1904=VERTEX_POINT('',#5805);
#1905=VERTEX_POINT('',#5809);
#1906=VERTEX_POINT('',#5810);
#1907=VERTEX_POINT('',#5812);
#1908=VERTEX_POINT('',#5814);
#1909=VERTEX_POINT('',#5818);
#1910=VERTEX_POINT('',#5820);
#1911=VERTEX_POINT('',#5824);
#1912=VERTEX_POINT('',#5826);
#1913=VERTEX_POINT('',#5833);
#1914=VERTEX_POINT('',#5834);
#1915=VERTEX_POINT('',#5836);
#1916=VERTEX_POINT('',#5838);
#1917=VERTEX_POINT('',#5842);
#1918=VERTEX_POINT('',#5843);
#1919=VERTEX_POINT('',#5845);
#1920=VERTEX_POINT('',#5847);
#1921=VERTEX_POINT('',#5851);
#1922=VERTEX_POINT('',#5853);
#1923=VERTEX_POINT('',#5857);
#1924=VERTEX_POINT('',#5859);
#1925=VERTEX_POINT('',#5863);
#1926=VERTEX_POINT('',#5865);
#1927=VERTEX_POINT('',#5869);
#1928=VERTEX_POINT('',#5871);
#1929=VERTEX_POINT('',#5875);
#1930=VERTEX_POINT('',#5877);
#1931=VERTEX_POINT('',#5881);
#1932=VERTEX_POINT('',#5883);
#1933=VERTEX_POINT('',#5887);
#1934=VERTEX_POINT('',#5889);
#1935=VERTEX_POINT('',#5893);
#1936=VERTEX_POINT('',#5895);
#1937=VERTEX_POINT('',#5899);
#1938=VERTEX_POINT('',#5901);
#1939=VERTEX_POINT('',#5905);
#1940=VERTEX_POINT('',#5907);
#1941=VERTEX_POINT('',#5911);
#1942=VERTEX_POINT('',#5913);
#1943=VERTEX_POINT('',#5917);
#1944=VERTEX_POINT('',#5919);
#1945=VERTEX_POINT('',#5923);
#1946=VERTEX_POINT('',#5924);
#1947=VERTEX_POINT('',#5926);
#1948=VERTEX_POINT('',#5928);
#1949=VERTEX_POINT('',#5932);
#1950=VERTEX_POINT('',#5934);
#1951=VERTEX_POINT('',#5938);
#1952=VERTEX_POINT('',#5940);
#1953=VERTEX_POINT('',#5947);
#1954=VERTEX_POINT('',#5948);
#1955=VERTEX_POINT('',#5950);
#1956=VERTEX_POINT('',#5952);
#1957=VERTEX_POINT('',#5964);
#1958=VERTEX_POINT('',#5965);
#1959=VERTEX_POINT('',#5970);
#1960=VERTEX_POINT('',#5974);
#1961=EDGE_CURVE('',#1645,#1646,#1105,.T.);
#1962=EDGE_CURVE('',#1647,#1646,#1106,.T.);
#1963=EDGE_CURVE('',#1647,#1648,#1107,.T.);
#1964=EDGE_CURVE('',#1648,#1645,#1108,.T.);
#1965=EDGE_CURVE('',#1649,#1650,#1109,.T.);
#1966=EDGE_CURVE('',#1651,#1650,#1110,.T.);
#1967=EDGE_CURVE('',#1651,#1652,#1111,.T.);
#1968=EDGE_CURVE('',#1652,#1649,#1112,.T.);
#1969=EDGE_CURVE('',#1650,#1645,#1113,.T.);
#1970=EDGE_CURVE('',#1648,#1651,#1114,.T.);
#1971=EDGE_CURVE('',#1646,#1649,#1115,.T.);
#1972=EDGE_CURVE('',#1652,#1647,#1116,.T.);
#1973=EDGE_CURVE('',#1653,#1654,#1117,.T.);
#1974=EDGE_CURVE('',#1655,#1654,#1118,.T.);
#1975=EDGE_CURVE('',#1655,#1656,#1119,.T.);
#1976=EDGE_CURVE('',#1656,#1653,#1120,.T.);
#1977=EDGE_CURVE('',#1654,#1657,#1121,.T.);
#1978=EDGE_CURVE('',#1658,#1657,#1122,.T.);
#1979=EDGE_CURVE('',#1658,#1655,#1123,.T.);
#1980=EDGE_CURVE('',#1657,#1659,#1124,.T.);
#1981=EDGE_CURVE('',#1660,#1659,#1125,.T.);
#1982=EDGE_CURVE('',#1660,#1658,#1126,.T.);
#1983=EDGE_CURVE('',#1659,#1653,#1127,.T.);
#1984=EDGE_CURVE('',#1656,#1660,#1128,.T.);
#1985=EDGE_CURVE('',#1661,#1661,#241,.T.);
#1986=EDGE_CURVE('',#1661,#1662,#1129,.T.);
#1987=EDGE_CURVE('',#1662,#1662,#242,.T.);
#1988=EDGE_CURVE('',#1663,#1663,#243,.T.);
#1989=EDGE_CURVE('',#1663,#1664,#1130,.T.);
#1990=EDGE_CURVE('',#1664,#1664,#244,.T.);
#1991=EDGE_CURVE('',#1665,#1665,#245,.T.);
#1992=EDGE_CURVE('',#1665,#1666,#1131,.T.);
#1993=EDGE_CURVE('',#1666,#1666,#246,.T.);
#1994=EDGE_CURVE('',#1667,#1667,#247,.T.);
#1995=EDGE_CURVE('',#1667,#1668,#1132,.T.);
#1996=EDGE_CURVE('',#1668,#1668,#248,.T.);
#1997=EDGE_CURVE('',#1669,#1669,#249,.T.);
#1998=EDGE_CURVE('',#1669,#1670,#1133,.T.);
#1999=EDGE_CURVE('',#1670,#1670,#250,.T.);
#2000=EDGE_CURVE('',#1671,#1671,#251,.T.);
#2001=EDGE_CURVE('',#1671,#1672,#1134,.T.);
#2002=EDGE_CURVE('',#1672,#1672,#252,.T.);
#2003=EDGE_CURVE('',#1673,#1673,#253,.T.);
#2004=EDGE_CURVE('',#1673,#1674,#1135,.T.);
#2005=EDGE_CURVE('',#1674,#1674,#254,.T.);
#2006=EDGE_CURVE('',#1675,#1675,#255,.T.);
#2007=EDGE_CURVE('',#1675,#1676,#1136,.T.);
#2008=EDGE_CURVE('',#1676,#1676,#256,.T.);
#2009=EDGE_CURVE('',#1677,#1677,#257,.T.);
#2010=EDGE_CURVE('',#1677,#1678,#1137,.T.);
#2011=EDGE_CURVE('',#1678,#1678,#258,.T.);
#2012=EDGE_CURVE('',#1679,#1679,#259,.T.);
#2013=EDGE_CURVE('',#1679,#1680,#1138,.T.);
#2014=EDGE_CURVE('',#1680,#1680,#260,.T.);
#2015=EDGE_CURVE('',#1681,#1681,#261,.T.);
#2016=EDGE_CURVE('',#1681,#1682,#1139,.T.);
#2017=EDGE_CURVE('',#1682,#1682,#262,.T.);
#2018=EDGE_CURVE('',#1683,#1683,#263,.T.);
#2019=EDGE_CURVE('',#1683,#1684,#1140,.T.);
#2020=EDGE_CURVE('',#1684,#1684,#264,.T.);
#2021=EDGE_CURVE('',#1685,#1685,#265,.T.);
#2022=EDGE_CURVE('',#1685,#1686,#1141,.T.);
#2023=EDGE_CURVE('',#1686,#1686,#266,.T.);
#2024=EDGE_CURVE('',#1687,#1687,#267,.T.);
#2025=EDGE_CURVE('',#1687,#1688,#1142,.T.);
#2026=EDGE_CURVE('',#1688,#1688,#268,.T.);
#2027=EDGE_CURVE('',#1689,#1689,#269,.T.);
#2028=EDGE_CURVE('',#1689,#1690,#1143,.T.);
#2029=EDGE_CURVE('',#1690,#1690,#270,.T.);
#2030=EDGE_CURVE('',#1691,#1691,#271,.T.);
#2031=EDGE_CURVE('',#1691,#1692,#1144,.T.);
#2032=EDGE_CURVE('',#1692,#1692,#272,.T.);
#2033=EDGE_CURVE('',#1693,#1693,#273,.T.);
#2034=EDGE_CURVE('',#1693,#1694,#1145,.T.);
#2035=EDGE_CURVE('',#1694,#1694,#274,.T.);
#2036=EDGE_CURVE('',#1695,#1695,#275,.T.);
#2037=EDGE_CURVE('',#1695,#1696,#1146,.T.);
#2038=EDGE_CURVE('',#1696,#1696,#276,.T.);
#2039=EDGE_CURVE('',#1697,#1697,#277,.T.);
#2040=EDGE_CURVE('',#1697,#1698,#1147,.T.);
#2041=EDGE_CURVE('',#1698,#1698,#278,.T.);
#2042=EDGE_CURVE('',#1699,#1699,#279,.T.);
#2043=EDGE_CURVE('',#1699,#1700,#1148,.T.);
#2044=EDGE_CURVE('',#1700,#1700,#280,.T.);
#2045=EDGE_CURVE('',#1701,#1702,#1149,.T.);
#2046=EDGE_CURVE('',#1703,#1701,#1150,.T.);
#2047=EDGE_CURVE('',#1704,#1703,#1151,.T.);
#2048=EDGE_CURVE('',#1702,#1704,#1152,.T.);
#2049=EDGE_CURVE('',#1705,#1706,#1153,.T.);
#2050=EDGE_CURVE('',#1707,#1705,#1154,.T.);
#2051=EDGE_CURVE('',#1708,#1707,#1155,.T.);
#2052=EDGE_CURVE('',#1706,#1708,#1156,.T.);
#2053=EDGE_CURVE('',#1709,#1710,#1157,.T.);
#2054=EDGE_CURVE('',#1711,#1709,#1158,.T.);
#2055=EDGE_CURVE('',#1712,#1711,#1159,.T.);
#2056=EDGE_CURVE('',#1712,#1710,#1160,.T.);
#2057=EDGE_CURVE('',#1713,#1714,#1161,.T.);
#2058=EDGE_CURVE('',#1713,#1702,#1162,.T.);
#2059=EDGE_CURVE('',#1714,#1704,#1163,.T.);
#2060=EDGE_CURVE('',#1715,#1715,#281,.T.);
#2061=EDGE_CURVE('',#1716,#1716,#282,.T.);
#2062=EDGE_CURVE('',#1717,#1717,#283,.T.);
#2063=EDGE_CURVE('',#1718,#1718,#284,.T.);
#2064=EDGE_CURVE('',#1719,#1712,#1164,.T.);
#2065=EDGE_CURVE('',#1711,#1720,#1165,.T.);
#2066=EDGE_CURVE('',#1720,#1719,#1166,.T.);
#2067=EDGE_CURVE('',#1721,#1722,#1167,.T.);
#2068=EDGE_CURVE('',#1719,#1721,#1168,.T.);
#2069=EDGE_CURVE('',#1720,#1722,#1169,.T.);
#2070=EDGE_CURVE('',#1722,#1709,#1170,.T.);
#2071=EDGE_CURVE('',#1710,#1721,#1171,.T.);
#2072=EDGE_CURVE('',#1723,#1724,#1172,.T.);
#2073=EDGE_CURVE('',#1725,#1723,#1173,.T.);
#2074=EDGE_CURVE('',#1726,#1725,#1174,.T.);
#2075=EDGE_CURVE('',#1726,#1724,#1175,.T.);
#2076=EDGE_CURVE('',#1724,#1727,#1176,.T.);
#2077=EDGE_CURVE('',#1728,#1726,#1177,.T.);
#2078=EDGE_CURVE('',#1728,#1727,#1178,.T.);
#2079=EDGE_CURVE('',#1727,#1729,#1179,.T.);
#2080=EDGE_CURVE('',#1730,#1728,#1180,.T.);
#2081=EDGE_CURVE('',#1730,#1729,#1181,.T.);
#2082=EDGE_CURVE('',#1729,#1723,#1182,.T.);
#2083=EDGE_CURVE('',#1725,#1730,#1183,.T.);
#2084=EDGE_CURVE('',#1731,#1731,#285,.T.);
#2085=EDGE_CURVE('',#1731,#1732,#1184,.T.);
#2086=EDGE_CURVE('',#1732,#1732,#286,.T.);
#2087=EDGE_CURVE('',#1733,#1733,#287,.T.);
#2088=EDGE_CURVE('',#1733,#1734,#1185,.T.);
#2089=EDGE_CURVE('',#1734,#1734,#288,.T.);
#2090=EDGE_CURVE('',#1735,#1735,#289,.T.);
#2091=EDGE_CURVE('',#1735,#1736,#1186,.T.);
#2092=EDGE_CURVE('',#1736,#1736,#290,.T.);
#2093=EDGE_CURVE('',#1737,#1737,#291,.T.);
#2094=EDGE_CURVE('',#1737,#1738,#1187,.T.);
#2095=EDGE_CURVE('',#1738,#1738,#292,.T.);
#2096=EDGE_CURVE('',#1739,#1739,#293,.T.);
#2097=EDGE_CURVE('',#1739,#1740,#1188,.T.);
#2098=EDGE_CURVE('',#1740,#1740,#294,.T.);
#2099=EDGE_CURVE('',#1741,#1741,#295,.T.);
#2100=EDGE_CURVE('',#1741,#1742,#1189,.T.);
#2101=EDGE_CURVE('',#1742,#1742,#296,.T.);
#2102=EDGE_CURVE('',#1743,#1743,#297,.T.);
#2103=EDGE_CURVE('',#1743,#1744,#1190,.T.);
#2104=EDGE_CURVE('',#1744,#1744,#298,.T.);
#2105=EDGE_CURVE('',#1745,#1745,#299,.T.);
#2106=EDGE_CURVE('',#1745,#1746,#1191,.T.);
#2107=EDGE_CURVE('',#1746,#1746,#300,.T.);
#2108=EDGE_CURVE('',#1747,#1747,#301,.T.);
#2109=EDGE_CURVE('',#1747,#1748,#1192,.T.);
#2110=EDGE_CURVE('',#1748,#1748,#302,.T.);
#2111=EDGE_CURVE('',#1749,#1749,#303,.T.);
#2112=EDGE_CURVE('',#1749,#1750,#1193,.T.);
#2113=EDGE_CURVE('',#1750,#1750,#304,.T.);
#2114=EDGE_CURVE('',#1751,#1751,#305,.T.);
#2115=EDGE_CURVE('',#1751,#1752,#1194,.T.);
#2116=EDGE_CURVE('',#1752,#1752,#306,.T.);
#2117=EDGE_CURVE('',#1753,#1753,#307,.T.);
#2118=EDGE_CURVE('',#1753,#1754,#1195,.T.);
#2119=EDGE_CURVE('',#1754,#1754,#308,.T.);
#2120=EDGE_CURVE('',#1755,#1755,#309,.T.);
#2121=EDGE_CURVE('',#1755,#1756,#1196,.T.);
#2122=EDGE_CURVE('',#1756,#1756,#310,.T.);
#2123=EDGE_CURVE('',#1718,#1757,#1197,.T.);
#2124=EDGE_CURVE('',#1757,#1757,#311,.T.);
#2125=EDGE_CURVE('',#1758,#1758,#312,.T.);
#2126=EDGE_CURVE('',#1758,#1759,#1198,.T.);
#2127=EDGE_CURVE('',#1759,#1759,#313,.T.);
#2128=EDGE_CURVE('',#1717,#1760,#1199,.T.);
#2129=EDGE_CURVE('',#1760,#1760,#314,.T.);
#2130=EDGE_CURVE('',#1761,#1761,#315,.T.);
#2131=EDGE_CURVE('',#1761,#1762,#1200,.T.);
#2132=EDGE_CURVE('',#1762,#1762,#316,.T.);
#2133=EDGE_CURVE('',#1716,#1763,#1201,.T.);
#2134=EDGE_CURVE('',#1763,#1763,#317,.T.);
#2135=EDGE_CURVE('',#1764,#1764,#318,.T.);
#2136=EDGE_CURVE('',#1764,#1765,#1202,.T.);
#2137=EDGE_CURVE('',#1765,#1765,#319,.T.);
#2138=EDGE_CURVE('',#1715,#1766,#1203,.T.);
#2139=EDGE_CURVE('',#1766,#1766,#320,.T.);
#2140=EDGE_CURVE('',#1706,#1767,#1204,.F.);
#2141=EDGE_CURVE('',#1768,#1708,#1205,.T.);
#2142=EDGE_CURVE('',#1767,#1768,#1206,.T.);
#2143=EDGE_CURVE('',#1705,#1769,#1207,.F.);
#2144=EDGE_CURVE('',#1769,#1767,#1208,.T.);
#2145=EDGE_CURVE('',#1770,#1707,#1209,.T.);
#2146=EDGE_CURVE('',#1770,#1769,#1210,.T.);
#2147=EDGE_CURVE('',#1768,#1770,#1211,.T.);
#2148=EDGE_CURVE('',#1714,#1771,#1212,.T.);
#2149=EDGE_CURVE('',#1771,#1703,#1213,.T.);
#2150=EDGE_CURVE('',#1771,#1772,#1214,.T.);
#2151=EDGE_CURVE('',#1772,#1701,#1215,.T.);
#2152=EDGE_CURVE('',#1772,#1713,#1216,.T.);
#2153=EDGE_CURVE('',#1773,#1773,#321,.T.);
#2154=EDGE_CURVE('',#1773,#1774,#1217,.T.);
#2155=EDGE_CURVE('',#1774,#1774,#322,.T.);
#2156=EDGE_CURVE('',#1775,#1775,#323,.T.);
#2157=EDGE_CURVE('',#1775,#1776,#1218,.T.);
#2158=EDGE_CURVE('',#1776,#1776,#324,.T.);
#2159=EDGE_CURVE('',#1777,#1777,#325,.T.);
#2160=EDGE_CURVE('',#1777,#1778,#1219,.T.);
#2161=EDGE_CURVE('',#1778,#1778,#326,.T.);
#2162=EDGE_CURVE('',#1779,#1779,#327,.T.);
#2163=EDGE_CURVE('',#1779,#1780,#1220,.T.);
#2164=EDGE_CURVE('',#1780,#1780,#328,.T.);
#2165=EDGE_CURVE('',#1781,#1781,#329,.T.);
#2166=EDGE_CURVE('',#1781,#1782,#1221,.T.);
#2167=EDGE_CURVE('',#1782,#1782,#330,.T.);
#2168=EDGE_CURVE('',#1783,#1783,#331,.T.);
#2169=EDGE_CURVE('',#1783,#1784,#1222,.T.);
#2170=EDGE_CURVE('',#1784,#1784,#332,.T.);
#2171=EDGE_CURVE('',#1785,#1785,#333,.T.);
#2172=EDGE_CURVE('',#1785,#1786,#1223,.T.);
#2173=EDGE_CURVE('',#1786,#1786,#334,.T.);
#2174=EDGE_CURVE('',#1787,#1787,#335,.T.);
#2175=EDGE_CURVE('',#1787,#1788,#1224,.T.);
#2176=EDGE_CURVE('',#1788,#1788,#336,.T.);
#2177=EDGE_CURVE('',#1789,#1789,#337,.T.);
#2178=EDGE_CURVE('',#1789,#1790,#1225,.T.);
#2179=EDGE_CURVE('',#1790,#1790,#338,.T.);
#2180=EDGE_CURVE('',#1791,#1791,#339,.T.);
#2181=EDGE_CURVE('',#1791,#1792,#1226,.T.);
#2182=EDGE_CURVE('',#1792,#1792,#340,.T.);
#2183=EDGE_CURVE('',#1793,#1793,#341,.T.);
#2184=EDGE_CURVE('',#1793,#1794,#1227,.T.);
#2185=EDGE_CURVE('',#1794,#1794,#342,.T.);
#2186=EDGE_CURVE('',#1795,#1795,#343,.T.);
#2187=EDGE_CURVE('',#1795,#1796,#1228,.T.);
#2188=EDGE_CURVE('',#1796,#1796,#344,.T.);
#2189=EDGE_CURVE('',#1797,#1797,#345,.T.);
#2190=EDGE_CURVE('',#1797,#1798,#1229,.T.);
#2191=EDGE_CURVE('',#1798,#1798,#346,.T.);
#2192=EDGE_CURVE('',#1799,#1799,#347,.T.);
#2193=EDGE_CURVE('',#1799,#1800,#1230,.T.);
#2194=EDGE_CURVE('',#1800,#1800,#348,.T.);
#2195=EDGE_CURVE('',#1801,#1801,#349,.T.);
#2196=EDGE_CURVE('',#1801,#1802,#1231,.T.);
#2197=EDGE_CURVE('',#1802,#1802,#350,.T.);
#2198=EDGE_CURVE('',#1803,#1803,#351,.T.);
#2199=EDGE_CURVE('',#1803,#1804,#1232,.T.);
#2200=EDGE_CURVE('',#1804,#1804,#352,.T.);
#2201=EDGE_CURVE('',#1805,#1806,#1233,.T.);
#2202=EDGE_CURVE('',#1807,#1805,#1234,.T.);
#2203=EDGE_CURVE('',#1807,#1808,#1235,.T.);
#2204=EDGE_CURVE('',#1808,#1806,#1236,.F.);
#2205=EDGE_CURVE('',#1806,#1809,#1237,.T.);
#2206=EDGE_CURVE('',#1808,#1810,#1238,.T.);
#2207=EDGE_CURVE('',#1810,#1809,#1239,.F.);
#2208=EDGE_CURVE('',#1809,#1811,#1240,.T.);
#2209=EDGE_CURVE('',#1810,#1812,#1241,.T.);
#2210=EDGE_CURVE('',#1812,#1811,#1242,.F.);
#2211=EDGE_CURVE('',#1811,#1805,#1243,.T.);
#2212=EDGE_CURVE('',#1812,#1807,#1244,.T.);
#2213=EDGE_CURVE('',#1813,#1814,#1245,.T.);
#2214=EDGE_CURVE('',#1815,#1813,#1246,.T.);
#2215=EDGE_CURVE('',#1816,#1815,#1247,.T.);
#2216=EDGE_CURVE('',#1814,#1816,#1248,.T.);
#2217=EDGE_CURVE('',#1817,#1818,#1249,.T.);
#2218=EDGE_CURVE('',#1819,#1817,#1250,.T.);
#2219=EDGE_CURVE('',#1820,#1819,#1251,.T.);
#2220=EDGE_CURVE('',#1818,#1820,#1252,.T.);
#2221=EDGE_CURVE('',#1821,#1821,#353,.T.);
#2222=EDGE_CURVE('',#1821,#1822,#1253,.T.);
#2223=EDGE_CURVE('',#1822,#1822,#354,.T.);
#2224=EDGE_CURVE('',#1823,#1823,#355,.T.);
#2225=EDGE_CURVE('',#1823,#1824,#1254,.T.);
#2226=EDGE_CURVE('',#1824,#1824,#356,.T.);
#2227=EDGE_CURVE('',#1825,#1825,#357,.T.);
#2228=EDGE_CURVE('',#1825,#1826,#1255,.T.);
#2229=EDGE_CURVE('',#1826,#1826,#358,.T.);
#2230=EDGE_CURVE('',#1827,#1827,#359,.T.);
#2231=EDGE_CURVE('',#1827,#1828,#1256,.T.);
#2232=EDGE_CURVE('',#1828,#1828,#360,.T.);
#2233=EDGE_CURVE('',#1829,#1829,#361,.T.);
#2234=EDGE_CURVE('',#1829,#1830,#1257,.T.);
#2235=EDGE_CURVE('',#1830,#1830,#362,.T.);
#2236=EDGE_CURVE('',#1831,#1831,#363,.T.);
#2237=EDGE_CURVE('',#1831,#1832,#1258,.T.);
#2238=EDGE_CURVE('',#1832,#1832,#364,.T.);
#2239=EDGE_CURVE('',#1833,#1833,#365,.T.);
#2240=EDGE_CURVE('',#1833,#1834,#1259,.T.);
#2241=EDGE_CURVE('',#1834,#1834,#366,.T.);
#2242=EDGE_CURVE('',#1835,#1835,#367,.T.);
#2243=EDGE_CURVE('',#1835,#1836,#1260,.T.);
#2244=EDGE_CURVE('',#1836,#1836,#368,.T.);
#2245=EDGE_CURVE('',#1837,#1837,#369,.T.);
#2246=EDGE_CURVE('',#1837,#1838,#1261,.T.);
#2247=EDGE_CURVE('',#1838,#1838,#370,.T.);
#2248=EDGE_CURVE('',#1839,#1839,#371,.T.);
#2249=EDGE_CURVE('',#1839,#1840,#1262,.T.);
#2250=EDGE_CURVE('',#1840,#1840,#372,.T.);
#2251=EDGE_CURVE('',#1841,#1841,#373,.T.);
#2252=EDGE_CURVE('',#1841,#1842,#1263,.T.);
#2253=EDGE_CURVE('',#1842,#1842,#374,.T.);
#2254=EDGE_CURVE('',#1843,#1843,#375,.T.);
#2255=EDGE_CURVE('',#1843,#1844,#1264,.T.);
#2256=EDGE_CURVE('',#1844,#1844,#376,.T.);
#2257=EDGE_CURVE('',#1845,#1845,#377,.T.);
#2258=EDGE_CURVE('',#1845,#1846,#1265,.T.);
#2259=EDGE_CURVE('',#1846,#1846,#378,.T.);
#2260=EDGE_CURVE('',#1847,#1847,#379,.T.);
#2261=EDGE_CURVE('',#1847,#1848,#1266,.T.);
#2262=EDGE_CURVE('',#1848,#1848,#380,.T.);
#2263=EDGE_CURVE('',#1849,#1849,#381,.T.);
#2264=EDGE_CURVE('',#1849,#1850,#1267,.T.);
#2265=EDGE_CURVE('',#1850,#1850,#382,.T.);
#2266=EDGE_CURVE('',#1851,#1851,#383,.T.);
#2267=EDGE_CURVE('',#1851,#1852,#1268,.T.);
#2268=EDGE_CURVE('',#1852,#1852,#384,.T.);
#2269=EDGE_CURVE('',#1853,#1854,#1269,.T.);
#2270=EDGE_CURVE('',#1855,#1854,#1270,.F.);
#2271=EDGE_CURVE('',#1856,#1855,#1271,.T.);
#2272=EDGE_CURVE('',#1856,#1853,#1272,.T.);
#2273=EDGE_CURVE('',#1854,#1857,#1273,.T.);
#2274=EDGE_CURVE('',#1858,#1857,#1274,.F.);
#2275=EDGE_CURVE('',#1855,#1858,#1275,.T.);
#2276=EDGE_CURVE('',#1857,#1859,#1276,.T.);
#2277=EDGE_CURVE('',#1860,#1859,#1277,.F.);
#2278=EDGE_CURVE('',#1858,#1860,#1278,.T.);
#2279=EDGE_CURVE('',#1859,#1853,#1279,.T.);
#2280=EDGE_CURVE('',#1860,#1856,#1280,.T.);
#2281=EDGE_CURVE('',#1861,#1862,#1281,.T.);
#2282=EDGE_CURVE('',#1862,#1863,#1282,.T.);
#2283=EDGE_CURVE('',#1863,#1864,#1283,.T.);
#2284=EDGE_CURVE('',#1864,#1861,#1284,.T.);
#2285=EDGE_CURVE('',#1816,#1863,#1285,.F.);
#2286=EDGE_CURVE('',#1864,#1815,#1286,.T.);
#2287=EDGE_CURVE('',#1814,#1862,#1287,.F.);
#2288=EDGE_CURVE('',#1861,#1813,#1288,.T.);
#2289=EDGE_CURVE('',#1865,#1866,#1289,.T.);
#2290=EDGE_CURVE('',#1865,#1818,#1290,.T.);
#2291=EDGE_CURVE('',#1866,#1820,#1291,.T.);
#2292=EDGE_CURVE('',#1866,#1867,#1292,.T.);
#2293=EDGE_CURVE('',#1867,#1819,#1293,.T.);
#2294=EDGE_CURVE('',#1867,#1868,#1294,.T.);
#2295=EDGE_CURVE('',#1868,#1817,#1295,.T.);
#2296=EDGE_CURVE('',#1868,#1865,#1296,.T.);
#2297=EDGE_CURVE('',#1869,#1869,#385,.T.);
#2298=EDGE_CURVE('',#1869,#1870,#1297,.T.);
#2299=EDGE_CURVE('',#1870,#1870,#386,.T.);
#2300=EDGE_CURVE('',#1871,#1871,#387,.T.);
#2301=EDGE_CURVE('',#1871,#1872,#1298,.T.);
#2302=EDGE_CURVE('',#1872,#1872,#388,.T.);
#2303=EDGE_CURVE('',#1873,#1873,#389,.T.);
#2304=EDGE_CURVE('',#1873,#1874,#1299,.T.);
#2305=EDGE_CURVE('',#1874,#1874,#390,.T.);
#2306=EDGE_CURVE('',#1875,#1875,#391,.T.);
#2307=EDGE_CURVE('',#1875,#1876,#1300,.T.);
#2308=EDGE_CURVE('',#1876,#1876,#392,.T.);
#2309=EDGE_CURVE('',#1877,#1877,#393,.T.);
#2310=EDGE_CURVE('',#1877,#1878,#1301,.T.);
#2311=EDGE_CURVE('',#1878,#1878,#394,.T.);
#2312=EDGE_CURVE('',#1879,#1879,#395,.T.);
#2313=EDGE_CURVE('',#1879,#1880,#1302,.T.);
#2314=EDGE_CURVE('',#1880,#1880,#396,.T.);
#2315=EDGE_CURVE('',#1881,#1881,#397,.T.);
#2316=EDGE_CURVE('',#1881,#1882,#1303,.T.);
#2317=EDGE_CURVE('',#1882,#1882,#398,.T.);
#2318=EDGE_CURVE('',#1883,#1883,#399,.T.);
#2319=EDGE_CURVE('',#1883,#1884,#1304,.T.);
#2320=EDGE_CURVE('',#1884,#1884,#400,.T.);
#2321=EDGE_CURVE('',#1885,#1885,#401,.T.);
#2322=EDGE_CURVE('',#1885,#1886,#1305,.T.);
#2323=EDGE_CURVE('',#1886,#1886,#402,.T.);
#2324=EDGE_CURVE('',#1887,#1887,#403,.T.);
#2325=EDGE_CURVE('',#1887,#1888,#1306,.T.);
#2326=EDGE_CURVE('',#1888,#1888,#404,.T.);
#2327=EDGE_CURVE('',#1889,#1889,#405,.T.);
#2328=EDGE_CURVE('',#1889,#1890,#1307,.T.);
#2329=EDGE_CURVE('',#1890,#1890,#406,.T.);
#2330=EDGE_CURVE('',#1891,#1891,#407,.T.);
#2331=EDGE_CURVE('',#1891,#1892,#1308,.T.);
#2332=EDGE_CURVE('',#1892,#1892,#408,.T.);
#2333=EDGE_CURVE('',#1893,#1893,#409,.T.);
#2334=EDGE_CURVE('',#1893,#1894,#1309,.T.);
#2335=EDGE_CURVE('',#1894,#1894,#410,.T.);
#2336=EDGE_CURVE('',#1895,#1895,#411,.T.);
#2337=EDGE_CURVE('',#1895,#1896,#1310,.T.);
#2338=EDGE_CURVE('',#1896,#1896,#412,.T.);
#2339=EDGE_CURVE('',#1897,#1897,#413,.T.);
#2340=EDGE_CURVE('',#1897,#1898,#1311,.T.);
#2341=EDGE_CURVE('',#1898,#1898,#414,.T.);
#2342=EDGE_CURVE('',#1899,#1899,#415,.T.);
#2343=EDGE_CURVE('',#1899,#1900,#1312,.T.);
#2344=EDGE_CURVE('',#1900,#1900,#416,.T.);
#2345=EDGE_CURVE('',#1901,#1901,#417,.T.);
#2346=EDGE_CURVE('',#1901,#1902,#1313,.T.);
#2347=EDGE_CURVE('',#1902,#1902,#418,.T.);
#2348=EDGE_CURVE('',#1903,#1903,#419,.T.);
#2349=EDGE_CURVE('',#1903,#1904,#1314,.T.);
#2350=EDGE_CURVE('',#1904,#1904,#420,.T.);
#2351=EDGE_CURVE('',#1905,#1906,#1315,.T.);
#2352=EDGE_CURVE('',#1907,#1905,#1316,.T.);
#2353=EDGE_CURVE('',#1907,#1908,#1317,.T.);
#2354=EDGE_CURVE('',#1908,#1906,#1318,.F.);
#2355=EDGE_CURVE('',#1906,#1909,#1319,.T.);
#2356=EDGE_CURVE('',#1908,#1910,#1320,.T.);
#2357=EDGE_CURVE('',#1910,#1909,#1321,.F.);
#2358=EDGE_CURVE('',#1909,#1911,#1322,.T.);
#2359=EDGE_CURVE('',#1910,#1912,#1323,.T.);
#2360=EDGE_CURVE('',#1912,#1911,#1324,.F.);
#2361=EDGE_CURVE('',#1911,#1905,#1325,.T.);
#2362=EDGE_CURVE('',#1912,#1907,#1326,.T.);
#2363=EDGE_CURVE('',#1913,#1914,#1327,.T.);
#2364=EDGE_CURVE('',#1915,#1913,#1328,.T.);
#2365=EDGE_CURVE('',#1916,#1915,#1329,.T.);
#2366=EDGE_CURVE('',#1914,#1916,#1330,.T.);
#2367=EDGE_CURVE('',#1917,#1918,#1331,.T.);
#2368=EDGE_CURVE('',#1919,#1917,#1332,.T.);
#2369=EDGE_CURVE('',#1920,#1919,#1333,.T.);
#2370=EDGE_CURVE('',#1918,#1920,#1334,.T.);
#2371=EDGE_CURVE('',#1921,#1921,#421,.T.);
#2372=EDGE_CURVE('',#1921,#1922,#1335,.T.);
#2373=EDGE_CURVE('',#1922,#1922,#422,.T.);
#2374=EDGE_CURVE('',#1923,#1923,#423,.T.);
#2375=EDGE_CURVE('',#1923,#1924,#1336,.T.);
#2376=EDGE_CURVE('',#1924,#1924,#424,.T.);
#2377=EDGE_CURVE('',#1925,#1925,#425,.T.);
#2378=EDGE_CURVE('',#1925,#1926,#1337,.T.);
#2379=EDGE_CURVE('',#1926,#1926,#426,.T.);
#2380=EDGE_CURVE('',#1927,#1927,#427,.T.);
#2381=EDGE_CURVE('',#1927,#1928,#1338,.T.);
#2382=EDGE_CURVE('',#1928,#1928,#428,.T.);
#2383=EDGE_CURVE('',#1929,#1929,#429,.T.);
#2384=EDGE_CURVE('',#1929,#1930,#1339,.T.);
#2385=EDGE_CURVE('',#1930,#1930,#430,.T.);
#2386=EDGE_CURVE('',#1931,#1931,#431,.T.);
#2387=EDGE_CURVE('',#1931,#1932,#1340,.T.);
#2388=EDGE_CURVE('',#1932,#1932,#432,.T.);
#2389=EDGE_CURVE('',#1933,#1933,#433,.T.);
#2390=EDGE_CURVE('',#1933,#1934,#1341,.T.);
#2391=EDGE_CURVE('',#1934,#1934,#434,.T.);
#2392=EDGE_CURVE('',#1935,#1935,#435,.T.);
#2393=EDGE_CURVE('',#1935,#1936,#1342,.T.);
#2394=EDGE_CURVE('',#1936,#1936,#436,.T.);
#2395=EDGE_CURVE('',#1937,#1937,#437,.T.);
#2396=EDGE_CURVE('',#1937,#1938,#1343,.T.);
#2397=EDGE_CURVE('',#1938,#1938,#438,.T.);
#2398=EDGE_CURVE('',#1939,#1939,#439,.T.);
#2399=EDGE_CURVE('',#1939,#1940,#1344,.T.);
#2400=EDGE_CURVE('',#1940,#1940,#440,.T.);
#2401=EDGE_CURVE('',#1941,#1941,#441,.T.);
#2402=EDGE_CURVE('',#1941,#1942,#1345,.T.);
#2403=EDGE_CURVE('',#1942,#1942,#442,.T.);
#2404=EDGE_CURVE('',#1943,#1943,#443,.T.);
#2405=EDGE_CURVE('',#1943,#1944,#1346,.T.);
#2406=EDGE_CURVE('',#1944,#1944,#444,.T.);
#2407=EDGE_CURVE('',#1945,#1946,#1347,.T.);
#2408=EDGE_CURVE('',#1947,#1946,#1348,.F.);
#2409=EDGE_CURVE('',#1948,#1947,#1349,.T.);
#2410=EDGE_CURVE('',#1948,#1945,#1350,.T.);
#2411=EDGE_CURVE('',#1946,#1949,#1351,.T.);
#2412=EDGE_CURVE('',#1950,#1949,#1352,.F.);
#2413=EDGE_CURVE('',#1947,#1950,#1353,.T.);
#2414=EDGE_CURVE('',#1949,#1951,#1354,.T.);
#2415=EDGE_CURVE('',#1952,#1951,#1355,.F.);
#2416=EDGE_CURVE('',#1950,#1952,#1356,.T.);
#2417=EDGE_CURVE('',#1951,#1945,#1357,.T.);
#2418=EDGE_CURVE('',#1952,#1948,#1358,.T.);
#2419=EDGE_CURVE('',#1953,#1954,#1359,.T.);
#2420=EDGE_CURVE('',#1954,#1955,#1360,.T.);
#2421=EDGE_CURVE('',#1955,#1956,#1361,.T.);
#2422=EDGE_CURVE('',#1956,#1953,#1362,.T.);
#2423=EDGE_CURVE('',#1916,#1955,#1363,.F.);
#2424=EDGE_CURVE('',#1956,#1915,#1364,.T.);
#2425=EDGE_CURVE('',#1914,#1954,#1365,.F.);
#2426=EDGE_CURVE('',#1953,#1913,#1366,.T.);
#2427=EDGE_CURVE('',#1957,#1958,#1367,.T.);
#2428=EDGE_CURVE('',#1957,#1918,#1368,.T.);
#2429=EDGE_CURVE('',#1958,#1920,#1369,.T.);
#2430=EDGE_CURVE('',#1958,#1959,#1370,.T.);
#2431=EDGE_CURVE('',#1959,#1919,#1371,.T.);
#2432=EDGE_CURVE('',#1960,#1917,#1372,.T.);
#2433=EDGE_CURVE('',#1959,#1960,#1373,.T.);
#2434=EDGE_CURVE('',#1960,#1957,#1374,.T.);
#2435=ORIENTED_EDGE('',*,*,#1961,.T.);
#2436=ORIENTED_EDGE('',*,*,#1962,.F.);
#2437=ORIENTED_EDGE('',*,*,#1963,.T.);
#2438=ORIENTED_EDGE('',*,*,#1964,.T.);
#2439=ORIENTED_EDGE('',*,*,#1965,.T.);
#2440=ORIENTED_EDGE('',*,*,#1966,.F.);
#2441=ORIENTED_EDGE('',*,*,#1967,.T.);
#2442=ORIENTED_EDGE('',*,*,#1968,.T.);
#2443=ORIENTED_EDGE('',*,*,#1969,.T.);
#2444=ORIENTED_EDGE('',*,*,#1964,.F.);
#2445=ORIENTED_EDGE('',*,*,#1970,.T.);
#2446=ORIENTED_EDGE('',*,*,#1966,.T.);
#2447=ORIENTED_EDGE('',*,*,#1971,.T.);
#2448=ORIENTED_EDGE('',*,*,#1968,.F.);
#2449=ORIENTED_EDGE('',*,*,#1972,.T.);
#2450=ORIENTED_EDGE('',*,*,#1962,.T.);
#2451=ORIENTED_EDGE('',*,*,#1973,.T.);
#2452=ORIENTED_EDGE('',*,*,#1974,.F.);
#2453=ORIENTED_EDGE('',*,*,#1975,.T.);
#2454=ORIENTED_EDGE('',*,*,#1976,.T.);
#2455=ORIENTED_EDGE('',*,*,#1977,.T.);
#2456=ORIENTED_EDGE('',*,*,#1978,.F.);
#2457=ORIENTED_EDGE('',*,*,#1979,.T.);
#2458=ORIENTED_EDGE('',*,*,#1974,.T.);
#2459=ORIENTED_EDGE('',*,*,#1980,.T.);
#2460=ORIENTED_EDGE('',*,*,#1981,.F.);
#2461=ORIENTED_EDGE('',*,*,#1982,.T.);
#2462=ORIENTED_EDGE('',*,*,#1978,.T.);
#2463=ORIENTED_EDGE('',*,*,#1983,.T.);
#2464=ORIENTED_EDGE('',*,*,#1976,.F.);
#2465=ORIENTED_EDGE('',*,*,#1984,.T.);
#2466=ORIENTED_EDGE('',*,*,#1981,.T.);
#2467=ORIENTED_EDGE('',*,*,#1985,.T.);
#2468=ORIENTED_EDGE('',*,*,#1986,.T.);
#2469=ORIENTED_EDGE('',*,*,#1987,.T.);
#2470=ORIENTED_EDGE('',*,*,#1986,.F.);
#2471=ORIENTED_EDGE('',*,*,#1988,.T.);
#2472=ORIENTED_EDGE('',*,*,#1989,.T.);
#2473=ORIENTED_EDGE('',*,*,#1990,.T.);
#2474=ORIENTED_EDGE('',*,*,#1989,.F.);
#2475=ORIENTED_EDGE('',*,*,#1991,.T.);
#2476=ORIENTED_EDGE('',*,*,#1992,.T.);
#2477=ORIENTED_EDGE('',*,*,#1993,.T.);
#2478=ORIENTED_EDGE('',*,*,#1992,.F.);
#2479=ORIENTED_EDGE('',*,*,#1994,.T.);
#2480=ORIENTED_EDGE('',*,*,#1995,.T.);
#2481=ORIENTED_EDGE('',*,*,#1996,.T.);
#2482=ORIENTED_EDGE('',*,*,#1995,.F.);
#2483=ORIENTED_EDGE('',*,*,#1997,.T.);
#2484=ORIENTED_EDGE('',*,*,#1998,.T.);
#2485=ORIENTED_EDGE('',*,*,#1999,.T.);
#2486=ORIENTED_EDGE('',*,*,#1998,.F.);
#2487=ORIENTED_EDGE('',*,*,#2000,.T.);
#2488=ORIENTED_EDGE('',*,*,#2001,.T.);
#2489=ORIENTED_EDGE('',*,*,#2002,.T.);
#2490=ORIENTED_EDGE('',*,*,#2001,.F.);
#2491=ORIENTED_EDGE('',*,*,#2003,.T.);
#2492=ORIENTED_EDGE('',*,*,#2004,.T.);
#2493=ORIENTED_EDGE('',*,*,#2005,.T.);
#2494=ORIENTED_EDGE('',*,*,#2004,.F.);
#2495=ORIENTED_EDGE('',*,*,#2006,.T.);
#2496=ORIENTED_EDGE('',*,*,#2007,.T.);
#2497=ORIENTED_EDGE('',*,*,#2008,.T.);
#2498=ORIENTED_EDGE('',*,*,#2007,.F.);
#2499=ORIENTED_EDGE('',*,*,#2009,.T.);
#2500=ORIENTED_EDGE('',*,*,#2010,.T.);
#2501=ORIENTED_EDGE('',*,*,#2011,.T.);
#2502=ORIENTED_EDGE('',*,*,#2010,.F.);
#2503=ORIENTED_EDGE('',*,*,#2012,.T.);
#2504=ORIENTED_EDGE('',*,*,#2013,.T.);
#2505=ORIENTED_EDGE('',*,*,#2014,.T.);
#2506=ORIENTED_EDGE('',*,*,#2013,.F.);
#2507=ORIENTED_EDGE('',*,*,#2015,.T.);
#2508=ORIENTED_EDGE('',*,*,#2016,.T.);
#2509=ORIENTED_EDGE('',*,*,#2017,.T.);
#2510=ORIENTED_EDGE('',*,*,#2016,.F.);
#2511=ORIENTED_EDGE('',*,*,#2018,.T.);
#2512=ORIENTED_EDGE('',*,*,#2019,.T.);
#2513=ORIENTED_EDGE('',*,*,#2020,.T.);
#2514=ORIENTED_EDGE('',*,*,#2019,.F.);
#2515=ORIENTED_EDGE('',*,*,#2021,.T.);
#2516=ORIENTED_EDGE('',*,*,#2022,.T.);
#2517=ORIENTED_EDGE('',*,*,#2023,.T.);
#2518=ORIENTED_EDGE('',*,*,#2022,.F.);
#2519=ORIENTED_EDGE('',*,*,#2024,.T.);
#2520=ORIENTED_EDGE('',*,*,#2025,.T.);
#2521=ORIENTED_EDGE('',*,*,#2026,.T.);
#2522=ORIENTED_EDGE('',*,*,#2025,.F.);
#2523=ORIENTED_EDGE('',*,*,#2027,.T.);
#2524=ORIENTED_EDGE('',*,*,#2028,.T.);
#2525=ORIENTED_EDGE('',*,*,#2029,.T.);
#2526=ORIENTED_EDGE('',*,*,#2028,.F.);
#2527=ORIENTED_EDGE('',*,*,#2030,.T.);
#2528=ORIENTED_EDGE('',*,*,#2031,.T.);
#2529=ORIENTED_EDGE('',*,*,#2032,.T.);
#2530=ORIENTED_EDGE('',*,*,#2031,.F.);
#2531=ORIENTED_EDGE('',*,*,#2033,.T.);
#2532=ORIENTED_EDGE('',*,*,#2034,.T.);
#2533=ORIENTED_EDGE('',*,*,#2035,.T.);
#2534=ORIENTED_EDGE('',*,*,#2034,.F.);
#2535=ORIENTED_EDGE('',*,*,#2036,.T.);
#2536=ORIENTED_EDGE('',*,*,#2037,.T.);
#2537=ORIENTED_EDGE('',*,*,#2038,.T.);
#2538=ORIENTED_EDGE('',*,*,#2037,.F.);
#2539=ORIENTED_EDGE('',*,*,#2039,.T.);
#2540=ORIENTED_EDGE('',*,*,#2040,.T.);
#2541=ORIENTED_EDGE('',*,*,#2041,.T.);
#2542=ORIENTED_EDGE('',*,*,#2040,.F.);
#2543=ORIENTED_EDGE('',*,*,#2042,.T.);
#2544=ORIENTED_EDGE('',*,*,#2043,.T.);
#2545=ORIENTED_EDGE('',*,*,#2044,.T.);
#2546=ORIENTED_EDGE('',*,*,#2043,.F.);
#2547=ORIENTED_EDGE('',*,*,#2045,.F.);
#2548=ORIENTED_EDGE('',*,*,#2046,.F.);
#2549=ORIENTED_EDGE('',*,*,#2047,.F.);
#2550=ORIENTED_EDGE('',*,*,#2048,.F.);
#2551=ORIENTED_EDGE('',*,*,#2049,.F.);
#2552=ORIENTED_EDGE('',*,*,#2050,.F.);
#2553=ORIENTED_EDGE('',*,*,#2051,.F.);
#2554=ORIENTED_EDGE('',*,*,#2052,.F.);
#2555=ORIENTED_EDGE('',*,*,#2053,.F.);
#2556=ORIENTED_EDGE('',*,*,#2054,.F.);
#2557=ORIENTED_EDGE('',*,*,#2055,.F.);
#2558=ORIENTED_EDGE('',*,*,#2056,.T.);
#2559=ORIENTED_EDGE('',*,*,#2057,.F.);
#2560=ORIENTED_EDGE('',*,*,#2058,.T.);
#2561=ORIENTED_EDGE('',*,*,#2048,.T.);
#2562=ORIENTED_EDGE('',*,*,#2059,.F.);
#2563=ORIENTED_EDGE('',*,*,#1972,.F.);
#2564=ORIENTED_EDGE('',*,*,#1967,.F.);
#2565=ORIENTED_EDGE('',*,*,#1970,.F.);
#2566=ORIENTED_EDGE('',*,*,#1963,.F.);
#2567=ORIENTED_EDGE('',*,*,#2024,.F.);
#2568=ORIENTED_EDGE('',*,*,#2030,.F.);
#2569=ORIENTED_EDGE('',*,*,#2036,.F.);
#2570=ORIENTED_EDGE('',*,*,#2042,.F.);
#2571=ORIENTED_EDGE('',*,*,#2060,.T.);
#2572=ORIENTED_EDGE('',*,*,#2061,.T.);
#2573=ORIENTED_EDGE('',*,*,#2062,.T.);
#2574=ORIENTED_EDGE('',*,*,#2063,.T.);
#2575=ORIENTED_EDGE('',*,*,#2064,.T.);
#2576=ORIENTED_EDGE('',*,*,#2055,.T.);
#2577=ORIENTED_EDGE('',*,*,#2065,.T.);
#2578=ORIENTED_EDGE('',*,*,#2066,.T.);
#2579=ORIENTED_EDGE('',*,*,#2067,.F.);
#2580=ORIENTED_EDGE('',*,*,#2068,.F.);
#2581=ORIENTED_EDGE('',*,*,#2066,.F.);
#2582=ORIENTED_EDGE('',*,*,#2069,.T.);
#2583=ORIENTED_EDGE('',*,*,#2070,.F.);
#2584=ORIENTED_EDGE('',*,*,#2069,.F.);
#2585=ORIENTED_EDGE('',*,*,#2065,.F.);
#2586=ORIENTED_EDGE('',*,*,#2054,.T.);
#2587=ORIENTED_EDGE('',*,*,#2071,.F.);
#2588=ORIENTED_EDGE('',*,*,#2056,.F.);
#2589=ORIENTED_EDGE('',*,*,#2064,.F.);
#2590=ORIENTED_EDGE('',*,*,#2068,.T.);
#2591=ORIENTED_EDGE('',*,*,#2072,.F.);
#2592=ORIENTED_EDGE('',*,*,#2073,.F.);
#2593=ORIENTED_EDGE('',*,*,#2074,.F.);
#2594=ORIENTED_EDGE('',*,*,#2075,.T.);
#2595=ORIENTED_EDGE('',*,*,#2076,.F.);
#2596=ORIENTED_EDGE('',*,*,#2075,.F.);
#2597=ORIENTED_EDGE('',*,*,#2077,.F.);
#2598=ORIENTED_EDGE('',*,*,#2078,.T.);
#2599=ORIENTED_EDGE('',*,*,#2079,.F.);
#2600=ORIENTED_EDGE('',*,*,#2078,.F.);
#2601=ORIENTED_EDGE('',*,*,#2080,.F.);
#2602=ORIENTED_EDGE('',*,*,#2081,.T.);
#2603=ORIENTED_EDGE('',*,*,#2082,.F.);
#2604=ORIENTED_EDGE('',*,*,#2081,.F.);
#2605=ORIENTED_EDGE('',*,*,#2083,.F.);
#2606=ORIENTED_EDGE('',*,*,#2073,.T.);
#2607=ORIENTED_EDGE('',*,*,#2084,.F.);
#2608=ORIENTED_EDGE('',*,*,#2085,.T.);
#2609=ORIENTED_EDGE('',*,*,#2086,.F.);
#2610=ORIENTED_EDGE('',*,*,#2085,.F.);
#2611=ORIENTED_EDGE('',*,*,#2087,.F.);
#2612=ORIENTED_EDGE('',*,*,#2088,.T.);
#2613=ORIENTED_EDGE('',*,*,#2089,.F.);
#2614=ORIENTED_EDGE('',*,*,#2088,.F.);
#2615=ORIENTED_EDGE('',*,*,#2090,.F.);
#2616=ORIENTED_EDGE('',*,*,#2091,.T.);
#2617=ORIENTED_EDGE('',*,*,#2092,.F.);
#2618=ORIENTED_EDGE('',*,*,#2091,.F.);
#2619=ORIENTED_EDGE('',*,*,#2093,.F.);
#2620=ORIENTED_EDGE('',*,*,#2094,.T.);
#2621=ORIENTED_EDGE('',*,*,#2095,.F.);
#2622=ORIENTED_EDGE('',*,*,#2094,.F.);
#2623=ORIENTED_EDGE('',*,*,#2096,.F.);
#2624=ORIENTED_EDGE('',*,*,#2097,.T.);
#2625=ORIENTED_EDGE('',*,*,#2098,.F.);
#2626=ORIENTED_EDGE('',*,*,#2097,.F.);
#2627=ORIENTED_EDGE('',*,*,#2099,.F.);
#2628=ORIENTED_EDGE('',*,*,#2100,.T.);
#2629=ORIENTED_EDGE('',*,*,#2101,.F.);
#2630=ORIENTED_EDGE('',*,*,#2100,.F.);
#2631=ORIENTED_EDGE('',*,*,#2102,.F.);
#2632=ORIENTED_EDGE('',*,*,#2103,.T.);
#2633=ORIENTED_EDGE('',*,*,#2104,.F.);
#2634=ORIENTED_EDGE('',*,*,#2103,.F.);
#2635=ORIENTED_EDGE('',*,*,#2105,.F.);
#2636=ORIENTED_EDGE('',*,*,#2106,.T.);
#2637=ORIENTED_EDGE('',*,*,#2107,.F.);
#2638=ORIENTED_EDGE('',*,*,#2106,.F.);
#2639=ORIENTED_EDGE('',*,*,#2108,.F.);
#2640=ORIENTED_EDGE('',*,*,#2109,.T.);
#2641=ORIENTED_EDGE('',*,*,#2110,.F.);
#2642=ORIENTED_EDGE('',*,*,#2109,.F.);
#2643=ORIENTED_EDGE('',*,*,#2111,.F.);
#2644=ORIENTED_EDGE('',*,*,#2112,.T.);
#2645=ORIENTED_EDGE('',*,*,#2113,.F.);
#2646=ORIENTED_EDGE('',*,*,#2112,.F.);
#2647=ORIENTED_EDGE('',*,*,#2114,.F.);
#2648=ORIENTED_EDGE('',*,*,#2115,.T.);
#2649=ORIENTED_EDGE('',*,*,#2116,.F.);
#2650=ORIENTED_EDGE('',*,*,#2115,.F.);
#2651=ORIENTED_EDGE('',*,*,#2117,.F.);
#2652=ORIENTED_EDGE('',*,*,#2118,.T.);
#2653=ORIENTED_EDGE('',*,*,#2119,.F.);
#2654=ORIENTED_EDGE('',*,*,#2118,.F.);
#2655=ORIENTED_EDGE('',*,*,#2120,.F.);
#2656=ORIENTED_EDGE('',*,*,#2121,.T.);
#2657=ORIENTED_EDGE('',*,*,#2122,.F.);
#2658=ORIENTED_EDGE('',*,*,#2121,.F.);
#2659=ORIENTED_EDGE('',*,*,#2063,.F.);
#2660=ORIENTED_EDGE('',*,*,#2123,.T.);
#2661=ORIENTED_EDGE('',*,*,#2124,.F.);
#2662=ORIENTED_EDGE('',*,*,#2123,.F.);
#2663=ORIENTED_EDGE('',*,*,#2125,.F.);
#2664=ORIENTED_EDGE('',*,*,#2126,.T.);
#2665=ORIENTED_EDGE('',*,*,#2127,.F.);
#2666=ORIENTED_EDGE('',*,*,#2126,.F.);
#2667=ORIENTED_EDGE('',*,*,#2062,.F.);
#2668=ORIENTED_EDGE('',*,*,#2128,.T.);
#2669=ORIENTED_EDGE('',*,*,#2129,.F.);
#2670=ORIENTED_EDGE('',*,*,#2128,.F.);
#2671=ORIENTED_EDGE('',*,*,#2130,.F.);
#2672=ORIENTED_EDGE('',*,*,#2131,.T.);
#2673=ORIENTED_EDGE('',*,*,#2132,.F.);
#2674=ORIENTED_EDGE('',*,*,#2131,.F.);
#2675=ORIENTED_EDGE('',*,*,#2061,.F.);
#2676=ORIENTED_EDGE('',*,*,#2133,.T.);
#2677=ORIENTED_EDGE('',*,*,#2134,.F.);
#2678=ORIENTED_EDGE('',*,*,#2133,.F.);
#2679=ORIENTED_EDGE('',*,*,#2135,.F.);
#2680=ORIENTED_EDGE('',*,*,#2136,.T.);
#2681=ORIENTED_EDGE('',*,*,#2137,.F.);
#2682=ORIENTED_EDGE('',*,*,#2136,.F.);
#2683=ORIENTED_EDGE('',*,*,#2060,.F.);
#2684=ORIENTED_EDGE('',*,*,#2138,.T.);
#2685=ORIENTED_EDGE('',*,*,#2139,.F.);
#2686=ORIENTED_EDGE('',*,*,#2138,.F.);
#2687=ORIENTED_EDGE('',*,*,#2140,.F.);
#2688=ORIENTED_EDGE('',*,*,#2052,.T.);
#2689=ORIENTED_EDGE('',*,*,#2141,.F.);
#2690=ORIENTED_EDGE('',*,*,#2142,.F.);
#2691=ORIENTED_EDGE('',*,*,#2044,.F.);
#2692=ORIENTED_EDGE('',*,*,#2038,.F.);
#2693=ORIENTED_EDGE('',*,*,#2032,.F.);
#2694=ORIENTED_EDGE('',*,*,#2026,.F.);
#2695=ORIENTED_EDGE('',*,*,#1971,.F.);
#2696=ORIENTED_EDGE('',*,*,#1961,.F.);
#2697=ORIENTED_EDGE('',*,*,#1969,.F.);
#2698=ORIENTED_EDGE('',*,*,#1965,.F.);
#2699=ORIENTED_EDGE('',*,*,#2071,.T.);
#2700=ORIENTED_EDGE('',*,*,#2067,.T.);
#2701=ORIENTED_EDGE('',*,*,#2070,.T.);
#2702=ORIENTED_EDGE('',*,*,#2053,.T.);
#2703=ORIENTED_EDGE('',*,*,#2124,.T.);
#2704=ORIENTED_EDGE('',*,*,#2129,.T.);
#2705=ORIENTED_EDGE('',*,*,#2134,.T.);
#2706=ORIENTED_EDGE('',*,*,#2139,.T.);
#2707=ORIENTED_EDGE('',*,*,#2143,.F.);
#2708=ORIENTED_EDGE('',*,*,#2049,.T.);
#2709=ORIENTED_EDGE('',*,*,#2140,.T.);
#2710=ORIENTED_EDGE('',*,*,#2144,.F.);
#2711=ORIENTED_EDGE('',*,*,#2020,.F.);
#2712=ORIENTED_EDGE('',*,*,#2014,.F.);
#2713=ORIENTED_EDGE('',*,*,#2008,.F.);
#2714=ORIENTED_EDGE('',*,*,#2002,.F.);
#2715=ORIENTED_EDGE('',*,*,#1996,.F.);
#2716=ORIENTED_EDGE('',*,*,#1990,.F.);
#2717=ORIENTED_EDGE('',*,*,#2089,.T.);
#2718=ORIENTED_EDGE('',*,*,#2095,.T.);
#2719=ORIENTED_EDGE('',*,*,#2101,.T.);
#2720=ORIENTED_EDGE('',*,*,#2107,.T.);
#2721=ORIENTED_EDGE('',*,*,#2113,.T.);
#2722=ORIENTED_EDGE('',*,*,#2119,.T.);
#2723=ORIENTED_EDGE('',*,*,#2145,.T.);
#2724=ORIENTED_EDGE('',*,*,#2050,.T.);
#2725=ORIENTED_EDGE('',*,*,#2143,.T.);
#2726=ORIENTED_EDGE('',*,*,#2146,.F.);
#2727=ORIENTED_EDGE('',*,*,#2039,.F.);
#2728=ORIENTED_EDGE('',*,*,#2033,.F.);
#2729=ORIENTED_EDGE('',*,*,#2027,.F.);
#2730=ORIENTED_EDGE('',*,*,#2021,.F.);
#2731=ORIENTED_EDGE('',*,*,#1980,.F.);
#2732=ORIENTED_EDGE('',*,*,#1977,.F.);
#2733=ORIENTED_EDGE('',*,*,#1973,.F.);
#2734=ORIENTED_EDGE('',*,*,#1983,.F.);
#2735=ORIENTED_EDGE('',*,*,#2079,.T.);
#2736=ORIENTED_EDGE('',*,*,#2082,.T.);
#2737=ORIENTED_EDGE('',*,*,#2072,.T.);
#2738=ORIENTED_EDGE('',*,*,#2076,.T.);
#2739=ORIENTED_EDGE('',*,*,#2120,.T.);
#2740=ORIENTED_EDGE('',*,*,#2125,.T.);
#2741=ORIENTED_EDGE('',*,*,#2130,.T.);
#2742=ORIENTED_EDGE('',*,*,#2135,.T.);
#2743=ORIENTED_EDGE('',*,*,#2141,.T.);
#2744=ORIENTED_EDGE('',*,*,#2051,.T.);
#2745=ORIENTED_EDGE('',*,*,#2145,.F.);
#2746=ORIENTED_EDGE('',*,*,#2147,.F.);
#2747=ORIENTED_EDGE('',*,*,#2015,.F.);
#2748=ORIENTED_EDGE('',*,*,#2009,.F.);
#2749=ORIENTED_EDGE('',*,*,#2003,.F.);
#2750=ORIENTED_EDGE('',*,*,#1997,.F.);
#2751=ORIENTED_EDGE('',*,*,#1991,.F.);
#2752=ORIENTED_EDGE('',*,*,#1985,.F.);
#2753=ORIENTED_EDGE('',*,*,#2084,.T.);
#2754=ORIENTED_EDGE('',*,*,#2090,.T.);
#2755=ORIENTED_EDGE('',*,*,#2096,.T.);
#2756=ORIENTED_EDGE('',*,*,#2102,.T.);
#2757=ORIENTED_EDGE('',*,*,#2108,.T.);
#2758=ORIENTED_EDGE('',*,*,#2114,.T.);
#2759=ORIENTED_EDGE('',*,*,#2148,.F.);
#2760=ORIENTED_EDGE('',*,*,#2059,.T.);
#2761=ORIENTED_EDGE('',*,*,#2047,.T.);
#2762=ORIENTED_EDGE('',*,*,#2149,.F.);
#2763=ORIENTED_EDGE('',*,*,#2018,.F.);
#2764=ORIENTED_EDGE('',*,*,#2012,.F.);
#2765=ORIENTED_EDGE('',*,*,#2006,.F.);
#2766=ORIENTED_EDGE('',*,*,#2000,.F.);
#2767=ORIENTED_EDGE('',*,*,#1994,.F.);
#2768=ORIENTED_EDGE('',*,*,#1988,.F.);
#2769=ORIENTED_EDGE('',*,*,#2087,.T.);
#2770=ORIENTED_EDGE('',*,*,#2093,.T.);
#2771=ORIENTED_EDGE('',*,*,#2099,.T.);
#2772=ORIENTED_EDGE('',*,*,#2105,.T.);
#2773=ORIENTED_EDGE('',*,*,#2111,.T.);
#2774=ORIENTED_EDGE('',*,*,#2117,.T.);
#2775=ORIENTED_EDGE('',*,*,#2150,.F.);
#2776=ORIENTED_EDGE('',*,*,#2149,.T.);
#2777=ORIENTED_EDGE('',*,*,#2046,.T.);
#2778=ORIENTED_EDGE('',*,*,#2151,.F.);
#2779=ORIENTED_EDGE('',*,*,#2041,.F.);
#2780=ORIENTED_EDGE('',*,*,#2035,.F.);
#2781=ORIENTED_EDGE('',*,*,#2029,.F.);
#2782=ORIENTED_EDGE('',*,*,#2023,.F.);
#2783=ORIENTED_EDGE('',*,*,#1982,.F.);
#2784=ORIENTED_EDGE('',*,*,#1984,.F.);
#2785=ORIENTED_EDGE('',*,*,#1975,.F.);
#2786=ORIENTED_EDGE('',*,*,#1979,.F.);
#2787=ORIENTED_EDGE('',*,*,#2080,.T.);
#2788=ORIENTED_EDGE('',*,*,#2077,.T.);
#2789=ORIENTED_EDGE('',*,*,#2074,.T.);
#2790=ORIENTED_EDGE('',*,*,#2083,.T.);
#2791=ORIENTED_EDGE('',*,*,#2122,.T.);
#2792=ORIENTED_EDGE('',*,*,#2127,.T.);
#2793=ORIENTED_EDGE('',*,*,#2132,.T.);
#2794=ORIENTED_EDGE('',*,*,#2137,.T.);
#2795=ORIENTED_EDGE('',*,*,#2152,.F.);
#2796=ORIENTED_EDGE('',*,*,#2151,.T.);
#2797=ORIENTED_EDGE('',*,*,#2045,.T.);
#2798=ORIENTED_EDGE('',*,*,#2058,.F.);
#2799=ORIENTED_EDGE('',*,*,#2017,.F.);
#2800=ORIENTED_EDGE('',*,*,#2011,.F.);
#2801=ORIENTED_EDGE('',*,*,#2005,.F.);
#2802=ORIENTED_EDGE('',*,*,#1999,.F.);
#2803=ORIENTED_EDGE('',*,*,#1993,.F.);
#2804=ORIENTED_EDGE('',*,*,#1987,.F.);
#2805=ORIENTED_EDGE('',*,*,#2086,.T.);
#2806=ORIENTED_EDGE('',*,*,#2092,.T.);
#2807=ORIENTED_EDGE('',*,*,#2098,.T.);
#2808=ORIENTED_EDGE('',*,*,#2104,.T.);
#2809=ORIENTED_EDGE('',*,*,#2110,.T.);
#2810=ORIENTED_EDGE('',*,*,#2116,.T.);
#2811=ORIENTED_EDGE('',*,*,#2152,.T.);
#2812=ORIENTED_EDGE('',*,*,#2057,.T.);
#2813=ORIENTED_EDGE('',*,*,#2148,.T.);
#2814=ORIENTED_EDGE('',*,*,#2150,.T.);
#2815=ORIENTED_EDGE('',*,*,#2144,.T.);
#2816=ORIENTED_EDGE('',*,*,#2142,.T.);
#2817=ORIENTED_EDGE('',*,*,#2147,.T.);
#2818=ORIENTED_EDGE('',*,*,#2146,.T.);
#2819=ORIENTED_EDGE('',*,*,#2153,.T.);
#2820=ORIENTED_EDGE('',*,*,#2154,.T.);
#2821=ORIENTED_EDGE('',*,*,#2155,.T.);
#2822=ORIENTED_EDGE('',*,*,#2154,.F.);
#2823=ORIENTED_EDGE('',*,*,#2156,.T.);
#2824=ORIENTED_EDGE('',*,*,#2157,.T.);
#2825=ORIENTED_EDGE('',*,*,#2158,.T.);
#2826=ORIENTED_EDGE('',*,*,#2157,.F.);
#2827=ORIENTED_EDGE('',*,*,#2159,.T.);
#2828=ORIENTED_EDGE('',*,*,#2160,.T.);
#2829=ORIENTED_EDGE('',*,*,#2161,.T.);
#2830=ORIENTED_EDGE('',*,*,#2160,.F.);
#2831=ORIENTED_EDGE('',*,*,#2162,.T.);
#2832=ORIENTED_EDGE('',*,*,#2163,.T.);
#2833=ORIENTED_EDGE('',*,*,#2164,.T.);
#2834=ORIENTED_EDGE('',*,*,#2163,.F.);
#2835=ORIENTED_EDGE('',*,*,#2165,.T.);
#2836=ORIENTED_EDGE('',*,*,#2166,.T.);
#2837=ORIENTED_EDGE('',*,*,#2167,.T.);
#2838=ORIENTED_EDGE('',*,*,#2166,.F.);
#2839=ORIENTED_EDGE('',*,*,#2168,.T.);
#2840=ORIENTED_EDGE('',*,*,#2169,.T.);
#2841=ORIENTED_EDGE('',*,*,#2170,.T.);
#2842=ORIENTED_EDGE('',*,*,#2169,.F.);
#2843=ORIENTED_EDGE('',*,*,#2171,.T.);
#2844=ORIENTED_EDGE('',*,*,#2172,.T.);
#2845=ORIENTED_EDGE('',*,*,#2173,.T.);
#2846=ORIENTED_EDGE('',*,*,#2172,.F.);
#2847=ORIENTED_EDGE('',*,*,#2174,.T.);
#2848=ORIENTED_EDGE('',*,*,#2175,.T.);
#2849=ORIENTED_EDGE('',*,*,#2176,.T.);
#2850=ORIENTED_EDGE('',*,*,#2175,.F.);
#2851=ORIENTED_EDGE('',*,*,#2177,.T.);
#2852=ORIENTED_EDGE('',*,*,#2178,.T.);
#2853=ORIENTED_EDGE('',*,*,#2179,.T.);
#2854=ORIENTED_EDGE('',*,*,#2178,.F.);
#2855=ORIENTED_EDGE('',*,*,#2180,.T.);
#2856=ORIENTED_EDGE('',*,*,#2181,.T.);
#2857=ORIENTED_EDGE('',*,*,#2182,.T.);
#2858=ORIENTED_EDGE('',*,*,#2181,.F.);
#2859=ORIENTED_EDGE('',*,*,#2183,.T.);
#2860=ORIENTED_EDGE('',*,*,#2184,.T.);
#2861=ORIENTED_EDGE('',*,*,#2185,.T.);
#2862=ORIENTED_EDGE('',*,*,#2184,.F.);
#2863=ORIENTED_EDGE('',*,*,#2186,.T.);
#2864=ORIENTED_EDGE('',*,*,#2187,.T.);
#2865=ORIENTED_EDGE('',*,*,#2188,.T.);
#2866=ORIENTED_EDGE('',*,*,#2187,.F.);
#2867=ORIENTED_EDGE('',*,*,#2189,.T.);
#2868=ORIENTED_EDGE('',*,*,#2190,.T.);
#2869=ORIENTED_EDGE('',*,*,#2191,.T.);
#2870=ORIENTED_EDGE('',*,*,#2190,.F.);
#2871=ORIENTED_EDGE('',*,*,#2192,.T.);
#2872=ORIENTED_EDGE('',*,*,#2193,.T.);
#2873=ORIENTED_EDGE('',*,*,#2194,.T.);
#2874=ORIENTED_EDGE('',*,*,#2193,.F.);
#2875=ORIENTED_EDGE('',*,*,#2195,.T.);
#2876=ORIENTED_EDGE('',*,*,#2196,.T.);
#2877=ORIENTED_EDGE('',*,*,#2197,.T.);
#2878=ORIENTED_EDGE('',*,*,#2196,.F.);
#2879=ORIENTED_EDGE('',*,*,#2198,.T.);
#2880=ORIENTED_EDGE('',*,*,#2199,.T.);
#2881=ORIENTED_EDGE('',*,*,#2200,.T.);
#2882=ORIENTED_EDGE('',*,*,#2199,.F.);
#2883=ORIENTED_EDGE('',*,*,#2201,.F.);
#2884=ORIENTED_EDGE('',*,*,#2202,.F.);
#2885=ORIENTED_EDGE('',*,*,#2203,.T.);
#2886=ORIENTED_EDGE('',*,*,#2204,.T.);
#2887=ORIENTED_EDGE('',*,*,#2205,.F.);
#2888=ORIENTED_EDGE('',*,*,#2204,.F.);
#2889=ORIENTED_EDGE('',*,*,#2206,.T.);
#2890=ORIENTED_EDGE('',*,*,#2207,.T.);
#2891=ORIENTED_EDGE('',*,*,#2208,.F.);
#2892=ORIENTED_EDGE('',*,*,#2207,.F.);
#2893=ORIENTED_EDGE('',*,*,#2209,.T.);
#2894=ORIENTED_EDGE('',*,*,#2210,.T.);
#2895=ORIENTED_EDGE('',*,*,#2211,.F.);
#2896=ORIENTED_EDGE('',*,*,#2210,.F.);
#2897=ORIENTED_EDGE('',*,*,#2212,.T.);
#2898=ORIENTED_EDGE('',*,*,#2202,.T.);
#2899=ORIENTED_EDGE('',*,*,#2201,.T.);
#2900=ORIENTED_EDGE('',*,*,#2205,.T.);
#2901=ORIENTED_EDGE('',*,*,#2208,.T.);
#2902=ORIENTED_EDGE('',*,*,#2211,.T.);
#2903=ORIENTED_EDGE('',*,*,#2213,.F.);
#2904=ORIENTED_EDGE('',*,*,#2214,.F.);
#2905=ORIENTED_EDGE('',*,*,#2215,.F.);
#2906=ORIENTED_EDGE('',*,*,#2216,.F.);
#2907=ORIENTED_EDGE('',*,*,#2217,.F.);
#2908=ORIENTED_EDGE('',*,*,#2218,.F.);
#2909=ORIENTED_EDGE('',*,*,#2219,.F.);
#2910=ORIENTED_EDGE('',*,*,#2220,.F.);
#2911=ORIENTED_EDGE('',*,*,#2203,.F.);
#2912=ORIENTED_EDGE('',*,*,#2212,.F.);
#2913=ORIENTED_EDGE('',*,*,#2209,.F.);
#2914=ORIENTED_EDGE('',*,*,#2206,.F.);
#2915=ORIENTED_EDGE('',*,*,#2221,.F.);
#2916=ORIENTED_EDGE('',*,*,#2222,.T.);
#2917=ORIENTED_EDGE('',*,*,#2223,.F.);
#2918=ORIENTED_EDGE('',*,*,#2222,.F.);
#2919=ORIENTED_EDGE('',*,*,#2224,.F.);
#2920=ORIENTED_EDGE('',*,*,#2225,.T.);
#2921=ORIENTED_EDGE('',*,*,#2226,.F.);
#2922=ORIENTED_EDGE('',*,*,#2225,.F.);
#2923=ORIENTED_EDGE('',*,*,#2227,.F.);
#2924=ORIENTED_EDGE('',*,*,#2228,.T.);
#2925=ORIENTED_EDGE('',*,*,#2229,.F.);
#2926=ORIENTED_EDGE('',*,*,#2228,.F.);
#2927=ORIENTED_EDGE('',*,*,#2230,.F.);
#2928=ORIENTED_EDGE('',*,*,#2231,.T.);
#2929=ORIENTED_EDGE('',*,*,#2232,.F.);
#2930=ORIENTED_EDGE('',*,*,#2231,.F.);
#2931=ORIENTED_EDGE('',*,*,#2233,.F.);
#2932=ORIENTED_EDGE('',*,*,#2234,.T.);
#2933=ORIENTED_EDGE('',*,*,#2235,.F.);
#2934=ORIENTED_EDGE('',*,*,#2234,.F.);
#2935=ORIENTED_EDGE('',*,*,#2236,.F.);
#2936=ORIENTED_EDGE('',*,*,#2237,.T.);
#2937=ORIENTED_EDGE('',*,*,#2238,.F.);
#2938=ORIENTED_EDGE('',*,*,#2237,.F.);
#2939=ORIENTED_EDGE('',*,*,#2239,.F.);
#2940=ORIENTED_EDGE('',*,*,#2240,.T.);
#2941=ORIENTED_EDGE('',*,*,#2241,.F.);
#2942=ORIENTED_EDGE('',*,*,#2240,.F.);
#2943=ORIENTED_EDGE('',*,*,#2242,.F.);
#2944=ORIENTED_EDGE('',*,*,#2243,.T.);
#2945=ORIENTED_EDGE('',*,*,#2244,.F.);
#2946=ORIENTED_EDGE('',*,*,#2243,.F.);
#2947=ORIENTED_EDGE('',*,*,#2245,.F.);
#2948=ORIENTED_EDGE('',*,*,#2246,.T.);
#2949=ORIENTED_EDGE('',*,*,#2247,.F.);
#2950=ORIENTED_EDGE('',*,*,#2246,.F.);
#2951=ORIENTED_EDGE('',*,*,#2248,.F.);
#2952=ORIENTED_EDGE('',*,*,#2249,.T.);
#2953=ORIENTED_EDGE('',*,*,#2250,.F.);
#2954=ORIENTED_EDGE('',*,*,#2249,.F.);
#2955=ORIENTED_EDGE('',*,*,#2251,.F.);
#2956=ORIENTED_EDGE('',*,*,#2252,.T.);
#2957=ORIENTED_EDGE('',*,*,#2253,.F.);
#2958=ORIENTED_EDGE('',*,*,#2252,.F.);
#2959=ORIENTED_EDGE('',*,*,#2254,.F.);
#2960=ORIENTED_EDGE('',*,*,#2255,.T.);
#2961=ORIENTED_EDGE('',*,*,#2256,.F.);
#2962=ORIENTED_EDGE('',*,*,#2255,.F.);
#2963=ORIENTED_EDGE('',*,*,#2257,.F.);
#2964=ORIENTED_EDGE('',*,*,#2258,.T.);
#2965=ORIENTED_EDGE('',*,*,#2259,.F.);
#2966=ORIENTED_EDGE('',*,*,#2258,.F.);
#2967=ORIENTED_EDGE('',*,*,#2260,.F.);
#2968=ORIENTED_EDGE('',*,*,#2261,.T.);
#2969=ORIENTED_EDGE('',*,*,#2262,.F.);
#2970=ORIENTED_EDGE('',*,*,#2261,.F.);
#2971=ORIENTED_EDGE('',*,*,#2263,.F.);
#2972=ORIENTED_EDGE('',*,*,#2264,.T.);
#2973=ORIENTED_EDGE('',*,*,#2265,.F.);
#2974=ORIENTED_EDGE('',*,*,#2264,.F.);
#2975=ORIENTED_EDGE('',*,*,#2266,.F.);
#2976=ORIENTED_EDGE('',*,*,#2267,.T.);
#2977=ORIENTED_EDGE('',*,*,#2268,.F.);
#2978=ORIENTED_EDGE('',*,*,#2267,.F.);
#2979=ORIENTED_EDGE('',*,*,#2269,.T.);
#2980=ORIENTED_EDGE('',*,*,#2270,.F.);
#2981=ORIENTED_EDGE('',*,*,#2271,.F.);
#2982=ORIENTED_EDGE('',*,*,#2272,.T.);
#2983=ORIENTED_EDGE('',*,*,#2273,.T.);
#2984=ORIENTED_EDGE('',*,*,#2274,.F.);
#2985=ORIENTED_EDGE('',*,*,#2275,.F.);
#2986=ORIENTED_EDGE('',*,*,#2270,.T.);
#2987=ORIENTED_EDGE('',*,*,#2276,.T.);
#2988=ORIENTED_EDGE('',*,*,#2277,.F.);
#2989=ORIENTED_EDGE('',*,*,#2278,.F.);
#2990=ORIENTED_EDGE('',*,*,#2274,.T.);
#2991=ORIENTED_EDGE('',*,*,#2279,.T.);
#2992=ORIENTED_EDGE('',*,*,#2272,.F.);
#2993=ORIENTED_EDGE('',*,*,#2280,.F.);
#2994=ORIENTED_EDGE('',*,*,#2277,.T.);
#2995=ORIENTED_EDGE('',*,*,#2269,.F.);
#2996=ORIENTED_EDGE('',*,*,#2279,.F.);
#2997=ORIENTED_EDGE('',*,*,#2276,.F.);
#2998=ORIENTED_EDGE('',*,*,#2273,.F.);
#2999=ORIENTED_EDGE('',*,*,#2281,.T.);
#3000=ORIENTED_EDGE('',*,*,#2282,.T.);
#3001=ORIENTED_EDGE('',*,*,#2283,.T.);
#3002=ORIENTED_EDGE('',*,*,#2284,.T.);
#3003=ORIENTED_EDGE('',*,*,#2285,.F.);
#3004=ORIENTED_EDGE('',*,*,#2215,.T.);
#3005=ORIENTED_EDGE('',*,*,#2286,.F.);
#3006=ORIENTED_EDGE('',*,*,#2283,.F.);
#3007=ORIENTED_EDGE('',*,*,#2200,.F.);
#3008=ORIENTED_EDGE('',*,*,#2194,.F.);
#3009=ORIENTED_EDGE('',*,*,#2188,.F.);
#3010=ORIENTED_EDGE('',*,*,#2182,.F.);
#3011=ORIENTED_EDGE('',*,*,#2176,.F.);
#3012=ORIENTED_EDGE('',*,*,#2170,.F.);
#3013=ORIENTED_EDGE('',*,*,#2238,.T.);
#3014=ORIENTED_EDGE('',*,*,#2244,.T.);
#3015=ORIENTED_EDGE('',*,*,#2250,.T.);
#3016=ORIENTED_EDGE('',*,*,#2256,.T.);
#3017=ORIENTED_EDGE('',*,*,#2262,.T.);
#3018=ORIENTED_EDGE('',*,*,#2268,.T.);
#3019=ORIENTED_EDGE('',*,*,#2287,.F.);
#3020=ORIENTED_EDGE('',*,*,#2216,.T.);
#3021=ORIENTED_EDGE('',*,*,#2285,.T.);
#3022=ORIENTED_EDGE('',*,*,#2282,.F.);
#3023=ORIENTED_EDGE('',*,*,#2162,.F.);
#3024=ORIENTED_EDGE('',*,*,#2156,.F.);
#3025=ORIENTED_EDGE('',*,*,#2224,.T.);
#3026=ORIENTED_EDGE('',*,*,#2230,.T.);
#3027=ORIENTED_EDGE('',*,*,#2288,.T.);
#3028=ORIENTED_EDGE('',*,*,#2213,.T.);
#3029=ORIENTED_EDGE('',*,*,#2287,.T.);
#3030=ORIENTED_EDGE('',*,*,#2281,.F.);
#3031=ORIENTED_EDGE('',*,*,#2195,.F.);
#3032=ORIENTED_EDGE('',*,*,#2189,.F.);
#3033=ORIENTED_EDGE('',*,*,#2183,.F.);
#3034=ORIENTED_EDGE('',*,*,#2177,.F.);
#3035=ORIENTED_EDGE('',*,*,#2171,.F.);
#3036=ORIENTED_EDGE('',*,*,#2165,.F.);
#3037=ORIENTED_EDGE('',*,*,#2233,.T.);
#3038=ORIENTED_EDGE('',*,*,#2239,.T.);
#3039=ORIENTED_EDGE('',*,*,#2245,.T.);
#3040=ORIENTED_EDGE('',*,*,#2251,.T.);
#3041=ORIENTED_EDGE('',*,*,#2257,.T.);
#3042=ORIENTED_EDGE('',*,*,#2263,.T.);
#3043=ORIENTED_EDGE('',*,*,#2286,.T.);
#3044=ORIENTED_EDGE('',*,*,#2214,.T.);
#3045=ORIENTED_EDGE('',*,*,#2288,.F.);
#3046=ORIENTED_EDGE('',*,*,#2284,.F.);
#3047=ORIENTED_EDGE('',*,*,#2161,.F.);
#3048=ORIENTED_EDGE('',*,*,#2155,.F.);
#3049=ORIENTED_EDGE('',*,*,#2223,.T.);
#3050=ORIENTED_EDGE('',*,*,#2229,.T.);
#3051=ORIENTED_EDGE('',*,*,#2289,.F.);
#3052=ORIENTED_EDGE('',*,*,#2290,.T.);
#3053=ORIENTED_EDGE('',*,*,#2220,.T.);
#3054=ORIENTED_EDGE('',*,*,#2291,.F.);
#3055=ORIENTED_EDGE('',*,*,#2198,.F.);
#3056=ORIENTED_EDGE('',*,*,#2192,.F.);
#3057=ORIENTED_EDGE('',*,*,#2186,.F.);
#3058=ORIENTED_EDGE('',*,*,#2180,.F.);
#3059=ORIENTED_EDGE('',*,*,#2174,.F.);
#3060=ORIENTED_EDGE('',*,*,#2168,.F.);
#3061=ORIENTED_EDGE('',*,*,#2236,.T.);
#3062=ORIENTED_EDGE('',*,*,#2242,.T.);
#3063=ORIENTED_EDGE('',*,*,#2248,.T.);
#3064=ORIENTED_EDGE('',*,*,#2254,.T.);
#3065=ORIENTED_EDGE('',*,*,#2260,.T.);
#3066=ORIENTED_EDGE('',*,*,#2266,.T.);
#3067=ORIENTED_EDGE('',*,*,#2292,.F.);
#3068=ORIENTED_EDGE('',*,*,#2291,.T.);
#3069=ORIENTED_EDGE('',*,*,#2219,.T.);
#3070=ORIENTED_EDGE('',*,*,#2293,.F.);
#3071=ORIENTED_EDGE('',*,*,#2164,.F.);
#3072=ORIENTED_EDGE('',*,*,#2158,.F.);
#3073=ORIENTED_EDGE('',*,*,#2226,.T.);
#3074=ORIENTED_EDGE('',*,*,#2232,.T.);
#3075=ORIENTED_EDGE('',*,*,#2294,.F.);
#3076=ORIENTED_EDGE('',*,*,#2293,.T.);
#3077=ORIENTED_EDGE('',*,*,#2218,.T.);
#3078=ORIENTED_EDGE('',*,*,#2295,.F.);
#3079=ORIENTED_EDGE('',*,*,#2197,.F.);
#3080=ORIENTED_EDGE('',*,*,#2191,.F.);
#3081=ORIENTED_EDGE('',*,*,#2185,.F.);
#3082=ORIENTED_EDGE('',*,*,#2179,.F.);
#3083=ORIENTED_EDGE('',*,*,#2173,.F.);
#3084=ORIENTED_EDGE('',*,*,#2167,.F.);
#3085=ORIENTED_EDGE('',*,*,#2235,.T.);
#3086=ORIENTED_EDGE('',*,*,#2241,.T.);
#3087=ORIENTED_EDGE('',*,*,#2247,.T.);
#3088=ORIENTED_EDGE('',*,*,#2253,.T.);
#3089=ORIENTED_EDGE('',*,*,#2259,.T.);
#3090=ORIENTED_EDGE('',*,*,#2265,.T.);
#3091=ORIENTED_EDGE('',*,*,#2296,.F.);
#3092=ORIENTED_EDGE('',*,*,#2295,.T.);
#3093=ORIENTED_EDGE('',*,*,#2217,.T.);
#3094=ORIENTED_EDGE('',*,*,#2290,.F.);
#3095=ORIENTED_EDGE('',*,*,#2159,.F.);
#3096=ORIENTED_EDGE('',*,*,#2153,.F.);
#3097=ORIENTED_EDGE('',*,*,#2221,.T.);
#3098=ORIENTED_EDGE('',*,*,#2227,.T.);
#3099=ORIENTED_EDGE('',*,*,#2296,.T.);
#3100=ORIENTED_EDGE('',*,*,#2289,.T.);
#3101=ORIENTED_EDGE('',*,*,#2292,.T.);
#3102=ORIENTED_EDGE('',*,*,#2294,.T.);
#3103=ORIENTED_EDGE('',*,*,#2271,.T.);
#3104=ORIENTED_EDGE('',*,*,#2275,.T.);
#3105=ORIENTED_EDGE('',*,*,#2278,.T.);
#3106=ORIENTED_EDGE('',*,*,#2280,.T.);
#3107=ORIENTED_EDGE('',*,*,#2297,.F.);
#3108=ORIENTED_EDGE('',*,*,#2298,.T.);
#3109=ORIENTED_EDGE('',*,*,#2299,.F.);
#3110=ORIENTED_EDGE('',*,*,#2298,.F.);
#3111=ORIENTED_EDGE('',*,*,#2300,.F.);
#3112=ORIENTED_EDGE('',*,*,#2301,.T.);
#3113=ORIENTED_EDGE('',*,*,#2302,.F.);
#3114=ORIENTED_EDGE('',*,*,#2301,.F.);
#3115=ORIENTED_EDGE('',*,*,#2303,.F.);
#3116=ORIENTED_EDGE('',*,*,#2304,.T.);
#3117=ORIENTED_EDGE('',*,*,#2305,.F.);
#3118=ORIENTED_EDGE('',*,*,#2304,.F.);
#3119=ORIENTED_EDGE('',*,*,#2306,.F.);
#3120=ORIENTED_EDGE('',*,*,#2307,.T.);
#3121=ORIENTED_EDGE('',*,*,#2308,.F.);
#3122=ORIENTED_EDGE('',*,*,#2307,.F.);
#3123=ORIENTED_EDGE('',*,*,#2309,.F.);
#3124=ORIENTED_EDGE('',*,*,#2310,.T.);
#3125=ORIENTED_EDGE('',*,*,#2311,.F.);
#3126=ORIENTED_EDGE('',*,*,#2310,.F.);
#3127=ORIENTED_EDGE('',*,*,#2312,.F.);
#3128=ORIENTED_EDGE('',*,*,#2313,.T.);
#3129=ORIENTED_EDGE('',*,*,#2314,.F.);
#3130=ORIENTED_EDGE('',*,*,#2313,.F.);
#3131=ORIENTED_EDGE('',*,*,#2315,.T.);
#3132=ORIENTED_EDGE('',*,*,#2316,.T.);
#3133=ORIENTED_EDGE('',*,*,#2317,.T.);
#3134=ORIENTED_EDGE('',*,*,#2316,.F.);
#3135=ORIENTED_EDGE('',*,*,#2318,.T.);
#3136=ORIENTED_EDGE('',*,*,#2319,.T.);
#3137=ORIENTED_EDGE('',*,*,#2320,.T.);
#3138=ORIENTED_EDGE('',*,*,#2319,.F.);
#3139=ORIENTED_EDGE('',*,*,#2321,.T.);
#3140=ORIENTED_EDGE('',*,*,#2322,.T.);
#3141=ORIENTED_EDGE('',*,*,#2323,.T.);
#3142=ORIENTED_EDGE('',*,*,#2322,.F.);
#3143=ORIENTED_EDGE('',*,*,#2324,.T.);
#3144=ORIENTED_EDGE('',*,*,#2325,.T.);
#3145=ORIENTED_EDGE('',*,*,#2326,.T.);
#3146=ORIENTED_EDGE('',*,*,#2325,.F.);
#3147=ORIENTED_EDGE('',*,*,#2327,.T.);
#3148=ORIENTED_EDGE('',*,*,#2328,.T.);
#3149=ORIENTED_EDGE('',*,*,#2329,.T.);
#3150=ORIENTED_EDGE('',*,*,#2328,.F.);
#3151=ORIENTED_EDGE('',*,*,#2330,.T.);
#3152=ORIENTED_EDGE('',*,*,#2331,.T.);
#3153=ORIENTED_EDGE('',*,*,#2332,.T.);
#3154=ORIENTED_EDGE('',*,*,#2331,.F.);
#3155=ORIENTED_EDGE('',*,*,#2333,.T.);
#3156=ORIENTED_EDGE('',*,*,#2334,.T.);
#3157=ORIENTED_EDGE('',*,*,#2335,.T.);
#3158=ORIENTED_EDGE('',*,*,#2334,.F.);
#3159=ORIENTED_EDGE('',*,*,#2336,.T.);
#3160=ORIENTED_EDGE('',*,*,#2337,.T.);
#3161=ORIENTED_EDGE('',*,*,#2338,.T.);
#3162=ORIENTED_EDGE('',*,*,#2337,.F.);
#3163=ORIENTED_EDGE('',*,*,#2339,.T.);
#3164=ORIENTED_EDGE('',*,*,#2340,.T.);
#3165=ORIENTED_EDGE('',*,*,#2341,.T.);
#3166=ORIENTED_EDGE('',*,*,#2340,.F.);
#3167=ORIENTED_EDGE('',*,*,#2342,.T.);
#3168=ORIENTED_EDGE('',*,*,#2343,.T.);
#3169=ORIENTED_EDGE('',*,*,#2344,.T.);
#3170=ORIENTED_EDGE('',*,*,#2343,.F.);
#3171=ORIENTED_EDGE('',*,*,#2345,.T.);
#3172=ORIENTED_EDGE('',*,*,#2346,.T.);
#3173=ORIENTED_EDGE('',*,*,#2347,.T.);
#3174=ORIENTED_EDGE('',*,*,#2346,.F.);
#3175=ORIENTED_EDGE('',*,*,#2348,.T.);
#3176=ORIENTED_EDGE('',*,*,#2349,.T.);
#3177=ORIENTED_EDGE('',*,*,#2350,.T.);
#3178=ORIENTED_EDGE('',*,*,#2349,.F.);
#3179=ORIENTED_EDGE('',*,*,#2351,.F.);
#3180=ORIENTED_EDGE('',*,*,#2352,.F.);
#3181=ORIENTED_EDGE('',*,*,#2353,.T.);
#3182=ORIENTED_EDGE('',*,*,#2354,.T.);
#3183=ORIENTED_EDGE('',*,*,#2355,.F.);
#3184=ORIENTED_EDGE('',*,*,#2354,.F.);
#3185=ORIENTED_EDGE('',*,*,#2356,.T.);
#3186=ORIENTED_EDGE('',*,*,#2357,.T.);
#3187=ORIENTED_EDGE('',*,*,#2358,.F.);
#3188=ORIENTED_EDGE('',*,*,#2357,.F.);
#3189=ORIENTED_EDGE('',*,*,#2359,.T.);
#3190=ORIENTED_EDGE('',*,*,#2360,.T.);
#3191=ORIENTED_EDGE('',*,*,#2361,.F.);
#3192=ORIENTED_EDGE('',*,*,#2360,.F.);
#3193=ORIENTED_EDGE('',*,*,#2362,.T.);
#3194=ORIENTED_EDGE('',*,*,#2352,.T.);
#3195=ORIENTED_EDGE('',*,*,#2351,.T.);
#3196=ORIENTED_EDGE('',*,*,#2355,.T.);
#3197=ORIENTED_EDGE('',*,*,#2358,.T.);
#3198=ORIENTED_EDGE('',*,*,#2361,.T.);
#3199=ORIENTED_EDGE('',*,*,#2363,.F.);
#3200=ORIENTED_EDGE('',*,*,#2364,.F.);
#3201=ORIENTED_EDGE('',*,*,#2365,.F.);
#3202=ORIENTED_EDGE('',*,*,#2366,.F.);
#3203=ORIENTED_EDGE('',*,*,#2367,.F.);
#3204=ORIENTED_EDGE('',*,*,#2368,.F.);
#3205=ORIENTED_EDGE('',*,*,#2369,.F.);
#3206=ORIENTED_EDGE('',*,*,#2370,.F.);
#3207=ORIENTED_EDGE('',*,*,#2353,.F.);
#3208=ORIENTED_EDGE('',*,*,#2362,.F.);
#3209=ORIENTED_EDGE('',*,*,#2359,.F.);
#3210=ORIENTED_EDGE('',*,*,#2356,.F.);
#3211=ORIENTED_EDGE('',*,*,#2371,.F.);
#3212=ORIENTED_EDGE('',*,*,#2372,.T.);
#3213=ORIENTED_EDGE('',*,*,#2373,.F.);
#3214=ORIENTED_EDGE('',*,*,#2372,.F.);
#3215=ORIENTED_EDGE('',*,*,#2374,.F.);
#3216=ORIENTED_EDGE('',*,*,#2375,.T.);
#3217=ORIENTED_EDGE('',*,*,#2376,.F.);
#3218=ORIENTED_EDGE('',*,*,#2375,.F.);
#3219=ORIENTED_EDGE('',*,*,#2377,.F.);
#3220=ORIENTED_EDGE('',*,*,#2378,.T.);
#3221=ORIENTED_EDGE('',*,*,#2379,.F.);
#3222=ORIENTED_EDGE('',*,*,#2378,.F.);
#3223=ORIENTED_EDGE('',*,*,#2380,.F.);
#3224=ORIENTED_EDGE('',*,*,#2381,.T.);
#3225=ORIENTED_EDGE('',*,*,#2382,.F.);
#3226=ORIENTED_EDGE('',*,*,#2381,.F.);
#3227=ORIENTED_EDGE('',*,*,#2383,.F.);
#3228=ORIENTED_EDGE('',*,*,#2384,.T.);
#3229=ORIENTED_EDGE('',*,*,#2385,.F.);
#3230=ORIENTED_EDGE('',*,*,#2384,.F.);
#3231=ORIENTED_EDGE('',*,*,#2386,.F.);
#3232=ORIENTED_EDGE('',*,*,#2387,.T.);
#3233=ORIENTED_EDGE('',*,*,#2388,.F.);
#3234=ORIENTED_EDGE('',*,*,#2387,.F.);
#3235=ORIENTED_EDGE('',*,*,#2389,.F.);
#3236=ORIENTED_EDGE('',*,*,#2390,.T.);
#3237=ORIENTED_EDGE('',*,*,#2391,.F.);
#3238=ORIENTED_EDGE('',*,*,#2390,.F.);
#3239=ORIENTED_EDGE('',*,*,#2392,.F.);
#3240=ORIENTED_EDGE('',*,*,#2393,.T.);
#3241=ORIENTED_EDGE('',*,*,#2394,.F.);
#3242=ORIENTED_EDGE('',*,*,#2393,.F.);
#3243=ORIENTED_EDGE('',*,*,#2395,.F.);
#3244=ORIENTED_EDGE('',*,*,#2396,.T.);
#3245=ORIENTED_EDGE('',*,*,#2397,.F.);
#3246=ORIENTED_EDGE('',*,*,#2396,.F.);
#3247=ORIENTED_EDGE('',*,*,#2398,.F.);
#3248=ORIENTED_EDGE('',*,*,#2399,.T.);
#3249=ORIENTED_EDGE('',*,*,#2400,.F.);
#3250=ORIENTED_EDGE('',*,*,#2399,.F.);
#3251=ORIENTED_EDGE('',*,*,#2401,.F.);
#3252=ORIENTED_EDGE('',*,*,#2402,.T.);
#3253=ORIENTED_EDGE('',*,*,#2403,.F.);
#3254=ORIENTED_EDGE('',*,*,#2402,.F.);
#3255=ORIENTED_EDGE('',*,*,#2404,.F.);
#3256=ORIENTED_EDGE('',*,*,#2405,.T.);
#3257=ORIENTED_EDGE('',*,*,#2406,.F.);
#3258=ORIENTED_EDGE('',*,*,#2405,.F.);
#3259=ORIENTED_EDGE('',*,*,#2407,.T.);
#3260=ORIENTED_EDGE('',*,*,#2408,.F.);
#3261=ORIENTED_EDGE('',*,*,#2409,.F.);
#3262=ORIENTED_EDGE('',*,*,#2410,.T.);
#3263=ORIENTED_EDGE('',*,*,#2411,.T.);
#3264=ORIENTED_EDGE('',*,*,#2412,.F.);
#3265=ORIENTED_EDGE('',*,*,#2413,.F.);
#3266=ORIENTED_EDGE('',*,*,#2408,.T.);
#3267=ORIENTED_EDGE('',*,*,#2414,.T.);
#3268=ORIENTED_EDGE('',*,*,#2415,.F.);
#3269=ORIENTED_EDGE('',*,*,#2416,.F.);
#3270=ORIENTED_EDGE('',*,*,#2412,.T.);
#3271=ORIENTED_EDGE('',*,*,#2417,.T.);
#3272=ORIENTED_EDGE('',*,*,#2410,.F.);
#3273=ORIENTED_EDGE('',*,*,#2418,.F.);
#3274=ORIENTED_EDGE('',*,*,#2415,.T.);
#3275=ORIENTED_EDGE('',*,*,#2407,.F.);
#3276=ORIENTED_EDGE('',*,*,#2417,.F.);
#3277=ORIENTED_EDGE('',*,*,#2414,.F.);
#3278=ORIENTED_EDGE('',*,*,#2411,.F.);
#3279=ORIENTED_EDGE('',*,*,#2419,.T.);
#3280=ORIENTED_EDGE('',*,*,#2420,.T.);
#3281=ORIENTED_EDGE('',*,*,#2421,.T.);
#3282=ORIENTED_EDGE('',*,*,#2422,.T.);
#3283=ORIENTED_EDGE('',*,*,#2423,.F.);
#3284=ORIENTED_EDGE('',*,*,#2365,.T.);
#3285=ORIENTED_EDGE('',*,*,#2424,.F.);
#3286=ORIENTED_EDGE('',*,*,#2421,.F.);
#3287=ORIENTED_EDGE('',*,*,#2406,.T.);
#3288=ORIENTED_EDGE('',*,*,#2400,.T.);
#3289=ORIENTED_EDGE('',*,*,#2394,.T.);
#3290=ORIENTED_EDGE('',*,*,#2388,.T.);
#3291=ORIENTED_EDGE('',*,*,#2382,.T.);
#3292=ORIENTED_EDGE('',*,*,#2376,.T.);
#3293=ORIENTED_EDGE('',*,*,#2320,.F.);
#3294=ORIENTED_EDGE('',*,*,#2326,.F.);
#3295=ORIENTED_EDGE('',*,*,#2332,.F.);
#3296=ORIENTED_EDGE('',*,*,#2338,.F.);
#3297=ORIENTED_EDGE('',*,*,#2344,.F.);
#3298=ORIENTED_EDGE('',*,*,#2350,.F.);
#3299=ORIENTED_EDGE('',*,*,#2314,.T.);
#3300=ORIENTED_EDGE('',*,*,#2308,.T.);
#3301=ORIENTED_EDGE('',*,*,#2302,.T.);
#3302=ORIENTED_EDGE('',*,*,#2425,.F.);
#3303=ORIENTED_EDGE('',*,*,#2366,.T.);
#3304=ORIENTED_EDGE('',*,*,#2423,.T.);
#3305=ORIENTED_EDGE('',*,*,#2420,.F.);
#3306=ORIENTED_EDGE('',*,*,#2426,.T.);
#3307=ORIENTED_EDGE('',*,*,#2363,.T.);
#3308=ORIENTED_EDGE('',*,*,#2425,.T.);
#3309=ORIENTED_EDGE('',*,*,#2419,.F.);
#3310=ORIENTED_EDGE('',*,*,#2401,.T.);
#3311=ORIENTED_EDGE('',*,*,#2395,.T.);
#3312=ORIENTED_EDGE('',*,*,#2389,.T.);
#3313=ORIENTED_EDGE('',*,*,#2383,.T.);
#3314=ORIENTED_EDGE('',*,*,#2377,.T.);
#3315=ORIENTED_EDGE('',*,*,#2371,.T.);
#3316=ORIENTED_EDGE('',*,*,#2315,.F.);
#3317=ORIENTED_EDGE('',*,*,#2321,.F.);
#3318=ORIENTED_EDGE('',*,*,#2327,.F.);
#3319=ORIENTED_EDGE('',*,*,#2333,.F.);
#3320=ORIENTED_EDGE('',*,*,#2339,.F.);
#3321=ORIENTED_EDGE('',*,*,#2345,.F.);
#3322=ORIENTED_EDGE('',*,*,#2309,.T.);
#3323=ORIENTED_EDGE('',*,*,#2303,.T.);
#3324=ORIENTED_EDGE('',*,*,#2297,.T.);
#3325=ORIENTED_EDGE('',*,*,#2424,.T.);
#3326=ORIENTED_EDGE('',*,*,#2364,.T.);
#3327=ORIENTED_EDGE('',*,*,#2426,.F.);
#3328=ORIENTED_EDGE('',*,*,#2422,.F.);
#3329=ORIENTED_EDGE('',*,*,#2427,.F.);
#3330=ORIENTED_EDGE('',*,*,#2428,.T.);
#3331=ORIENTED_EDGE('',*,*,#2370,.T.);
#3332=ORIENTED_EDGE('',*,*,#2429,.F.);
#3333=ORIENTED_EDGE('',*,*,#2404,.T.);
#3334=ORIENTED_EDGE('',*,*,#2398,.T.);
#3335=ORIENTED_EDGE('',*,*,#2392,.T.);
#3336=ORIENTED_EDGE('',*,*,#2386,.T.);
#3337=ORIENTED_EDGE('',*,*,#2380,.T.);
#3338=ORIENTED_EDGE('',*,*,#2374,.T.);
#3339=ORIENTED_EDGE('',*,*,#2318,.F.);
#3340=ORIENTED_EDGE('',*,*,#2324,.F.);
#3341=ORIENTED_EDGE('',*,*,#2330,.F.);
#3342=ORIENTED_EDGE('',*,*,#2336,.F.);
#3343=ORIENTED_EDGE('',*,*,#2342,.F.);
#3344=ORIENTED_EDGE('',*,*,#2348,.F.);
#3345=ORIENTED_EDGE('',*,*,#2312,.T.);
#3346=ORIENTED_EDGE('',*,*,#2306,.T.);
#3347=ORIENTED_EDGE('',*,*,#2300,.T.);
#3348=ORIENTED_EDGE('',*,*,#2430,.F.);
#3349=ORIENTED_EDGE('',*,*,#2429,.T.);
#3350=ORIENTED_EDGE('',*,*,#2369,.T.);
#3351=ORIENTED_EDGE('',*,*,#2431,.F.);
#3352=ORIENTED_EDGE('',*,*,#2432,.F.);
#3353=ORIENTED_EDGE('',*,*,#2433,.F.);
#3354=ORIENTED_EDGE('',*,*,#2431,.T.);
#3355=ORIENTED_EDGE('',*,*,#2368,.T.);
#3356=ORIENTED_EDGE('',*,*,#2347,.F.);
#3357=ORIENTED_EDGE('',*,*,#2341,.F.);
#3358=ORIENTED_EDGE('',*,*,#2335,.F.);
#3359=ORIENTED_EDGE('',*,*,#2329,.F.);
#3360=ORIENTED_EDGE('',*,*,#2323,.F.);
#3361=ORIENTED_EDGE('',*,*,#2317,.F.);
#3362=ORIENTED_EDGE('',*,*,#2373,.T.);
#3363=ORIENTED_EDGE('',*,*,#2379,.T.);
#3364=ORIENTED_EDGE('',*,*,#2385,.T.);
#3365=ORIENTED_EDGE('',*,*,#2391,.T.);
#3366=ORIENTED_EDGE('',*,*,#2397,.T.);
#3367=ORIENTED_EDGE('',*,*,#2403,.T.);
#3368=ORIENTED_EDGE('',*,*,#2311,.T.);
#3369=ORIENTED_EDGE('',*,*,#2305,.T.);
#3370=ORIENTED_EDGE('',*,*,#2299,.T.);
#3371=ORIENTED_EDGE('',*,*,#2434,.F.);
#3372=ORIENTED_EDGE('',*,*,#2432,.T.);
#3373=ORIENTED_EDGE('',*,*,#2367,.T.);
#3374=ORIENTED_EDGE('',*,*,#2428,.F.);
#3375=ORIENTED_EDGE('',*,*,#2434,.T.);
#3376=ORIENTED_EDGE('',*,*,#2427,.T.);
#3377=ORIENTED_EDGE('',*,*,#2430,.T.);
#3378=ORIENTED_EDGE('',*,*,#2433,.T.);
#3379=ORIENTED_EDGE('',*,*,#2409,.T.);
#3380=ORIENTED_EDGE('',*,*,#2413,.T.);
#3381=ORIENTED_EDGE('',*,*,#2416,.T.);
#3382=ORIENTED_EDGE('',*,*,#2418,.T.);
#3383=PLANE('',#3633);
#3384=PLANE('',#3634);
#3385=PLANE('',#3635);
#3386=PLANE('',#3636);
#3387=PLANE('',#3637);
#3388=PLANE('',#3638);
#3389=PLANE('',#3639);
#3390=PLANE('',#3640);
#3391=PLANE('',#3701);
#3392=PLANE('',#3702);
#3393=PLANE('',#3703);
#3394=PLANE('',#3708);
#3395=PLANE('',#3709);
#3396=PLANE('',#3710);
#3397=PLANE('',#3711);
#3398=PLANE('',#3712);
#3399=PLANE('',#3713);
#3400=PLANE('',#3714);
#3401=PLANE('',#3771);
#3402=PLANE('',#3772);
#3403=PLANE('',#3773);
#3404=PLANE('',#3774);
#3405=PLANE('',#3775);
#3406=PLANE('',#3776);
#3407=PLANE('',#3777);
#3408=PLANE('',#3778);
#3409=PLANE('',#3827);
#3410=PLANE('',#3828);
#3411=PLANE('',#3829);
#3412=PLANE('',#3830);
#3413=PLANE('',#3831);
#3414=PLANE('',#3832);
#3415=PLANE('',#3881);
#3416=PLANE('',#3882);
#3417=PLANE('',#3883);
#3418=PLANE('',#3884);
#3419=PLANE('',#3885);
#3420=PLANE('',#3886);
#3421=PLANE('',#3887);
#3422=PLANE('',#3888);
#3423=PLANE('',#3889);
#3424=PLANE('',#3890);
#3425=PLANE('',#3891);
#3426=PLANE('',#3892);
#3427=PLANE('',#3893);
#3428=PLANE('',#3894);
#3429=PLANE('',#3949);
#3430=PLANE('',#3950);
#3431=PLANE('',#3951);
#3432=PLANE('',#3952);
#3433=PLANE('',#3953);
#3434=PLANE('',#3954);
#3435=PLANE('',#3991);
#3436=PLANE('',#3992);
#3437=PLANE('',#3993);
#3438=PLANE('',#3994);
#3439=PLANE('',#3995);
#3440=PLANE('',#3996);
#3441=PLANE('',#3997);
#3442=PLANE('',#3998);
#3443=PLANE('',#3999);
#3444=PLANE('',#4000);
#3445=PLANE('',#4001);
#3446=PLANE('',#4002);
#3447=PLANE('',#4003);
#3448=PLANE('',#4004);
#3449=ADVANCED_FACE('',(#547),#3383,.T.);
#3450=ADVANCED_FACE('',(#548),#3384,.T.);
#3451=ADVANCED_FACE('',(#549),#3385,.T.);
#3452=ADVANCED_FACE('',(#550),#3386,.T.);
#3453=ADVANCED_FACE('',(#551),#3387,.T.);
#3454=ADVANCED_FACE('',(#552),#3388,.T.);
#3455=ADVANCED_FACE('',(#553),#3389,.T.);
#3456=ADVANCED_FACE('',(#554),#3390,.T.);
#3457=ADVANCED_FACE('',(#555),#445,.F.);
#3458=ADVANCED_FACE('',(#556),#446,.F.);
#3459=ADVANCED_FACE('',(#557),#447,.F.);
#3460=ADVANCED_FACE('',(#558),#448,.F.);
#3461=ADVANCED_FACE('',(#559),#449,.F.);
#3462=ADVANCED_FACE('',(#560),#450,.F.);
#3463=ADVANCED_FACE('',(#561),#451,.F.);
#3464=ADVANCED_FACE('',(#562),#452,.F.);
#3465=ADVANCED_FACE('',(#563),#453,.F.);
#3466=ADVANCED_FACE('',(#564),#454,.F.);
#3467=ADVANCED_FACE('',(#565),#455,.F.);
#3468=ADVANCED_FACE('',(#566),#456,.F.);
#3469=ADVANCED_FACE('',(#567),#457,.F.);
#3470=ADVANCED_FACE('',(#568),#458,.F.);
#3471=ADVANCED_FACE('',(#569),#459,.F.);
#3472=ADVANCED_FACE('',(#570),#460,.F.);
#3473=ADVANCED_FACE('',(#571),#461,.F.);
#3474=ADVANCED_FACE('',(#572),#462,.F.);
#3475=ADVANCED_FACE('',(#573),#463,.F.);
#3476=ADVANCED_FACE('',(#574),#464,.F.);
#3477=ADVANCED_FACE('',(#575,#19),#3391,.F.);
#3478=ADVANCED_FACE('',(#576),#3392,.F.);
#3479=ADVANCED_FACE('',(#577,#20,#21,#22,#23,#24,#25,#26,#27,#28,#29),#3393,
 .T.);
#3480=ADVANCED_FACE('',(#578),#3394,.F.);
#3481=ADVANCED_FACE('',(#579),#3395,.F.);
#3482=ADVANCED_FACE('',(#580),#3396,.F.);
#3483=ADVANCED_FACE('',(#581),#3397,.F.);
#3484=ADVANCED_FACE('',(#582),#3398,.F.);
#3485=ADVANCED_FACE('',(#583),#3399,.F.);
#3486=ADVANCED_FACE('',(#584),#3400,.F.);
#3487=ADVANCED_FACE('',(#585),#465,.F.);
#3488=ADVANCED_FACE('',(#586),#466,.F.);
#3489=ADVANCED_FACE('',(#587),#467,.F.);
#3490=ADVANCED_FACE('',(#588),#468,.F.);
#3491=ADVANCED_FACE('',(#589),#469,.F.);
#3492=ADVANCED_FACE('',(#590),#470,.F.);
#3493=ADVANCED_FACE('',(#591),#471,.F.);
#3494=ADVANCED_FACE('',(#592),#472,.F.);
#3495=ADVANCED_FACE('',(#593),#473,.F.);
#3496=ADVANCED_FACE('',(#594),#474,.F.);
#3497=ADVANCED_FACE('',(#595),#475,.F.);
#3498=ADVANCED_FACE('',(#596),#476,.F.);
#3499=ADVANCED_FACE('',(#597),#477,.F.);
#3500=ADVANCED_FACE('',(#598),#478,.F.);
#3501=ADVANCED_FACE('',(#599),#479,.F.);
#3502=ADVANCED_FACE('',(#600),#480,.F.);
#3503=ADVANCED_FACE('',(#601),#481,.F.);
#3504=ADVANCED_FACE('',(#602),#482,.F.);
#3505=ADVANCED_FACE('',(#603),#483,.F.);
#3506=ADVANCED_FACE('',(#604),#484,.F.);
#3507=ADVANCED_FACE('',(#605,#30,#31,#32,#33,#34,#35,#36,#37,#38,#39),#3401,
 .F.);
#3508=ADVANCED_FACE('',(#606,#40,#41,#42,#43,#44,#45,#46,#47,#48,#49,#50,
#51),#3402,.F.);
#3509=ADVANCED_FACE('',(#607,#52,#53,#54,#55,#56,#57,#58,#59,#60,#61),#3403,
 .F.);
#3510=ADVANCED_FACE('',(#608,#62,#63,#64,#65,#66,#67,#68,#69,#70,#71,#72,
#73),#3404,.F.);
#3511=ADVANCED_FACE('',(#609,#74,#75,#76,#77,#78,#79,#80,#81,#82,#83,#84,
#85),#3405,.T.);
#3512=ADVANCED_FACE('',(#610,#86,#87,#88,#89,#90,#91,#92,#93,#94,#95),#3406,
 .T.);
#3513=ADVANCED_FACE('',(#611,#96,#97,#98,#99,#100,#101,#102,#103,#104,#105,
#106,#107),#3407,.T.);
#3514=ADVANCED_FACE('',(#612,#108),#3408,.T.);
#3515=ADVANCED_FACE('',(#613),#485,.F.);
#3516=ADVANCED_FACE('',(#614),#486,.F.);
#3517=ADVANCED_FACE('',(#615),#487,.F.);
#3518=ADVANCED_FACE('',(#616),#488,.F.);
#3519=ADVANCED_FACE('',(#617),#489,.F.);
#3520=ADVANCED_FACE('',(#618),#490,.F.);
#3521=ADVANCED_FACE('',(#619),#491,.F.);
#3522=ADVANCED_FACE('',(#620),#492,.F.);
#3523=ADVANCED_FACE('',(#621),#493,.F.);
#3524=ADVANCED_FACE('',(#622),#494,.F.);
#3525=ADVANCED_FACE('',(#623),#495,.F.);
#3526=ADVANCED_FACE('',(#624),#496,.F.);
#3527=ADVANCED_FACE('',(#625),#497,.F.);
#3528=ADVANCED_FACE('',(#626),#498,.F.);
#3529=ADVANCED_FACE('',(#627),#499,.F.);
#3530=ADVANCED_FACE('',(#628),#500,.F.);
#3531=ADVANCED_FACE('',(#629),#3409,.T.);
#3532=ADVANCED_FACE('',(#630),#3410,.T.);
#3533=ADVANCED_FACE('',(#631),#3411,.T.);
#3534=ADVANCED_FACE('',(#632),#3412,.T.);
#3535=ADVANCED_FACE('',(#633,#109),#3413,.F.);
#3536=ADVANCED_FACE('',(#634,#110),#3414,.F.);
#3537=ADVANCED_FACE('',(#635),#501,.F.);
#3538=ADVANCED_FACE('',(#636),#502,.F.);
#3539=ADVANCED_FACE('',(#637),#503,.F.);
#3540=ADVANCED_FACE('',(#638),#504,.F.);
#3541=ADVANCED_FACE('',(#639),#505,.F.);
#3542=ADVANCED_FACE('',(#640),#506,.F.);
#3543=ADVANCED_FACE('',(#641),#507,.F.);
#3544=ADVANCED_FACE('',(#642),#508,.F.);
#3545=ADVANCED_FACE('',(#643),#509,.F.);
#3546=ADVANCED_FACE('',(#644),#510,.F.);
#3547=ADVANCED_FACE('',(#645),#511,.F.);
#3548=ADVANCED_FACE('',(#646),#512,.F.);
#3549=ADVANCED_FACE('',(#647),#513,.F.);
#3550=ADVANCED_FACE('',(#648),#514,.F.);
#3551=ADVANCED_FACE('',(#649),#515,.F.);
#3552=ADVANCED_FACE('',(#650),#516,.F.);
#3553=ADVANCED_FACE('',(#651),#3415,.F.);
#3554=ADVANCED_FACE('',(#652),#3416,.F.);
#3555=ADVANCED_FACE('',(#653),#3417,.F.);
#3556=ADVANCED_FACE('',(#654),#3418,.F.);
#3557=ADVANCED_FACE('',(#655,#111),#3419,.T.);
#3558=ADVANCED_FACE('',(#656,#112,#113,#114,#115,#116,#117,#118,#119,#120,
#121,#122,#123),#3420,.F.);
#3559=ADVANCED_FACE('',(#657,#124,#125,#126,#127),#3421,.F.);
#3560=ADVANCED_FACE('',(#658,#128,#129,#130,#131,#132,#133,#134,#135,#136,
#137,#138,#139),#3422,.F.);
#3561=ADVANCED_FACE('',(#659,#140,#141,#142,#143),#3423,.F.);
#3562=ADVANCED_FACE('',(#660,#144,#145,#146,#147,#148,#149,#150,#151,#152,
#153,#154,#155),#3424,.T.);
#3563=ADVANCED_FACE('',(#661,#156,#157,#158,#159),#3425,.T.);
#3564=ADVANCED_FACE('',(#662,#160,#161,#162,#163,#164,#165,#166,#167,#168,
#169,#170,#171),#3426,.T.);
#3565=ADVANCED_FACE('',(#663,#172,#173,#174,#175),#3427,.T.);
#3566=ADVANCED_FACE('',(#664,#176),#3428,.T.);
#3567=ADVANCED_FACE('',(#665),#517,.F.);
#3568=ADVANCED_FACE('',(#666),#518,.F.);
#3569=ADVANCED_FACE('',(#667),#519,.F.);
#3570=ADVANCED_FACE('',(#668),#520,.F.);
#3571=ADVANCED_FACE('',(#669),#521,.F.);
#3572=ADVANCED_FACE('',(#670),#522,.F.);
#3573=ADVANCED_FACE('',(#671),#523,.F.);
#3574=ADVANCED_FACE('',(#672),#524,.F.);
#3575=ADVANCED_FACE('',(#673),#525,.F.);
#3576=ADVANCED_FACE('',(#674),#526,.F.);
#3577=ADVANCED_FACE('',(#675),#527,.F.);
#3578=ADVANCED_FACE('',(#676),#528,.F.);
#3579=ADVANCED_FACE('',(#677),#529,.F.);
#3580=ADVANCED_FACE('',(#678),#530,.F.);
#3581=ADVANCED_FACE('',(#679),#531,.F.);
#3582=ADVANCED_FACE('',(#680),#532,.F.);
#3583=ADVANCED_FACE('',(#681),#533,.F.);
#3584=ADVANCED_FACE('',(#682),#534,.F.);
#3585=ADVANCED_FACE('',(#683),#3429,.T.);
#3586=ADVANCED_FACE('',(#684),#3430,.T.);
#3587=ADVANCED_FACE('',(#685),#3431,.T.);
#3588=ADVANCED_FACE('',(#686),#3432,.T.);
#3589=ADVANCED_FACE('',(#687,#177),#3433,.F.);
#3590=ADVANCED_FACE('',(#688,#178),#3434,.F.);
#3591=ADVANCED_FACE('',(#689),#535,.F.);
#3592=ADVANCED_FACE('',(#690),#536,.F.);
#3593=ADVANCED_FACE('',(#691),#537,.F.);
#3594=ADVANCED_FACE('',(#692),#538,.F.);
#3595=ADVANCED_FACE('',(#693),#539,.F.);
#3596=ADVANCED_FACE('',(#694),#540,.F.);
#3597=ADVANCED_FACE('',(#695),#541,.F.);
#3598=ADVANCED_FACE('',(#696),#542,.F.);
#3599=ADVANCED_FACE('',(#697),#543,.F.);
#3600=ADVANCED_FACE('',(#698),#544,.F.);
#3601=ADVANCED_FACE('',(#699),#545,.F.);
#3602=ADVANCED_FACE('',(#700),#546,.F.);
#3603=ADVANCED_FACE('',(#701),#3435,.F.);
#3604=ADVANCED_FACE('',(#702),#3436,.F.);
#3605=ADVANCED_FACE('',(#703),#3437,.F.);
#3606=ADVANCED_FACE('',(#704),#3438,.F.);
#3607=ADVANCED_FACE('',(#705,#179),#3439,.T.);
#3608=ADVANCED_FACE('',(#706,#180,#181,#182,#183,#184,#185,#186,#187,#188,
#189,#190,#191,#192,#193,#194),#3440,.F.);
#3609=ADVANCED_FACE('',(#707),#3441,.F.);
#3610=ADVANCED_FACE('',(#708,#195,#196,#197,#198,#199,#200,#201,#202,#203,
#204,#205,#206,#207,#208,#209),#3442,.F.);
#3611=ADVANCED_FACE('',(#709),#3443,.F.);
#3612=ADVANCED_FACE('',(#710,#210,#211,#212,#213,#214,#215,#216,#217,#218,
#219,#220,#221,#222,#223,#224),#3444,.T.);
#3613=ADVANCED_FACE('',(#711),#3445,.T.);
#3614=ADVANCED_FACE('',(#712,#225,#226,#227,#228,#229,#230,#231,#232,#233,
#234,#235,#236,#237,#238,#239),#3446,.T.);
#3615=ADVANCED_FACE('',(#713),#3447,.T.);
#3616=ADVANCED_FACE('',(#714,#240),#3448,.T.);
#3617=CLOSED_SHELL('',(#3449,#3450,#3451,#3452,#3453,#3454,#3455,#3456,
#3457,#3458,#3459,#3460,#3461,#3462,#3463,#3464,#3465,#3466,#3467,#3468,
#3469,#3470,#3471,#3472,#3473,#3474,#3475,#3476,#3477,#3478,#3479,#3480,
#3481,#3482,#3483,#3484,#3485,#3486,#3487,#3488,#3489,#3490,#3491,#3492,
#3493,#3494,#3495,#3496,#3497,#3498,#3499,#3500,#3501,#3502,#3503,#3504,
#3505,#3506,#3507,#3508,#3509,#3510,#3511,#3512,#3513,#3514));
#3618=CLOSED_SHELL('',(#3515,#3516,#3517,#3518,#3519,#3520,#3521,#3522,
#3523,#3524,#3525,#3526,#3527,#3528,#3529,#3530,#3531,#3532,#3533,#3534,
#3535,#3536,#3537,#3538,#3539,#3540,#3541,#3542,#3543,#3544,#3545,#3546,
#3547,#3548,#3549,#3550,#3551,#3552,#3553,#3554,#3555,#3556,#3557,#3558,
#3559,#3560,#3561,#3562,#3563,#3564,#3565,#3566));
#3619=CLOSED_SHELL('',(#3567,#3568,#3569,#3570,#3571,#3572,#3573,#3574,
#3575,#3576,#3577,#3578,#3579,#3580,#3581,#3582,#3583,#3584,#3585,#3586,
#3587,#3588,#3589,#3590,#3591,#3592,#3593,#3594,#3595,#3596,#3597,#3598,
#3599,#3600,#3601,#3602,#3603,#3604,#3605,#3606,#3607,#3608,#3609,#3610,
#3611,#3612,#3613,#3614,#3615,#3616));
#3620=DERIVED_UNIT_ELEMENT(#3622,1.);
#3621=DERIVED_UNIT_ELEMENT(#5985,-3.);
#3622=(
MASS_UNIT()
NAMED_UNIT(*)
SI_UNIT(.KILO.,.GRAM.)
);
#3623=DERIVED_UNIT((#3620,#3621));
#3624=MEASURE_REPRESENTATION_ITEM('density measure',
POSITIVE_RATIO_MEASURE(7850.),#3623);
#3625=PROPERTY_DEFINITION_REPRESENTATION(#3630,#3627);
#3626=PROPERTY_DEFINITION_REPRESENTATION(#3631,#3628);
#3627=REPRESENTATION('material name',(#3629),#5982);
#3628=REPRESENTATION('density',(#3624),#5982);
#3629=DESCRIPTIVE_REPRESENTATION_ITEM('Steel','Steel');
#3630=PROPERTY_DEFINITION('material property','material name',#5992);
#3631=PROPERTY_DEFINITION('material property','density of part',#5992);
#3632=AXIS2_PLACEMENT_3D('',#5021,#4005,#4006);
#3633=AXIS2_PLACEMENT_3D('',#5022,#4007,#4008);
#3634=AXIS2_PLACEMENT_3D('',#5031,#4013,#4014);
#3635=AXIS2_PLACEMENT_3D('',#5040,#4019,#4020);
#3636=AXIS2_PLACEMENT_3D('',#5043,#4023,#4024);
#3637=AXIS2_PLACEMENT_3D('',#5046,#4027,#4028);
#3638=AXIS2_PLACEMENT_3D('',#5055,#4033,#4034);
#3639=AXIS2_PLACEMENT_3D('',#5061,#4038,#4039);
#3640=AXIS2_PLACEMENT_3D('',#5067,#4043,#4044);
#3641=AXIS2_PLACEMENT_3D('',#5070,#4047,#4048);
#3642=AXIS2_PLACEMENT_3D('',#5072,#4049,#4050);
#3643=AXIS2_PLACEMENT_3D('',#5075,#4052,#4053);
#3644=AXIS2_PLACEMENT_3D('',#5076,#4054,#4055);
#3645=AXIS2_PLACEMENT_3D('',#5078,#4056,#4057);
#3646=AXIS2_PLACEMENT_3D('',#5081,#4059,#4060);
#3647=AXIS2_PLACEMENT_3D('',#5082,#4061,#4062);
#3648=AXIS2_PLACEMENT_3D('',#5084,#4063,#4064);
#3649=AXIS2_PLACEMENT_3D('',#5087,#4066,#4067);
#3650=AXIS2_PLACEMENT_3D('',#5088,#4068,#4069);
#3651=AXIS2_PLACEMENT_3D('',#5090,#4070,#4071);
#3652=AXIS2_PLACEMENT_3D('',#5093,#4073,#4074);
#3653=AXIS2_PLACEMENT_3D('',#5094,#4075,#4076);
#3654=AXIS2_PLACEMENT_3D('',#5096,#4077,#4078);
#3655=AXIS2_PLACEMENT_3D('',#5099,#4080,#4081);
#3656=AXIS2_PLACEMENT_3D('',#5100,#4082,#4083);
#3657=AXIS2_PLACEMENT_3D('',#5102,#4084,#4085);
#3658=AXIS2_PLACEMENT_3D('',#5105,#4087,#4088);
#3659=AXIS2_PLACEMENT_3D('',#5106,#4089,#4090);
#3660=AXIS2_PLACEMENT_3D('',#5108,#4091,#4092);
#3661=AXIS2_PLACEMENT_3D('',#5111,#4094,#4095);
#3662=AXIS2_PLACEMENT_3D('',#5112,#4096,#4097);
#3663=AXIS2_PLACEMENT_3D('',#5114,#4098,#4099);
#3664=AXIS2_PLACEMENT_3D('',#5117,#4101,#4102);
#3665=AXIS2_PLACEMENT_3D('',#5118,#4103,#4104);
#3666=AXIS2_PLACEMENT_3D('',#5120,#4105,#4106);
#3667=AXIS2_PLACEMENT_3D('',#5123,#4108,#4109);
#3668=AXIS2_PLACEMENT_3D('',#5124,#4110,#4111);
#3669=AXIS2_PLACEMENT_3D('',#5126,#4112,#4113);
#3670=AXIS2_PLACEMENT_3D('',#5129,#4115,#4116);
#3671=AXIS2_PLACEMENT_3D('',#5130,#4117,#4118);
#3672=AXIS2_PLACEMENT_3D('',#5132,#4119,#4120);
#3673=AXIS2_PLACEMENT_3D('',#5135,#4122,#4123);
#3674=AXIS2_PLACEMENT_3D('',#5136,#4124,#4125);
#3675=AXIS2_PLACEMENT_3D('',#5138,#4126,#4127);
#3676=AXIS2_PLACEMENT_3D('',#5141,#4129,#4130);
#3677=AXIS2_PLACEMENT_3D('',#5142,#4131,#4132);
#3678=AXIS2_PLACEMENT_3D('',#5144,#4133,#4134);
#3679=AXIS2_PLACEMENT_3D('',#5147,#4136,#4137);
#3680=AXIS2_PLACEMENT_3D('',#5148,#4138,#4139);
#3681=AXIS2_PLACEMENT_3D('',#5150,#4140,#4141);
#3682=AXIS2_PLACEMENT_3D('',#5153,#4143,#4144);
#3683=AXIS2_PLACEMENT_3D('',#5154,#4145,#4146);
#3684=AXIS2_PLACEMENT_3D('',#5156,#4147,#4148);
#3685=AXIS2_PLACEMENT_3D('',#5159,#4150,#4151);
#3686=AXIS2_PLACEMENT_3D('',#5160,#4152,#4153);
#3687=AXIS2_PLACEMENT_3D('',#5162,#4154,#4155);
#3688=AXIS2_PLACEMENT_3D('',#5165,#4157,#4158);
#3689=AXIS2_PLACEMENT_3D('',#5166,#4159,#4160);
#3690=AXIS2_PLACEMENT_3D('',#5168,#4161,#4162);
#3691=AXIS2_PLACEMENT_3D('',#5171,#4164,#4165);
#3692=AXIS2_PLACEMENT_3D('',#5172,#4166,#4167);
#3693=AXIS2_PLACEMENT_3D('',#5174,#4168,#4169);
#3694=AXIS2_PLACEMENT_3D('',#5177,#4171,#4172);
#3695=AXIS2_PLACEMENT_3D('',#5178,#4173,#4174);
#3696=AXIS2_PLACEMENT_3D('',#5180,#4175,#4176);
#3697=AXIS2_PLACEMENT_3D('',#5183,#4178,#4179);
#3698=AXIS2_PLACEMENT_3D('',#5184,#4180,#4181);
#3699=AXIS2_PLACEMENT_3D('',#5186,#4182,#4183);
#3700=AXIS2_PLACEMENT_3D('',#5189,#4185,#4186);
#3701=AXIS2_PLACEMENT_3D('',#5190,#4187,#4188);
#3702=AXIS2_PLACEMENT_3D('',#5207,#4197,#4198);
#3703=AXIS2_PLACEMENT_3D('',#5216,#4203,#4204);
#3704=AXIS2_PLACEMENT_3D('',#5223,#4208,#4209);
#3705=AXIS2_PLACEMENT_3D('',#5225,#4210,#4211);
#3706=AXIS2_PLACEMENT_3D('',#5227,#4212,#4213);
#3707=AXIS2_PLACEMENT_3D('',#5229,#4214,#4215);
#3708=AXIS2_PLACEMENT_3D('',#5235,#4219,#4220);
#3709=AXIS2_PLACEMENT_3D('',#5241,#4224,#4225);
#3710=AXIS2_PLACEMENT_3D('',#5243,#4227,#4228);
#3711=AXIS2_PLACEMENT_3D('',#5245,#4230,#4231);
#3712=AXIS2_PLACEMENT_3D('',#5254,#4236,#4237);
#3713=AXIS2_PLACEMENT_3D('',#5260,#4241,#4242);
#3714=AXIS2_PLACEMENT_3D('',#5266,#4246,#4247);
#3715=AXIS2_PLACEMENT_3D('',#5269,#4250,#4251);
#3716=AXIS2_PLACEMENT_3D('',#5271,#4252,#4253);
#3717=AXIS2_PLACEMENT_3D('',#5274,#4255,#4256);
#3718=AXIS2_PLACEMENT_3D('',#5275,#4257,#4258);
#3719=AXIS2_PLACEMENT_3D('',#5277,#4259,#4260);
#3720=AXIS2_PLACEMENT_3D('',#5280,#4262,#4263);
#3721=AXIS2_PLACEMENT_3D('',#5281,#4264,#4265);
#3722=AXIS2_PLACEMENT_3D('',#5283,#4266,#4267);
#3723=AXIS2_PLACEMENT_3D('',#5286,#4269,#4270);
#3724=AXIS2_PLACEMENT_3D('',#5287,#4271,#4272);
#3725=AXIS2_PLACEMENT_3D('',#5289,#4273,#4274);
#3726=AXIS2_PLACEMENT_3D('',#5292,#4276,#4277);
#3727=AXIS2_PLACEMENT_3D('',#5293,#4278,#4279);
#3728=AXIS2_PLACEMENT_3D('',#5295,#4280,#4281);
#3729=AXIS2_PLACEMENT_3D('',#5298,#4283,#4284);
#3730=AXIS2_PLACEMENT_3D('',#5299,#4285,#4286);
#3731=AXIS2_PLACEMENT_3D('',#5301,#4287,#4288);
#3732=AXIS2_PLACEMENT_3D('',#5304,#4290,#4291);
#3733=AXIS2_PLACEMENT_3D('',#5305,#4292,#4293);
#3734=AXIS2_PLACEMENT_3D('',#5307,#4294,#4295);
#3735=AXIS2_PLACEMENT_3D('',#5310,#4297,#4298);
#3736=AXIS2_PLACEMENT_3D('',#5311,#4299,#4300);
#3737=AXIS2_PLACEMENT_3D('',#5313,#4301,#4302);
#3738=AXIS2_PLACEMENT_3D('',#5316,#4304,#4305);
#3739=AXIS2_PLACEMENT_3D('',#5317,#4306,#4307);
#3740=AXIS2_PLACEMENT_3D('',#5319,#4308,#4309);
#3741=AXIS2_PLACEMENT_3D('',#5322,#4311,#4312);
#3742=AXIS2_PLACEMENT_3D('',#5323,#4313,#4314);
#3743=AXIS2_PLACEMENT_3D('',#5325,#4315,#4316);
#3744=AXIS2_PLACEMENT_3D('',#5328,#4318,#4319);
#3745=AXIS2_PLACEMENT_3D('',#5329,#4320,#4321);
#3746=AXIS2_PLACEMENT_3D('',#5331,#4322,#4323);
#3747=AXIS2_PLACEMENT_3D('',#5334,#4325,#4326);
#3748=AXIS2_PLACEMENT_3D('',#5335,#4327,#4328);
#3749=AXIS2_PLACEMENT_3D('',#5337,#4329,#4330);
#3750=AXIS2_PLACEMENT_3D('',#5340,#4332,#4333);
#3751=AXIS2_PLACEMENT_3D('',#5341,#4334,#4335);
#3752=AXIS2_PLACEMENT_3D('',#5343,#4336,#4337);
#3753=AXIS2_PLACEMENT_3D('',#5346,#4339,#4340);
#3754=AXIS2_PLACEMENT_3D('',#5347,#4341,#4342);
#3755=AXIS2_PLACEMENT_3D('',#5350,#4344,#4345);
#3756=AXIS2_PLACEMENT_3D('',#5351,#4346,#4347);
#3757=AXIS2_PLACEMENT_3D('',#5353,#4348,#4349);
#3758=AXIS2_PLACEMENT_3D('',#5356,#4351,#4352);
#3759=AXIS2_PLACEMENT_3D('',#5357,#4353,#4354);
#3760=AXIS2_PLACEMENT_3D('',#5360,#4356,#4357);
#3761=AXIS2_PLACEMENT_3D('',#5361,#4358,#4359);
#3762=AXIS2_PLACEMENT_3D('',#5363,#4360,#4361);
#3763=AXIS2_PLACEMENT_3D('',#5366,#4363,#4364);
#3764=AXIS2_PLACEMENT_3D('',#5367,#4365,#4366);
#3765=AXIS2_PLACEMENT_3D('',#5370,#4368,#4369);
#3766=AXIS2_PLACEMENT_3D('',#5371,#4370,#4371);
#3767=AXIS2_PLACEMENT_3D('',#5373,#4372,#4373);
#3768=AXIS2_PLACEMENT_3D('',#5376,#4375,#4376);
#3769=AXIS2_PLACEMENT_3D('',#5377,#4377,#4378);
#3770=AXIS2_PLACEMENT_3D('',#5380,#4380,#4381);
#3771=AXIS2_PLACEMENT_3D('',#5381,#4382,#4383);
#3772=AXIS2_PLACEMENT_3D('',#5387,#4387,#4388);
#3773=AXIS2_PLACEMENT_3D('',#5391,#4391,#4392);
#3774=AXIS2_PLACEMENT_3D('',#5395,#4395,#4396);
#3775=AXIS2_PLACEMENT_3D('',#5397,#4398,#4399);
#3776=AXIS2_PLACEMENT_3D('',#5401,#4402,#4403);
#3777=AXIS2_PLACEMENT_3D('',#5405,#4406,#4407);
#3778=AXIS2_PLACEMENT_3D('',#5407,#4409,#4410);
#3779=AXIS2_PLACEMENT_3D('',#5408,#4411,#4412);
#3780=AXIS2_PLACEMENT_3D('',#5410,#4413,#4414);
#3781=AXIS2_PLACEMENT_3D('',#5413,#4416,#4417);
#3782=AXIS2_PLACEMENT_3D('',#5414,#4418,#4419);
#3783=AXIS2_PLACEMENT_3D('',#5416,#4420,#4421);
#3784=AXIS2_PLACEMENT_3D('',#5419,#4423,#4424);
#3785=AXIS2_PLACEMENT_3D('',#5420,#4425,#4426);
#3786=AXIS2_PLACEMENT_3D('',#5422,#4427,#4428);
#3787=AXIS2_PLACEMENT_3D('',#5425,#4430,#4431);
#3788=AXIS2_PLACEMENT_3D('',#5426,#4432,#4433);
#3789=AXIS2_PLACEMENT_3D('',#5428,#4434,#4435);
#3790=AXIS2_PLACEMENT_3D('',#5431,#4437,#4438);
#3791=AXIS2_PLACEMENT_3D('',#5432,#4439,#4440);
#3792=AXIS2_PLACEMENT_3D('',#5434,#4441,#4442);
#3793=AXIS2_PLACEMENT_3D('',#5437,#4444,#4445);
#3794=AXIS2_PLACEMENT_3D('',#5438,#4446,#4447);
#3795=AXIS2_PLACEMENT_3D('',#5440,#4448,#4449);
#3796=AXIS2_PLACEMENT_3D('',#5443,#4451,#4452);
#3797=AXIS2_PLACEMENT_3D('',#5444,#4453,#4454);
#3798=AXIS2_PLACEMENT_3D('',#5446,#4455,#4456);
#3799=AXIS2_PLACEMENT_3D('',#5449,#4458,#4459);
#3800=AXIS2_PLACEMENT_3D('',#5450,#4460,#4461);
#3801=AXIS2_PLACEMENT_3D('',#5452,#4462,#4463);
#3802=AXIS2_PLACEMENT_3D('',#5455,#4465,#4466);
#3803=AXIS2_PLACEMENT_3D('',#5456,#4467,#4468);
#3804=AXIS2_PLACEMENT_3D('',#5458,#4469,#4470);
#3805=AXIS2_PLACEMENT_3D('',#5461,#4472,#4473);
#3806=AXIS2_PLACEMENT_3D('',#5462,#4474,#4475);
#3807=AXIS2_PLACEMENT_3D('',#5464,#4476,#4477);
#3808=AXIS2_PLACEMENT_3D('',#5467,#4479,#4480);
#3809=AXIS2_PLACEMENT_3D('',#5468,#4481,#4482);
#3810=AXIS2_PLACEMENT_3D('',#5470,#4483,#4484);
#3811=AXIS2_PLACEMENT_3D('',#5473,#4486,#4487);
#3812=AXIS2_PLACEMENT_3D('',#5474,#4488,#4489);
#3813=AXIS2_PLACEMENT_3D('',#5476,#4490,#4491);
#3814=AXIS2_PLACEMENT_3D('',#5479,#4493,#4494);
#3815=AXIS2_PLACEMENT_3D('',#5480,#4495,#4496);
#3816=AXIS2_PLACEMENT_3D('',#5482,#4497,#4498);
#3817=AXIS2_PLACEMENT_3D('',#5485,#4500,#4501);
#3818=AXIS2_PLACEMENT_3D('',#5486,#4502,#4503);
#3819=AXIS2_PLACEMENT_3D('',#5488,#4504,#4505);
#3820=AXIS2_PLACEMENT_3D('',#5491,#4507,#4508);
#3821=AXIS2_PLACEMENT_3D('',#5492,#4509,#4510);
#3822=AXIS2_PLACEMENT_3D('',#5494,#4511,#4512);
#3823=AXIS2_PLACEMENT_3D('',#5497,#4514,#4515);
#3824=AXIS2_PLACEMENT_3D('',#5498,#4516,#4517);
#3825=AXIS2_PLACEMENT_3D('',#5500,#4518,#4519);
#3826=AXIS2_PLACEMENT_3D('',#5503,#4521,#4522);
#3827=AXIS2_PLACEMENT_3D('',#5504,#4523,#4524);
#3828=AXIS2_PLACEMENT_3D('',#5513,#4529,#4530);
#3829=AXIS2_PLACEMENT_3D('',#5519,#4534,#4535);
#3830=AXIS2_PLACEMENT_3D('',#5525,#4539,#4540);
#3831=AXIS2_PLACEMENT_3D('',#5528,#4543,#4544);
#3832=AXIS2_PLACEMENT_3D('',#5537,#4549,#4550);
#3833=AXIS2_PLACEMENT_3D('',#5546,#4555,#4556);
#3834=AXIS2_PLACEMENT_3D('',#5548,#4557,#4558);
#3835=AXIS2_PLACEMENT_3D('',#5551,#4560,#4561);
#3836=AXIS2_PLACEMENT_3D('',#5552,#4562,#4563);
#3837=AXIS2_PLACEMENT_3D('',#5554,#4564,#4565);
#3838=AXIS2_PLACEMENT_3D('',#5557,#4567,#4568);
#3839=AXIS2_PLACEMENT_3D('',#5558,#4569,#4570);
#3840=AXIS2_PLACEMENT_3D('',#5560,#4571,#4572);
#3841=AXIS2_PLACEMENT_3D('',#5563,#4574,#4575);
#3842=AXIS2_PLACEMENT_3D('',#5564,#4576,#4577);
#3843=AXIS2_PLACEMENT_3D('',#5566,#4578,#4579);
#3844=AXIS2_PLACEMENT_3D('',#5569,#4581,#4582);
#3845=AXIS2_PLACEMENT_3D('',#5570,#4583,#4584);
#3846=AXIS2_PLACEMENT_3D('',#5572,#4585,#4586);
#3847=AXIS2_PLACEMENT_3D('',#5575,#4588,#4589);
#3848=AXIS2_PLACEMENT_3D('',#5576,#4590,#4591);
#3849=AXIS2_PLACEMENT_3D('',#5578,#4592,#4593);
#3850=AXIS2_PLACEMENT_3D('',#5581,#4595,#4596);
#3851=AXIS2_PLACEMENT_3D('',#5582,#4597,#4598);
#3852=AXIS2_PLACEMENT_3D('',#5584,#4599,#4600);
#3853=AXIS2_PLACEMENT_3D('',#5587,#4602,#4603);
#3854=AXIS2_PLACEMENT_3D('',#5588,#4604,#4605);
#3855=AXIS2_PLACEMENT_3D('',#5590,#4606,#4607);
#3856=AXIS2_PLACEMENT_3D('',#5593,#4609,#4610);
#3857=AXIS2_PLACEMENT_3D('',#5594,#4611,#4612);
#3858=AXIS2_PLACEMENT_3D('',#5596,#4613,#4614);
#3859=AXIS2_PLACEMENT_3D('',#5599,#4616,#4617);
#3860=AXIS2_PLACEMENT_3D('',#5600,#4618,#4619);
#3861=AXIS2_PLACEMENT_3D('',#5602,#4620,#4621);
#3862=AXIS2_PLACEMENT_3D('',#5605,#4623,#4624);
#3863=AXIS2_PLACEMENT_3D('',#5606,#4625,#4626);
#3864=AXIS2_PLACEMENT_3D('',#5608,#4627,#4628);
#3865=AXIS2_PLACEMENT_3D('',#5611,#4630,#4631);
#3866=AXIS2_PLACEMENT_3D('',#5612,#4632,#4633);
#3867=AXIS2_PLACEMENT_3D('',#5614,#4634,#4635);
#3868=AXIS2_PLACEMENT_3D('',#5617,#4637,#4638);
#3869=AXIS2_PLACEMENT_3D('',#5618,#4639,#4640);
#3870=AXIS2_PLACEMENT_3D('',#5620,#4641,#4642);
#3871=AXIS2_PLACEMENT_3D('',#5623,#4644,#4645);
#3872=AXIS2_PLACEMENT_3D('',#5624,#4646,#4647);
#3873=AXIS2_PLACEMENT_3D('',#5626,#4648,#4649);
#3874=AXIS2_PLACEMENT_3D('',#5629,#4651,#4652);
#3875=AXIS2_PLACEMENT_3D('',#5630,#4653,#4654);
#3876=AXIS2_PLACEMENT_3D('',#5632,#4655,#4656);
#3877=AXIS2_PLACEMENT_3D('',#5635,#4658,#4659);
#3878=AXIS2_PLACEMENT_3D('',#5636,#4660,#4661);
#3879=AXIS2_PLACEMENT_3D('',#5638,#4662,#4663);
#3880=AXIS2_PLACEMENT_3D('',#5641,#4665,#4666);
#3881=AXIS2_PLACEMENT_3D('',#5642,#4667,#4668);
#3882=AXIS2_PLACEMENT_3D('',#5651,#4673,#4674);
#3883=AXIS2_PLACEMENT_3D('',#5657,#4678,#4679);
#3884=AXIS2_PLACEMENT_3D('',#5663,#4683,#4684);
#3885=AXIS2_PLACEMENT_3D('',#5666,#4687,#4688);
#3886=AXIS2_PLACEMENT_3D('',#5675,#4693,#4694);
#3887=AXIS2_PLACEMENT_3D('',#5678,#4697,#4698);
#3888=AXIS2_PLACEMENT_3D('',#5680,#4700,#4701);
#3889=AXIS2_PLACEMENT_3D('',#5682,#4703,#4704);
#3890=AXIS2_PLACEMENT_3D('',#5683,#4705,#4706);
#3891=AXIS2_PLACEMENT_3D('',#5689,#4710,#4711);
#3892=AXIS2_PLACEMENT_3D('',#5693,#4714,#4715);
#3893=AXIS2_PLACEMENT_3D('',#5697,#4718,#4719);
#3894=AXIS2_PLACEMENT_3D('',#5699,#4721,#4722);
#3895=AXIS2_PLACEMENT_3D('',#5700,#4723,#4724);
#3896=AXIS2_PLACEMENT_3D('',#5702,#4725,#4726);
#3897=AXIS2_PLACEMENT_3D('',#5705,#4728,#4729);
#3898=AXIS2_PLACEMENT_3D('',#5706,#4730,#4731);
#3899=AXIS2_PLACEMENT_3D('',#5708,#4732,#4733);
#3900=AXIS2_PLACEMENT_3D('',#5711,#4735,#4736);
#3901=AXIS2_PLACEMENT_3D('',#5712,#4737,#4738);
#3902=AXIS2_PLACEMENT_3D('',#5714,#4739,#4740);
#3903=AXIS2_PLACEMENT_3D('',#5717,#4742,#4743);
#3904=AXIS2_PLACEMENT_3D('',#5718,#4744,#4745);
#3905=AXIS2_PLACEMENT_3D('',#5720,#4746,#4747);
#3906=AXIS2_PLACEMENT_3D('',#5723,#4749,#4750);
#3907=AXIS2_PLACEMENT_3D('',#5724,#4751,#4752);
#3908=AXIS2_PLACEMENT_3D('',#5726,#4753,#4754);
#3909=AXIS2_PLACEMENT_3D('',#5729,#4756,#4757);
#3910=AXIS2_PLACEMENT_3D('',#5730,#4758,#4759);
#3911=AXIS2_PLACEMENT_3D('',#5732,#4760,#4761);
#3912=AXIS2_PLACEMENT_3D('',#5735,#4763,#4764);
#3913=AXIS2_PLACEMENT_3D('',#5736,#4765,#4766);
#3914=AXIS2_PLACEMENT_3D('',#5738,#4767,#4768);
#3915=AXIS2_PLACEMENT_3D('',#5741,#4770,#4771);
#3916=AXIS2_PLACEMENT_3D('',#5742,#4772,#4773);
#3917=AXIS2_PLACEMENT_3D('',#5744,#4774,#4775);
#3918=AXIS2_PLACEMENT_3D('',#5747,#4777,#4778);
#3919=AXIS2_PLACEMENT_3D('',#5748,#4779,#4780);
#3920=AXIS2_PLACEMENT_3D('',#5750,#4781,#4782);
#3921=AXIS2_PLACEMENT_3D('',#5753,#4784,#4785);
#3922=AXIS2_PLACEMENT_3D('',#5754,#4786,#4787);
#3923=AXIS2_PLACEMENT_3D('',#5756,#4788,#4789);
#3924=AXIS2_PLACEMENT_3D('',#5759,#4791,#4792);
#3925=AXIS2_PLACEMENT_3D('',#5760,#4793,#4794);
#3926=AXIS2_PLACEMENT_3D('',#5762,#4795,#4796);
#3927=AXIS2_PLACEMENT_3D('',#5765,#4798,#4799);
#3928=AXIS2_PLACEMENT_3D('',#5766,#4800,#4801);
#3929=AXIS2_PLACEMENT_3D('',#5768,#4802,#4803);
#3930=AXIS2_PLACEMENT_3D('',#5771,#4805,#4806);
#3931=AXIS2_PLACEMENT_3D('',#5772,#4807,#4808);
#3932=AXIS2_PLACEMENT_3D('',#5774,#4809,#4810);
#3933=AXIS2_PLACEMENT_3D('',#5777,#4812,#4813);
#3934=AXIS2_PLACEMENT_3D('',#5778,#4814,#4815);
#3935=AXIS2_PLACEMENT_3D('',#5780,#4816,#4817);
#3936=AXIS2_PLACEMENT_3D('',#5783,#4819,#4820);
#3937=AXIS2_PLACEMENT_3D('',#5784,#4821,#4822);
#3938=AXIS2_PLACEMENT_3D('',#5786,#4823,#4824);
#3939=AXIS2_PLACEMENT_3D('',#5789,#4826,#4827);
#3940=AXIS2_PLACEMENT_3D('',#5790,#4828,#4829);
#3941=AXIS2_PLACEMENT_3D('',#5792,#4830,#4831);
#3942=AXIS2_PLACEMENT_3D('',#5795,#4833,#4834);
#3943=AXIS2_PLACEMENT_3D('',#5796,#4835,#4836);
#3944=AXIS2_PLACEMENT_3D('',#5798,#4837,#4838);
#3945=AXIS2_PLACEMENT_3D('',#5801,#4840,#4841);
#3946=AXIS2_PLACEMENT_3D('',#5802,#4842,#4843);
#3947=AXIS2_PLACEMENT_3D('',#5804,#4844,#4845);
#3948=AXIS2_PLACEMENT_3D('',#5807,#4847,#4848);
#3949=AXIS2_PLACEMENT_3D('',#5808,#4849,#4850);
#3950=AXIS2_PLACEMENT_3D('',#5817,#4855,#4856);
#3951=AXIS2_PLACEMENT_3D('',#5823,#4860,#4861);
#3952=AXIS2_PLACEMENT_3D('',#5829,#4865,#4866);
#3953=AXIS2_PLACEMENT_3D('',#5832,#4869,#4870);
#3954=AXIS2_PLACEMENT_3D('',#5841,#4875,#4876);
#3955=AXIS2_PLACEMENT_3D('',#5850,#4881,#4882);
#3956=AXIS2_PLACEMENT_3D('',#5852,#4883,#4884);
#3957=AXIS2_PLACEMENT_3D('',#5855,#4886,#4887);
#3958=AXIS2_PLACEMENT_3D('',#5856,#4888,#4889);
#3959=AXIS2_PLACEMENT_3D('',#5858,#4890,#4891);
#3960=AXIS2_PLACEMENT_3D('',#5861,#4893,#4894);
#3961=AXIS2_PLACEMENT_3D('',#5862,#4895,#4896);
#3962=AXIS2_PLACEMENT_3D('',#5864,#4897,#4898);
#3963=AXIS2_PLACEMENT_3D('',#5867,#4900,#4901);
#3964=AXIS2_PLACEMENT_3D('',#5868,#4902,#4903);
#3965=AXIS2_PLACEMENT_3D('',#5870,#4904,#4905);
#3966=AXIS2_PLACEMENT_3D('',#5873,#4907,#4908);
#3967=AXIS2_PLACEMENT_3D('',#5874,#4909,#4910);
#3968=AXIS2_PLACEMENT_3D('',#5876,#4911,#4912);
#3969=AXIS2_PLACEMENT_3D('',#5879,#4914,#4915);
#3970=AXIS2_PLACEMENT_3D('',#5880,#4916,#4917);
#3971=AXIS2_PLACEMENT_3D('',#5882,#4918,#4919);
#3972=AXIS2_PLACEMENT_3D('',#5885,#4921,#4922);
#3973=AXIS2_PLACEMENT_3D('',#5886,#4923,#4924);
#3974=AXIS2_PLACEMENT_3D('',#5888,#4925,#4926);
#3975=AXIS2_PLACEMENT_3D('',#5891,#4928,#4929);
#3976=AXIS2_PLACEMENT_3D('',#5892,#4930,#4931);
#3977=AXIS2_PLACEMENT_3D('',#5894,#4932,#4933);
#3978=AXIS2_PLACEMENT_3D('',#5897,#4935,#4936);
#3979=AXIS2_PLACEMENT_3D('',#5898,#4937,#4938);
#3980=AXIS2_PLACEMENT_3D('',#5900,#4939,#4940);
#3981=AXIS2_PLACEMENT_3D('',#5903,#4942,#4943);
#3982=AXIS2_PLACEMENT_3D('',#5904,#4944,#4945);
#3983=AXIS2_PLACEMENT_3D('',#5906,#4946,#4947);
#3984=AXIS2_PLACEMENT_3D('',#5909,#4949,#4950);
#3985=AXIS2_PLACEMENT_3D('',#5910,#4951,#4952);
#3986=AXIS2_PLACEMENT_3D('',#5912,#4953,#4954);
#3987=AXIS2_PLACEMENT_3D('',#5915,#4956,#4957);
#3988=AXIS2_PLACEMENT_3D('',#5916,#4958,#4959);
#3989=AXIS2_PLACEMENT_3D('',#5918,#4960,#4961);
#3990=AXIS2_PLACEMENT_3D('',#5921,#4963,#4964);
#3991=AXIS2_PLACEMENT_3D('',#5922,#4965,#4966);
#3992=AXIS2_PLACEMENT_3D('',#5931,#4971,#4972);
#3993=AXIS2_PLACEMENT_3D('',#5937,#4976,#4977);
#3994=AXIS2_PLACEMENT_3D('',#5943,#4981,#4982);
#3995=AXIS2_PLACEMENT_3D('',#5946,#4985,#4986);
#3996=AXIS2_PLACEMENT_3D('',#5955,#4991,#4992);
#3997=AXIS2_PLACEMENT_3D('',#5958,#4995,#4996);
#3998=AXIS2_PLACEMENT_3D('',#5960,#4998,#4999);
#3999=AXIS2_PLACEMENT_3D('',#5962,#5001,#5002);
#4000=AXIS2_PLACEMENT_3D('',#5963,#5003,#5004);
#4001=AXIS2_PLACEMENT_3D('',#5969,#5008,#5009);
#4002=AXIS2_PLACEMENT_3D('',#5973,#5012,#5013);
#4003=AXIS2_PLACEMENT_3D('',#5977,#5016,#5017);
#4004=AXIS2_PLACEMENT_3D('',#5979,#5019,#5020);
#4005=DIRECTION('axis',(0.,0.,1.));
#4006=DIRECTION('refdir',(1.,0.,0.));
#4007=DIRECTION('center_axis',(-1.,-1.00551624742049E-16,0.));
#4008=DIRECTION('ref_axis',(-1.00551624742049E-16,1.,0.));
#4009=DIRECTION('',(1.00551624742049E-16,-1.,0.));
#4010=DIRECTION('',(0.,0.,-1.));
#4011=DIRECTION('',(-1.00551624742049E-16,1.,0.));
#4012=DIRECTION('',(0.,0.,-1.));
#4013=DIRECTION('center_axis',(1.,1.00551624742049E-16,0.));
#4014=DIRECTION('ref_axis',(1.00551624742049E-16,-1.,0.));
#4015=DIRECTION('',(-1.00551624742049E-16,1.,0.));
#4016=DIRECTION('',(0.,0.,-1.));
#4017=DIRECTION('',(1.00551624742049E-16,-1.,0.));
#4018=DIRECTION('',(0.,0.,-1.));
#4019=DIRECTION('center_axis',(1.00551624742049E-16,-1.,0.));
#4020=DIRECTION('ref_axis',(-1.,-1.00551624742049E-16,0.));
#4021=DIRECTION('',(1.,1.00551624742049E-16,0.));
#4022=DIRECTION('',(-1.,-1.00551624742049E-16,0.));
#4023=DIRECTION('center_axis',(-1.00551624742049E-16,1.,0.));
#4024=DIRECTION('ref_axis',(1.,1.00551624742049E-16,0.));
#4025=DIRECTION('',(-1.,-1.00551624742049E-16,0.));
#4026=DIRECTION('',(1.,1.00551624742049E-16,0.));
#4027=DIRECTION('center_axis',(1.00551624742049E-16,-1.,0.));
#4028=DIRECTION('ref_axis',(1.,1.00551624742049E-16,0.));
#4029=DIRECTION('',(-1.,-1.00551624742049E-16,0.));
#4030=DIRECTION('',(0.,0.,1.));
#4031=DIRECTION('',(1.,1.00551624742049E-16,0.));
#4032=DIRECTION('',(0.,0.,1.));
#4033=DIRECTION('center_axis',(1.,1.00551624742049E-16,0.));
#4034=DIRECTION('ref_axis',(-1.00551624742049E-16,1.,0.));
#4035=DIRECTION('',(1.00551624742049E-16,-1.,0.));
#4036=DIRECTION('',(0.,0.,1.));
#4037=DIRECTION('',(-1.00551624742049E-16,1.,0.));
#4038=DIRECTION('center_axis',(-1.00551624742049E-16,1.,0.));
#4039=DIRECTION('ref_axis',(-1.,-1.00551624742049E-16,0.));
#4040=DIRECTION('',(1.,1.00551624742049E-16,0.));
#4041=DIRECTION('',(0.,0.,1.));
#4042=DIRECTION('',(-1.,-1.00551624742049E-16,0.));
#4043=DIRECTION('center_axis',(-1.,-1.00551624742049E-16,0.));
#4044=DIRECTION('ref_axis',(1.00551624742049E-16,-1.,0.));
#4045=DIRECTION('',(-1.00551624742049E-16,1.,0.));
#4046=DIRECTION('',(1.00551624742049E-16,-1.,0.));
#4047=DIRECTION('center_axis',(-1.00551624742049E-16,1.,0.));
#4048=DIRECTION('ref_axis',(1.,1.00551624742049E-16,0.));
#4049=DIRECTION('center_axis',(-1.00551624742049E-16,1.,0.));
#4050=DIRECTION('ref_axis',(1.,1.00551624742049E-16,0.));
#4051=DIRECTION('',(1.00551624742049E-16,-1.,0.));
#4052=DIRECTION('center_axis',(1.00551624742049E-16,-1.,0.));
#4053=DIRECTION('ref_axis',(1.,1.00551624742049E-16,0.));
#4054=DIRECTION('center_axis',(-1.00551624742049E-16,1.,0.));
#4055=DIRECTION('ref_axis',(1.,1.00551624742049E-16,0.));
#4056=DIRECTION('center_axis',(-1.00551624742049E-16,1.,0.));
#4057=DIRECTION('ref_axis',(1.,1.00551624742049E-16,0.));
#4058=DIRECTION('',(1.00551624742049E-16,-1.,0.));
#4059=DIRECTION('center_axis',(1.00551624742049E-16,-1.,0.));
#4060=DIRECTION('ref_axis',(1.,1.00551624742049E-16,0.));
#4061=DIRECTION('center_axis',(-1.00551624742049E-16,1.,0.));
#4062=DIRECTION('ref_axis',(1.,1.00551624742049E-16,0.));
#4063=DIRECTION('center_axis',(-1.00551624742049E-16,1.,0.));
#4064=DIRECTION('ref_axis',(1.,1.00551624742049E-16,0.));
#4065=DIRECTION('',(1.00551624742049E-16,-1.,0.));
#4066=DIRECTION('center_axis',(1.00551624742049E-16,-1.,0.));
#4067=DIRECTION('ref_axis',(1.,1.00551624742049E-16,0.));
#4068=DIRECTION('center_axis',(-1.00551624742049E-16,1.,0.));
#4069=DIRECTION('ref_axis',(1.,1.00551624742049E-16,0.));
#4070=DIRECTION('center_axis',(-1.00551624742049E-16,1.,0.));
#4071=DIRECTION('ref_axis',(1.,1.00551624742049E-16,0.));
#4072=DIRECTION('',(1.00551624742049E-16,-1.,0.));
#4073=DIRECTION('center_axis',(1.00551624742049E-16,-1.,0.));
#4074=DIRECTION('ref_axis',(1.,1.00551624742049E-16,0.));
#4075=DIRECTION('center_axis',(-1.00551624742049E-16,1.,0.));
#4076=DIRECTION('ref_axis',(1.,1.00551624742049E-16,0.));
#4077=DIRECTION('center_axis',(-1.00551624742049E-16,1.,0.));
#4078=DIRECTION('ref_axis',(1.,1.00551624742049E-16,0.));
#4079=DIRECTION('',(1.00551624742049E-16,-1.,0.));
#4080=DIRECTION('center_axis',(1.00551624742049E-16,-1.,0.));
#4081=DIRECTION('ref_axis',(1.,1.00551624742049E-16,0.));
#4082=DIRECTION('center_axis',(-1.00551624742049E-16,1.,0.));
#4083=DIRECTION('ref_axis',(1.,1.00551624742049E-16,0.));
#4084=DIRECTION('center_axis',(-1.00551624742049E-16,1.,0.));
#4085=DIRECTION('ref_axis',(1.,1.00551624742049E-16,0.));
#4086=DIRECTION('',(1.00551624742049E-16,-1.,0.));
#4087=DIRECTION('center_axis',(1.00551624742049E-16,-1.,0.));
#4088=DIRECTION('ref_axis',(1.,1.00551624742049E-16,0.));
#4089=DIRECTION('center_axis',(-1.00551624742049E-16,1.,0.));
#4090=DIRECTION('ref_axis',(1.,1.00551624742049E-16,0.));
#4091=DIRECTION('center_axis',(-1.00551624742049E-16,1.,0.));
#4092=DIRECTION('ref_axis',(1.,1.00551624742049E-16,0.));
#4093=DIRECTION('',(1.00551624742049E-16,-1.,0.));
#4094=DIRECTION('center_axis',(1.00551624742049E-16,-1.,0.));
#4095=DIRECTION('ref_axis',(1.,1.00551624742049E-16,0.));
#4096=DIRECTION('center_axis',(-1.00551624742049E-16,1.,0.));
#4097=DIRECTION('ref_axis',(1.,1.00551624742049E-16,0.));
#4098=DIRECTION('center_axis',(-1.00551624742049E-16,1.,0.));
#4099=DIRECTION('ref_axis',(1.,1.00551624742049E-16,0.));
#4100=DIRECTION('',(1.00551624742049E-16,-1.,0.));
#4101=DIRECTION('center_axis',(1.00551624742049E-16,-1.,0.));
#4102=DIRECTION('ref_axis',(1.,1.00551624742049E-16,0.));
#4103=DIRECTION('center_axis',(-1.00551624742049E-16,1.,0.));
#4104=DIRECTION('ref_axis',(1.,1.00551624742049E-16,0.));
#4105=DIRECTION('center_axis',(-1.00551624742049E-16,1.,0.));
#4106=DIRECTION('ref_axis',(1.,1.00551624742049E-16,0.));
#4107=DIRECTION('',(1.00551624742049E-16,-1.,0.));
#4108=DIRECTION('center_axis',(1.00551624742049E-16,-1.,0.));
#4109=DIRECTION('ref_axis',(1.,1.00551624742049E-16,0.));
#4110=DIRECTION('center_axis',(-1.00551624742049E-16,1.,0.));
#4111=DIRECTION('ref_axis',(1.,1.00551624742049E-16,0.));
#4112=DIRECTION('center_axis',(-1.00551624742049E-16,1.,0.));
#4113=DIRECTION('ref_axis',(1.,1.00551624742049E-16,0.));
#4114=DIRECTION('',(1.00551624742049E-16,-1.,0.));
#4115=DIRECTION('center_axis',(1.00551624742049E-16,-1.,0.));
#4116=DIRECTION('ref_axis',(1.,1.00551624742049E-16,0.));
#4117=DIRECTION('center_axis',(-1.00551624742049E-16,1.,0.));
#4118=DIRECTION('ref_axis',(1.,1.00551624742049E-16,0.));
#4119=DIRECTION('center_axis',(-1.00551624742049E-16,1.,0.));
#4120=DIRECTION('ref_axis',(1.,1.00551624742049E-16,0.));
#4121=DIRECTION('',(1.00551624742049E-16,-1.,0.));
#4122=DIRECTION('center_axis',(1.00551624742049E-16,-1.,0.));
#4123=DIRECTION('ref_axis',(1.,1.00551624742049E-16,0.));
#4124=DIRECTION('center_axis',(-1.00551624742049E-16,1.,0.));
#4125=DIRECTION('ref_axis',(1.,1.00551624742049E-16,0.));
#4126=DIRECTION('center_axis',(-1.00551624742049E-16,1.,0.));
#4127=DIRECTION('ref_axis',(1.,1.00551624742049E-16,0.));
#4128=DIRECTION('',(1.00551624742049E-16,-1.,0.));
#4129=DIRECTION('center_axis',(1.00551624742049E-16,-1.,0.));
#4130=DIRECTION('ref_axis',(1.,1.00551624742049E-16,0.));
#4131=DIRECTION('center_axis',(0.,0.,1.));
#4132=DIRECTION('ref_axis',(1.,1.00551624742049E-16,0.));
#4133=DIRECTION('center_axis',(0.,0.,1.));
#4134=DIRECTION('ref_axis',(1.,1.00551624742049E-16,0.));
#4135=DIRECTION('',(0.,0.,-1.));
#4136=DIRECTION('center_axis',(0.,0.,-1.));
#4137=DIRECTION('ref_axis',(1.,1.00551624742049E-16,0.));
#4138=DIRECTION('center_axis',(0.,0.,1.));
#4139=DIRECTION('ref_axis',(1.,1.00551624742049E-16,0.));
#4140=DIRECTION('center_axis',(0.,0.,1.));
#4141=DIRECTION('ref_axis',(1.,1.00551624742049E-16,0.));
#4142=DIRECTION('',(0.,0.,-1.));
#4143=DIRECTION('center_axis',(0.,0.,-1.));
#4144=DIRECTION('ref_axis',(1.,1.00551624742049E-16,0.));
#4145=DIRECTION('center_axis',(0.,0.,1.));
#4146=DIRECTION('ref_axis',(1.,1.00551624742049E-16,0.));
#4147=DIRECTION('center_axis',(0.,0.,1.));
#4148=DIRECTION('ref_axis',(1.,1.00551624742049E-16,0.));
#4149=DIRECTION('',(0.,0.,-1.));
#4150=DIRECTION('center_axis',(0.,0.,-1.));
#4151=DIRECTION('ref_axis',(1.,1.00551624742049E-16,0.));
#4152=DIRECTION('center_axis',(0.,0.,1.));
#4153=DIRECTION('ref_axis',(1.,1.00551624742049E-16,0.));
#4154=DIRECTION('center_axis',(0.,0.,1.));
#4155=DIRECTION('ref_axis',(1.,1.00551624742049E-16,0.));
#4156=DIRECTION('',(0.,0.,-1.));
#4157=DIRECTION('center_axis',(0.,0.,-1.));
#4158=DIRECTION('ref_axis',(1.,1.00551624742049E-16,0.));
#4159=DIRECTION('center_axis',(0.,0.,1.));
#4160=DIRECTION('ref_axis',(1.,1.00551624742049E-16,0.));
#4161=DIRECTION('center_axis',(0.,0.,1.));
#4162=DIRECTION('ref_axis',(1.,1.00551624742049E-16,0.));
#4163=DIRECTION('',(0.,0.,-1.));
#4164=DIRECTION('center_axis',(0.,0.,-1.));
#4165=DIRECTION('ref_axis',(1.,1.00551624742049E-16,0.));
#4166=DIRECTION('center_axis',(0.,0.,1.));
#4167=DIRECTION('ref_axis',(1.,1.00551624742049E-16,0.));
#4168=DIRECTION('center_axis',(0.,0.,1.));
#4169=DIRECTION('ref_axis',(1.,1.00551624742049E-16,0.));
#4170=DIRECTION('',(0.,0.,-1.));
#4171=DIRECTION('center_axis',(0.,0.,-1.));
#4172=DIRECTION('ref_axis',(1.,1.00551624742049E-16,0.));
#4173=DIRECTION('center_axis',(0.,0.,1.));
#4174=DIRECTION('ref_axis',(1.,1.00551624742049E-16,0.));
#4175=DIRECTION('center_axis',(0.,0.,1.));
#4176=DIRECTION('ref_axis',(1.,1.00551624742049E-16,0.));
#4177=DIRECTION('',(0.,0.,-1.));
#4178=DIRECTION('center_axis',(0.,0.,-1.));
#4179=DIRECTION('ref_axis',(1.,1.00551624742049E-16,0.));
#4180=DIRECTION('center_axis',(0.,0.,1.));
#4181=DIRECTION('ref_axis',(1.,1.00551624742049E-16,0.));
#4182=DIRECTION('center_axis',(0.,0.,1.));
#4183=DIRECTION('ref_axis',(1.,1.00551624742049E-16,0.));
#4184=DIRECTION('',(0.,0.,-1.));
#4185=DIRECTION('center_axis',(0.,0.,-1.));
#4186=DIRECTION('ref_axis',(1.,1.00551624742049E-16,0.));
#4187=DIRECTION('center_axis',(-1.,-1.00551624742049E-16,0.));
#4188=DIRECTION('ref_axis',(1.00551624742049E-16,-1.,0.));
#4189=DIRECTION('',(0.,0.,1.));
#4190=DIRECTION('',(1.00551624742049E-16,-1.,0.));
#4191=DIRECTION('',(0.,0.,-1.));
#4192=DIRECTION('',(-1.00551624742049E-16,1.,0.));
#4193=DIRECTION('',(0.,0.,1.));
#4194=DIRECTION('',(-1.00551624742049E-16,1.,0.));
#4195=DIRECTION('',(0.,0.,-1.));
#4196=DIRECTION('',(1.00551624742049E-16,-1.,0.));
#4197=DIRECTION('center_axis',(-1.,0.,0.));
#4198=DIRECTION('ref_axis',(0.,1.,0.));
#4199=DIRECTION('',(0.,-1.,0.));
#4200=DIRECTION('',(0.,0.,-1.));
#4201=DIRECTION('',(0.,1.,0.));
#4202=DIRECTION('',(0.,0.,-1.));
#4203=DIRECTION('center_axis',(0.,0.,1.));
#4204=DIRECTION('ref_axis',(0.,-1.,0.));
#4205=DIRECTION('',(0.,1.,0.));
#4206=DIRECTION('',(1.,0.,0.));
#4207=DIRECTION('',(1.,0.,0.));
#4208=DIRECTION('center_axis',(0.,0.,-1.));
#4209=DIRECTION('ref_axis',(-1.,0.,0.));
#4210=DIRECTION('center_axis',(0.,0.,-1.));
#4211=DIRECTION('ref_axis',(-1.,0.,0.));
#4212=DIRECTION('center_axis',(0.,0.,-1.));
#4213=DIRECTION('ref_axis',(-1.,0.,0.));
#4214=DIRECTION('center_axis',(0.,0.,-1.));
#4215=DIRECTION('ref_axis',(-1.,0.,0.));
#4216=DIRECTION('',(-1.,0.,0.));
#4217=DIRECTION('',(1.,0.,0.));
#4218=DIRECTION('',(0.,-1.,0.));
#4219=DIRECTION('center_axis',(1.,0.,0.));
#4220=DIRECTION('ref_axis',(0.,-1.,0.));
#4221=DIRECTION('',(0.,1.,0.));
#4222=DIRECTION('',(0.,0.,-1.));
#4223=DIRECTION('',(0.,0.,-1.));
#4224=DIRECTION('center_axis',(0.,1.,0.));
#4225=DIRECTION('ref_axis',(1.,0.,0.));
#4226=DIRECTION('',(-1.,0.,0.));
#4227=DIRECTION('center_axis',(0.,-1.,0.));
#4228=DIRECTION('ref_axis',(-1.,0.,0.));
#4229=DIRECTION('',(1.,0.,0.));
#4230=DIRECTION('center_axis',(0.,1.,0.));
#4231=DIRECTION('ref_axis',(-1.,0.,0.));
#4232=DIRECTION('',(1.,0.,0.));
#4233=DIRECTION('',(0.,0.,1.));
#4234=DIRECTION('',(-1.,0.,0.));
#4235=DIRECTION('',(0.,0.,1.));
#4236=DIRECTION('center_axis',(1.,0.,0.));
#4237=DIRECTION('ref_axis',(0.,1.,0.));
#4238=DIRECTION('',(0.,-1.,0.));
#4239=DIRECTION('',(0.,1.,0.));
#4240=DIRECTION('',(0.,0.,1.));
#4241=DIRECTION('center_axis',(0.,-1.,0.));
#4242=DIRECTION('ref_axis',(1.,0.,0.));
#4243=DIRECTION('',(-1.,0.,0.));
#4244=DIRECTION('',(1.,0.,0.));
#4245=DIRECTION('',(0.,0.,1.));
#4246=DIRECTION('center_axis',(-1.,0.,0.));
#4247=DIRECTION('ref_axis',(0.,-1.,0.));
#4248=DIRECTION('',(0.,1.,0.));
#4249=DIRECTION('',(0.,-1.,0.));
#4250=DIRECTION('center_axis',(0.,-1.,0.));
#4251=DIRECTION('ref_axis',(-1.,0.,0.));
#4252=DIRECTION('center_axis',(0.,-1.,0.));
#4253=DIRECTION('ref_axis',(-1.,0.,0.));
#4254=DIRECTION('',(0.,-1.,0.));
#4255=DIRECTION('center_axis',(0.,1.,0.));
#4256=DIRECTION('ref_axis',(-1.,0.,0.));
#4257=DIRECTION('center_axis',(0.,-1.,0.));
#4258=DIRECTION('ref_axis',(-1.,0.,0.));
#4259=DIRECTION('center_axis',(0.,-1.,0.));
#4260=DIRECTION('ref_axis',(-1.,0.,0.));
#4261=DIRECTION('',(0.,-1.,0.));
#4262=DIRECTION('center_axis',(0.,1.,0.));
#4263=DIRECTION('ref_axis',(-1.,0.,0.));
#4264=DIRECTION('center_axis',(0.,-1.,0.));
#4265=DIRECTION('ref_axis',(-1.,0.,0.));
#4266=DIRECTION('center_axis',(0.,-1.,0.));
#4267=DIRECTION('ref_axis',(-1.,0.,0.));
#4268=DIRECTION('',(0.,-1.,0.));
#4269=DIRECTION('center_axis',(0.,1.,0.));
#4270=DIRECTION('ref_axis',(-1.,0.,0.));
#4271=DIRECTION('center_axis',(0.,-1.,0.));
#4272=DIRECTION('ref_axis',(-1.,0.,0.));
#4273=DIRECTION('center_axis',(0.,-1.,0.));
#4274=DIRECTION('ref_axis',(-1.,0.,0.));
#4275=DIRECTION('',(0.,-1.,0.));
#4276=DIRECTION('center_axis',(0.,1.,0.));
#4277=DIRECTION('ref_axis',(-1.,0.,0.));
#4278=DIRECTION('center_axis',(0.,-1.,0.));
#4279=DIRECTION('ref_axis',(-1.,0.,0.));
#4280=DIRECTION('center_axis',(0.,-1.,0.));
#4281=DIRECTION('ref_axis',(-1.,0.,0.));
#4282=DIRECTION('',(0.,-1.,0.));
#4283=DIRECTION('center_axis',(0.,1.,0.));
#4284=DIRECTION('ref_axis',(-1.,0.,0.));
#4285=DIRECTION('center_axis',(0.,-1.,0.));
#4286=DIRECTION('ref_axis',(-1.,0.,0.));
#4287=DIRECTION('center_axis',(0.,-1.,0.));
#4288=DIRECTION('ref_axis',(-1.,0.,0.));
#4289=DIRECTION('',(0.,-1.,0.));
#4290=DIRECTION('center_axis',(0.,1.,0.));
#4291=DIRECTION('ref_axis',(-1.,0.,0.));
#4292=DIRECTION('center_axis',(0.,-1.,0.));
#4293=DIRECTION('ref_axis',(-1.,0.,0.));
#4294=DIRECTION('center_axis',(0.,-1.,0.));
#4295=DIRECTION('ref_axis',(-1.,0.,0.));
#4296=DIRECTION('',(0.,-1.,0.));
#4297=DIRECTION('center_axis',(0.,1.,0.));
#4298=DIRECTION('ref_axis',(-1.,0.,0.));
#4299=DIRECTION('center_axis',(0.,-1.,0.));
#4300=DIRECTION('ref_axis',(-1.,0.,0.));
#4301=DIRECTION('center_axis',(0.,-1.,0.));
#4302=DIRECTION('ref_axis',(-1.,0.,0.));
#4303=DIRECTION('',(0.,-1.,0.));
#4304=DIRECTION('center_axis',(0.,1.,0.));
#4305=DIRECTION('ref_axis',(-1.,0.,0.));
#4306=DIRECTION('center_axis',(0.,-1.,0.));
#4307=DIRECTION('ref_axis',(-1.,0.,0.));
#4308=DIRECTION('center_axis',(0.,-1.,0.));
#4309=DIRECTION('ref_axis',(-1.,0.,0.));
#4310=DIRECTION('',(0.,-1.,0.));
#4311=DIRECTION('center_axis',(0.,1.,0.));
#4312=DIRECTION('ref_axis',(-1.,0.,0.));
#4313=DIRECTION('center_axis',(0.,-1.,0.));
#4314=DIRECTION('ref_axis',(-1.,0.,0.));
#4315=DIRECTION('center_axis',(0.,-1.,0.));
#4316=DIRECTION('ref_axis',(-1.,0.,0.));
#4317=DIRECTION('',(0.,-1.,0.));
#4318=DIRECTION('center_axis',(0.,1.,0.));
#4319=DIRECTION('ref_axis',(-1.,0.,0.));
#4320=DIRECTION('center_axis',(0.,-1.,0.));
#4321=DIRECTION('ref_axis',(-1.,0.,0.));
#4322=DIRECTION('center_axis',(0.,-1.,0.));
#4323=DIRECTION('ref_axis',(-1.,0.,0.));
#4324=DIRECTION('',(0.,-1.,0.));
#4325=DIRECTION('center_axis',(0.,1.,0.));
#4326=DIRECTION('ref_axis',(-1.,0.,0.));
#4327=DIRECTION('center_axis',(0.,-1.,0.));
#4328=DIRECTION('ref_axis',(-1.,0.,0.));
#4329=DIRECTION('center_axis',(0.,-1.,0.));
#4330=DIRECTION('ref_axis',(-1.,0.,0.));
#4331=DIRECTION('',(0.,-1.,0.));
#4332=DIRECTION('center_axis',(0.,1.,0.));
#4333=DIRECTION('ref_axis',(-1.,0.,0.));
#4334=DIRECTION('center_axis',(0.,0.,-1.));
#4335=DIRECTION('ref_axis',(-1.,0.,0.));
#4336=DIRECTION('center_axis',(0.,0.,-1.));
#4337=DIRECTION('ref_axis',(-1.,0.,0.));
#4338=DIRECTION('',(0.,0.,-1.));
#4339=DIRECTION('center_axis',(0.,0.,1.));
#4340=DIRECTION('ref_axis',(-1.,0.,0.));
#4341=DIRECTION('center_axis',(0.,0.,-1.));
#4342=DIRECTION('ref_axis',(-1.,0.,0.));
#4343=DIRECTION('',(0.,0.,-1.));
#4344=DIRECTION('center_axis',(0.,0.,1.));
#4345=DIRECTION('ref_axis',(-1.,0.,0.));
#4346=DIRECTION('center_axis',(0.,0.,-1.));
#4347=DIRECTION('ref_axis',(-1.,0.,0.));
#4348=DIRECTION('center_axis',(0.,0.,-1.));
#4349=DIRECTION('ref_axis',(-1.,0.,0.));
#4350=DIRECTION('',(0.,0.,-1.));
#4351=DIRECTION('center_axis',(0.,0.,1.));
#4352=DIRECTION('ref_axis',(-1.,0.,0.));
#4353=DIRECTION('center_axis',(0.,0.,-1.));
#4354=DIRECTION('ref_axis',(-1.,0.,0.));
#4355=DIRECTION('',(0.,0.,-1.));
#4356=DIRECTION('center_axis',(0.,0.,1.));
#4357=DIRECTION('ref_axis',(-1.,0.,0.));
#4358=DIRECTION('center_axis',(0.,0.,-1.));
#4359=DIRECTION('ref_axis',(-1.,0.,0.));
#4360=DIRECTION('center_axis',(0.,0.,-1.));
#4361=DIRECTION('ref_axis',(-1.,0.,0.));
#4362=DIRECTION('',(0.,0.,-1.));
#4363=DIRECTION('center_axis',(0.,0.,1.));
#4364=DIRECTION('ref_axis',(-1.,0.,0.));
#4365=DIRECTION('center_axis',(0.,0.,-1.));
#4366=DIRECTION('ref_axis',(-1.,0.,0.));
#4367=DIRECTION('',(0.,0.,-1.));
#4368=DIRECTION('center_axis',(0.,0.,1.));
#4369=DIRECTION('ref_axis',(-1.,0.,0.));
#4370=DIRECTION('center_axis',(0.,0.,-1.));
#4371=DIRECTION('ref_axis',(-1.,0.,0.));
#4372=DIRECTION('center_axis',(0.,0.,-1.));
#4373=DIRECTION('ref_axis',(-1.,0.,0.));
#4374=DIRECTION('',(0.,0.,-1.));
#4375=DIRECTION('center_axis',(0.,0.,1.));
#4376=DIRECTION('ref_axis',(-1.,0.,0.));
#4377=DIRECTION('center_axis',(0.,0.,-1.));
#4378=DIRECTION('ref_axis',(-1.,0.,0.));
#4379=DIRECTION('',(0.,0.,-1.));
#4380=DIRECTION('center_axis',(0.,0.,1.));
#4381=DIRECTION('ref_axis',(-1.,0.,0.));
#4382=DIRECTION('center_axis',(0.,0.,1.));
#4383=DIRECTION('ref_axis',(0.,-1.,0.));
#4384=DIRECTION('',(1.,1.00551624742049E-16,0.));
#4385=DIRECTION('',(1.,0.,0.));
#4386=DIRECTION('',(0.,-1.,0.));
#4387=DIRECTION('center_axis',(0.,1.,0.));
#4388=DIRECTION('ref_axis',(0.,0.,1.));
#4389=DIRECTION('',(1.,1.00551624742049E-16,0.));
#4390=DIRECTION('',(0.,0.,1.));
#4391=DIRECTION('center_axis',(0.,0.,-1.));
#4392=DIRECTION('ref_axis',(0.,1.,0.));
#4393=DIRECTION('',(1.,1.00551624742049E-16,0.));
#4394=DIRECTION('',(0.,1.,0.));
#4395=DIRECTION('center_axis',(0.,-1.,0.));
#4396=DIRECTION('ref_axis',(0.,0.,-1.));
#4397=DIRECTION('',(0.,0.,-1.));
#4398=DIRECTION('center_axis',(0.,1.,0.));
#4399=DIRECTION('ref_axis',(0.,0.,1.));
#4400=DIRECTION('',(0.,0.,-1.));
#4401=DIRECTION('',(1.,0.,0.));
#4402=DIRECTION('center_axis',(0.,0.,-1.));
#4403=DIRECTION('ref_axis',(0.,1.,0.));
#4404=DIRECTION('',(0.,-1.,0.));
#4405=DIRECTION('',(1.,0.,0.));
#4406=DIRECTION('center_axis',(0.,-1.,0.));
#4407=DIRECTION('ref_axis',(0.,0.,-1.));
#4408=DIRECTION('',(0.,0.,1.));
#4409=DIRECTION('center_axis',(-1.,0.,0.));
#4410=DIRECTION('ref_axis',(0.,-1.,0.));
#4411=DIRECTION('center_axis',(1.00551624742049E-16,-1.,0.));
#4412=DIRECTION('ref_axis',(-1.,-1.00551624742049E-16,0.));
#4413=DIRECTION('center_axis',(1.00551624742049E-16,-1.,0.));
#4414=DIRECTION('ref_axis',(-1.,-1.00551624742049E-16,0.));
#4415=DIRECTION('',(-1.00551624742049E-16,1.,0.));
#4416=DIRECTION('center_axis',(-1.00551624742049E-16,1.,0.));
#4417=DIRECTION('ref_axis',(-1.,-1.00551624742049E-16,0.));
#4418=DIRECTION('center_axis',(1.00551624742049E-16,-1.,0.));
#4419=DIRECTION('ref_axis',(-1.,-1.00551624742049E-16,0.));
#4420=DIRECTION('center_axis',(1.00551624742049E-16,-1.,0.));
#4421=DIRECTION('ref_axis',(-1.,-1.00551624742049E-16,0.));
#4422=DIRECTION('',(-1.00551624742049E-16,1.,0.));
#4423=DIRECTION('center_axis',(-1.00551624742049E-16,1.,0.));
#4424=DIRECTION('ref_axis',(-1.,-1.00551624742049E-16,0.));
#4425=DIRECTION('center_axis',(1.00551624742049E-16,-1.,0.));
#4426=DIRECTION('ref_axis',(-1.,-1.00551624742049E-16,0.));
#4427=DIRECTION('center_axis',(1.00551624742049E-16,-1.,0.));
#4428=DIRECTION('ref_axis',(-1.,-1.00551624742049E-16,0.));
#4429=DIRECTION('',(-1.00551624742049E-16,1.,0.));
#4430=DIRECTION('center_axis',(-1.00551624742049E-16,1.,0.));
#4431=DIRECTION('ref_axis',(-1.,-1.00551624742049E-16,0.));
#4432=DIRECTION('center_axis',(1.00551624742049E-16,-1.,0.));
#4433=DIRECTION('ref_axis',(-1.,-1.00551624742049E-16,0.));
#4434=DIRECTION('center_axis',(1.00551624742049E-16,-1.,0.));
#4435=DIRECTION('ref_axis',(-1.,-1.00551624742049E-16,0.));
#4436=DIRECTION('',(-1.00551624742049E-16,1.,0.));
#4437=DIRECTION('center_axis',(-1.00551624742049E-16,1.,0.));
#4438=DIRECTION('ref_axis',(-1.,-1.00551624742049E-16,0.));
#4439=DIRECTION('center_axis',(0.,0.,1.));
#4440=DIRECTION('ref_axis',(1.,1.00551624742049E-16,0.));
#4441=DIRECTION('center_axis',(0.,0.,1.));
#4442=DIRECTION('ref_axis',(1.,1.00551624742049E-16,0.));
#4443=DIRECTION('',(0.,0.,-1.));
#4444=DIRECTION('center_axis',(0.,0.,-1.));
#4445=DIRECTION('ref_axis',(1.,1.00551624742049E-16,0.));
#4446=DIRECTION('center_axis',(0.,0.,1.));
#4447=DIRECTION('ref_axis',(1.,1.00551624742049E-16,0.));
#4448=DIRECTION('center_axis',(0.,0.,1.));
#4449=DIRECTION('ref_axis',(1.,1.00551624742049E-16,0.));
#4450=DIRECTION('',(0.,0.,-1.));
#4451=DIRECTION('center_axis',(0.,0.,-1.));
#4452=DIRECTION('ref_axis',(1.,1.00551624742049E-16,0.));
#4453=DIRECTION('center_axis',(0.,0.,1.));
#4454=DIRECTION('ref_axis',(1.,1.00551624742049E-16,0.));
#4455=DIRECTION('center_axis',(0.,0.,1.));
#4456=DIRECTION('ref_axis',(1.,1.00551624742049E-16,0.));
#4457=DIRECTION('',(0.,0.,-1.));
#4458=DIRECTION('center_axis',(0.,0.,-1.));
#4459=DIRECTION('ref_axis',(1.,1.00551624742049E-16,0.));
#4460=DIRECTION('center_axis',(0.,0.,1.));
#4461=DIRECTION('ref_axis',(1.,1.00551624742049E-16,0.));
#4462=DIRECTION('center_axis',(0.,0.,1.));
#4463=DIRECTION('ref_axis',(1.,1.00551624742049E-16,0.));
#4464=DIRECTION('',(0.,0.,-1.));
#4465=DIRECTION('center_axis',(0.,0.,-1.));
#4466=DIRECTION('ref_axis',(1.,1.00551624742049E-16,0.));
#4467=DIRECTION('center_axis',(0.,0.,1.));
#4468=DIRECTION('ref_axis',(1.,1.00551624742049E-16,0.));
#4469=DIRECTION('center_axis',(0.,0.,1.));
#4470=DIRECTION('ref_axis',(1.,1.00551624742049E-16,0.));
#4471=DIRECTION('',(0.,0.,-1.));
#4472=DIRECTION('center_axis',(0.,0.,-1.));
#4473=DIRECTION('ref_axis',(1.,1.00551624742049E-16,0.));
#4474=DIRECTION('center_axis',(0.,0.,1.));
#4475=DIRECTION('ref_axis',(1.,1.00551624742049E-16,0.));
#4476=DIRECTION('center_axis',(0.,0.,1.));
#4477=DIRECTION('ref_axis',(1.,1.00551624742049E-16,0.));
#4478=DIRECTION('',(0.,0.,-1.));
#4479=DIRECTION('center_axis',(0.,0.,-1.));
#4480=DIRECTION('ref_axis',(1.,1.00551624742049E-16,0.));
#4481=DIRECTION('center_axis',(0.,0.,1.));
#4482=DIRECTION('ref_axis',(1.,1.00551624742049E-16,0.));
#4483=DIRECTION('center_axis',(0.,0.,1.));
#4484=DIRECTION('ref_axis',(1.,1.00551624742049E-16,0.));
#4485=DIRECTION('',(0.,0.,-1.));
#4486=DIRECTION('center_axis',(0.,0.,-1.));
#4487=DIRECTION('ref_axis',(1.,1.00551624742049E-16,0.));
#4488=DIRECTION('center_axis',(0.,0.,1.));
#4489=DIRECTION('ref_axis',(1.,1.00551624742049E-16,0.));
#4490=DIRECTION('center_axis',(0.,0.,1.));
#4491=DIRECTION('ref_axis',(1.,1.00551624742049E-16,0.));
#4492=DIRECTION('',(0.,0.,-1.));
#4493=DIRECTION('center_axis',(0.,0.,-1.));
#4494=DIRECTION('ref_axis',(1.,1.00551624742049E-16,0.));
#4495=DIRECTION('center_axis',(0.,0.,1.));
#4496=DIRECTION('ref_axis',(1.,1.00551624742049E-16,0.));
#4497=DIRECTION('center_axis',(0.,0.,1.));
#4498=DIRECTION('ref_axis',(1.,1.00551624742049E-16,0.));
#4499=DIRECTION('',(0.,0.,-1.));
#4500=DIRECTION('center_axis',(0.,0.,-1.));
#4501=DIRECTION('ref_axis',(1.,1.00551624742049E-16,0.));
#4502=DIRECTION('center_axis',(0.,0.,1.));
#4503=DIRECTION('ref_axis',(1.,1.00551624742049E-16,0.));
#4504=DIRECTION('center_axis',(0.,0.,1.));
#4505=DIRECTION('ref_axis',(1.,1.00551624742049E-16,0.));
#4506=DIRECTION('',(0.,0.,-1.));
#4507=DIRECTION('center_axis',(0.,0.,-1.));
#4508=DIRECTION('ref_axis',(1.,1.00551624742049E-16,0.));
#4509=DIRECTION('center_axis',(0.,0.,1.));
#4510=DIRECTION('ref_axis',(1.,1.00551624742049E-16,0.));
#4511=DIRECTION('center_axis',(0.,0.,1.));
#4512=DIRECTION('ref_axis',(1.,1.00551624742049E-16,0.));
#4513=DIRECTION('',(0.,0.,-1.));
#4514=DIRECTION('center_axis',(0.,0.,-1.));
#4515=DIRECTION('ref_axis',(1.,1.00551624742049E-16,0.));
#4516=DIRECTION('center_axis',(0.,0.,1.));
#4517=DIRECTION('ref_axis',(1.,1.00551624742049E-16,0.));
#4518=DIRECTION('center_axis',(0.,0.,1.));
#4519=DIRECTION('ref_axis',(1.,1.00551624742049E-16,0.));
#4520=DIRECTION('',(0.,0.,-1.));
#4521=DIRECTION('center_axis',(0.,0.,-1.));
#4522=DIRECTION('ref_axis',(1.,1.00551624742049E-16,0.));
#4523=DIRECTION('center_axis',(-1.00551624742049E-16,1.,0.));
#4524=DIRECTION('ref_axis',(0.,0.,-1.));
#4525=DIRECTION('',(0.,0.,-1.));
#4526=DIRECTION('',(-1.,-1.00551624742049E-16,0.));
#4527=DIRECTION('',(0.,0.,-1.));
#4528=DIRECTION('',(1.,1.00551624742049E-16,0.));
#4529=DIRECTION('center_axis',(0.,0.,1.));
#4530=DIRECTION('ref_axis',(-1.00551624742049E-16,1.,0.));
#4531=DIRECTION('',(-1.00551624742049E-16,1.,0.));
#4532=DIRECTION('',(-1.00551624742049E-16,1.,0.));
#4533=DIRECTION('',(1.,1.00551624742049E-16,0.));
#4534=DIRECTION('center_axis',(1.00551624742049E-16,-1.,0.));
#4535=DIRECTION('ref_axis',(0.,0.,1.));
#4536=DIRECTION('',(0.,0.,1.));
#4537=DIRECTION('',(0.,0.,1.));
#4538=DIRECTION('',(1.,1.00551624742049E-16,0.));
#4539=DIRECTION('center_axis',(0.,0.,-1.));
#4540=DIRECTION('ref_axis',(1.00551624742049E-16,-1.,0.));
#4541=DIRECTION('',(1.00551624742049E-16,-1.,0.));
#4542=DIRECTION('',(1.00551624742049E-16,-1.,0.));
#4543=DIRECTION('center_axis',(-1.,-1.00551624742049E-16,0.));
#4544=DIRECTION('ref_axis',(1.00551624742049E-16,-1.,0.));
#4545=DIRECTION('',(-1.00551624742049E-16,1.,0.));
#4546=DIRECTION('',(0.,0.,-1.));
#4547=DIRECTION('',(1.00551624742049E-16,-1.,0.));
#4548=DIRECTION('',(0.,0.,1.));
#4549=DIRECTION('center_axis',(-1.,-1.00551624742049E-16,0.));
#4550=DIRECTION('ref_axis',(1.00551624742049E-16,-1.,0.));
#4551=DIRECTION('',(0.,0.,1.));
#4552=DIRECTION('',(1.00551624742049E-16,-1.,0.));
#4553=DIRECTION('',(0.,0.,-1.));
#4554=DIRECTION('',(-1.00551624742049E-16,1.,0.));
#4555=DIRECTION('center_axis',(0.,1.,0.));
#4556=DIRECTION('ref_axis',(1.,0.,0.));
#4557=DIRECTION('center_axis',(0.,1.,0.));
#4558=DIRECTION('ref_axis',(1.,0.,0.));
#4559=DIRECTION('',(0.,1.,0.));
#4560=DIRECTION('center_axis',(0.,-1.,0.));
#4561=DIRECTION('ref_axis',(1.,0.,0.));
#4562=DIRECTION('center_axis',(0.,1.,0.));
#4563=DIRECTION('ref_axis',(1.,0.,0.));
#4564=DIRECTION('center_axis',(0.,1.,0.));
#4565=DIRECTION('ref_axis',(1.,0.,0.));
#4566=DIRECTION('',(0.,1.,0.));
#4567=DIRECTION('center_axis',(0.,-1.,0.));
#4568=DIRECTION('ref_axis',(1.,0.,0.));
#4569=DIRECTION('center_axis',(0.,1.,0.));
#4570=DIRECTION('ref_axis',(1.,0.,0.));
#4571=DIRECTION('center_axis',(0.,1.,0.));
#4572=DIRECTION('ref_axis',(1.,0.,0.));
#4573=DIRECTION('',(0.,1.,0.));
#4574=DIRECTION('center_axis',(0.,-1.,0.));
#4575=DIRECTION('ref_axis',(1.,0.,0.));
#4576=DIRECTION('center_axis',(0.,1.,0.));
#4577=DIRECTION('ref_axis',(1.,0.,0.));
#4578=DIRECTION('center_axis',(0.,1.,0.));
#4579=DIRECTION('ref_axis',(1.,0.,0.));
#4580=DIRECTION('',(0.,1.,0.));
#4581=DIRECTION('center_axis',(0.,-1.,0.));
#4582=DIRECTION('ref_axis',(1.,0.,0.));
#4583=DIRECTION('center_axis',(0.,0.,-1.));
#4584=DIRECTION('ref_axis',(-1.,0.,0.));
#4585=DIRECTION('center_axis',(0.,0.,-1.));
#4586=DIRECTION('ref_axis',(-1.,0.,0.));
#4587=DIRECTION('',(0.,0.,-1.));
#4588=DIRECTION('center_axis',(0.,0.,1.));
#4589=DIRECTION('ref_axis',(-1.,0.,0.));
#4590=DIRECTION('center_axis',(0.,0.,-1.));
#4591=DIRECTION('ref_axis',(-1.,0.,0.));
#4592=DIRECTION('center_axis',(0.,0.,-1.));
#4593=DIRECTION('ref_axis',(-1.,0.,0.));
#4594=DIRECTION('',(0.,0.,-1.));
#4595=DIRECTION('center_axis',(0.,0.,1.));
#4596=DIRECTION('ref_axis',(-1.,0.,0.));
#4597=DIRECTION('center_axis',(0.,0.,-1.));
#4598=DIRECTION('ref_axis',(-1.,0.,0.));
#4599=DIRECTION('center_axis',(0.,0.,-1.));
#4600=DIRECTION('ref_axis',(-1.,0.,0.));
#4601=DIRECTION('',(0.,0.,-1.));
#4602=DIRECTION('center_axis',(0.,0.,1.));
#4603=DIRECTION('ref_axis',(-1.,0.,0.));
#4604=DIRECTION('center_axis',(0.,0.,-1.));
#4605=DIRECTION('ref_axis',(-1.,0.,0.));
#4606=DIRECTION('center_axis',(0.,0.,-1.));
#4607=DIRECTION('ref_axis',(-1.,0.,0.));
#4608=DIRECTION('',(0.,0.,-1.));
#4609=DIRECTION('center_axis',(0.,0.,1.));
#4610=DIRECTION('ref_axis',(-1.,0.,0.));
#4611=DIRECTION('center_axis',(0.,0.,-1.));
#4612=DIRECTION('ref_axis',(-1.,0.,0.));
#4613=DIRECTION('center_axis',(0.,0.,-1.));
#4614=DIRECTION('ref_axis',(-1.,0.,0.));
#4615=DIRECTION('',(0.,0.,-1.));
#4616=DIRECTION('center_axis',(0.,0.,1.));
#4617=DIRECTION('ref_axis',(-1.,0.,0.));
#4618=DIRECTION('center_axis',(0.,0.,-1.));
#4619=DIRECTION('ref_axis',(-1.,0.,0.));
#4620=DIRECTION('center_axis',(0.,0.,-1.));
#4621=DIRECTION('ref_axis',(-1.,0.,0.));
#4622=DIRECTION('',(0.,0.,-1.));
#4623=DIRECTION('center_axis',(0.,0.,1.));
#4624=DIRECTION('ref_axis',(-1.,0.,0.));
#4625=DIRECTION('center_axis',(0.,0.,-1.));
#4626=DIRECTION('ref_axis',(-1.,0.,0.));
#4627=DIRECTION('center_axis',(0.,0.,-1.));
#4628=DIRECTION('ref_axis',(-1.,0.,0.));
#4629=DIRECTION('',(0.,0.,-1.));
#4630=DIRECTION('center_axis',(0.,0.,1.));
#4631=DIRECTION('ref_axis',(-1.,0.,0.));
#4632=DIRECTION('center_axis',(0.,0.,-1.));
#4633=DIRECTION('ref_axis',(-1.,0.,0.));
#4634=DIRECTION('center_axis',(0.,0.,-1.));
#4635=DIRECTION('ref_axis',(-1.,0.,0.));
#4636=DIRECTION('',(0.,0.,-1.));
#4637=DIRECTION('center_axis',(0.,0.,1.));
#4638=DIRECTION('ref_axis',(-1.,0.,0.));
#4639=DIRECTION('center_axis',(0.,0.,-1.));
#4640=DIRECTION('ref_axis',(-1.,0.,0.));
#4641=DIRECTION('center_axis',(0.,0.,-1.));
#4642=DIRECTION('ref_axis',(-1.,0.,0.));
#4643=DIRECTION('',(0.,0.,-1.));
#4644=DIRECTION('center_axis',(0.,0.,1.));
#4645=DIRECTION('ref_axis',(-1.,0.,0.));
#4646=DIRECTION('center_axis',(0.,0.,-1.));
#4647=DIRECTION('ref_axis',(-1.,0.,0.));
#4648=DIRECTION('center_axis',(0.,0.,-1.));
#4649=DIRECTION('ref_axis',(-1.,0.,0.));
#4650=DIRECTION('',(0.,0.,-1.));
#4651=DIRECTION('center_axis',(0.,0.,1.));
#4652=DIRECTION('ref_axis',(-1.,0.,0.));
#4653=DIRECTION('center_axis',(0.,0.,-1.));
#4654=DIRECTION('ref_axis',(-1.,0.,0.));
#4655=DIRECTION('center_axis',(0.,0.,-1.));
#4656=DIRECTION('ref_axis',(-1.,0.,0.));
#4657=DIRECTION('',(0.,0.,-1.));
#4658=DIRECTION('center_axis',(0.,0.,1.));
#4659=DIRECTION('ref_axis',(-1.,0.,0.));
#4660=DIRECTION('center_axis',(0.,0.,-1.));
#4661=DIRECTION('ref_axis',(-1.,0.,0.));
#4662=DIRECTION('center_axis',(0.,0.,-1.));
#4663=DIRECTION('ref_axis',(-1.,0.,0.));
#4664=DIRECTION('',(0.,0.,-1.));
#4665=DIRECTION('center_axis',(0.,0.,1.));
#4666=DIRECTION('ref_axis',(-1.,0.,0.));
#4667=DIRECTION('center_axis',(0.,-1.,0.));
#4668=DIRECTION('ref_axis',(0.,0.,-1.));
#4669=DIRECTION('',(0.,0.,-1.));
#4670=DIRECTION('',(-1.,0.,0.));
#4671=DIRECTION('',(0.,0.,-1.));
#4672=DIRECTION('',(1.,0.,0.));
#4673=DIRECTION('center_axis',(0.,0.,-1.));
#4674=DIRECTION('ref_axis',(0.,1.,0.));
#4675=DIRECTION('',(0.,1.,0.));
#4676=DIRECTION('',(-1.,0.,0.));
#4677=DIRECTION('',(0.,1.,0.));
#4678=DIRECTION('center_axis',(0.,1.,0.));
#4679=DIRECTION('ref_axis',(0.,0.,1.));
#4680=DIRECTION('',(0.,0.,1.));
#4681=DIRECTION('',(-1.,0.,0.));
#4682=DIRECTION('',(0.,0.,1.));
#4683=DIRECTION('center_axis',(0.,0.,1.));
#4684=DIRECTION('ref_axis',(0.,-1.,0.));
#4685=DIRECTION('',(0.,-1.,0.));
#4686=DIRECTION('',(0.,-1.,0.));
#4687=DIRECTION('center_axis',(-1.,0.,0.));
#4688=DIRECTION('ref_axis',(0.,-1.,0.));
#4689=DIRECTION('',(0.,1.,0.));
#4690=DIRECTION('',(0.,0.,1.));
#4691=DIRECTION('',(0.,-1.,0.));
#4692=DIRECTION('',(0.,0.,-1.));
#4693=DIRECTION('center_axis',(0.,0.,1.));
#4694=DIRECTION('ref_axis',(0.,-1.,0.));
#4695=DIRECTION('',(1.,1.00551624742049E-16,0.));
#4696=DIRECTION('',(1.,0.,0.));
#4697=DIRECTION('center_axis',(0.,1.,0.));
#4698=DIRECTION('ref_axis',(0.,0.,1.));
#4699=DIRECTION('',(1.,1.00551624742049E-16,0.));
#4700=DIRECTION('center_axis',(0.,0.,-1.));
#4701=DIRECTION('ref_axis',(0.,1.,0.));
#4702=DIRECTION('',(1.,1.00551624742049E-16,0.));
#4703=DIRECTION('center_axis',(0.,-1.,0.));
#4704=DIRECTION('ref_axis',(0.,0.,-1.));
#4705=DIRECTION('center_axis',(0.,0.,1.));
#4706=DIRECTION('ref_axis',(0.,-1.,0.));
#4707=DIRECTION('',(0.,1.,0.));
#4708=DIRECTION('',(1.,0.,0.));
#4709=DIRECTION('',(1.,0.,0.));
#4710=DIRECTION('center_axis',(0.,1.,0.));
#4711=DIRECTION('ref_axis',(0.,0.,1.));
#4712=DIRECTION('',(0.,0.,-1.));
#4713=DIRECTION('',(1.,0.,0.));
#4714=DIRECTION('center_axis',(0.,0.,-1.));
#4715=DIRECTION('ref_axis',(0.,1.,0.));
#4716=DIRECTION('',(0.,-1.,0.));
#4717=DIRECTION('',(1.,0.,0.));
#4718=DIRECTION('center_axis',(0.,-1.,0.));
#4719=DIRECTION('ref_axis',(0.,0.,-1.));
#4720=DIRECTION('',(0.,0.,1.));
#4721=DIRECTION('center_axis',(-1.,0.,0.));
#4722=DIRECTION('ref_axis',(0.,-1.,0.));
#4723=DIRECTION('center_axis',(0.,0.,-1.));
#4724=DIRECTION('ref_axis',(-1.,0.,0.));
#4725=DIRECTION('center_axis',(0.,0.,-1.));
#4726=DIRECTION('ref_axis',(-1.,0.,0.));
#4727=DIRECTION('',(0.,0.,-1.));
#4728=DIRECTION('center_axis',(0.,0.,1.));
#4729=DIRECTION('ref_axis',(-1.,0.,0.));
#4730=DIRECTION('center_axis',(0.,0.,-1.));
#4731=DIRECTION('ref_axis',(-1.,0.,0.));
#4732=DIRECTION('center_axis',(0.,0.,-1.));
#4733=DIRECTION('ref_axis',(-1.,0.,0.));
#4734=DIRECTION('',(0.,0.,-1.));
#4735=DIRECTION('center_axis',(0.,0.,1.));
#4736=DIRECTION('ref_axis',(-1.,0.,0.));
#4737=DIRECTION('center_axis',(0.,0.,-1.));
#4738=DIRECTION('ref_axis',(-1.,0.,0.));
#4739=DIRECTION('center_axis',(0.,0.,-1.));
#4740=DIRECTION('ref_axis',(-1.,0.,0.));
#4741=DIRECTION('',(0.,0.,-1.));
#4742=DIRECTION('center_axis',(0.,0.,1.));
#4743=DIRECTION('ref_axis',(-1.,0.,0.));
#4744=DIRECTION('center_axis',(0.,0.,-1.));
#4745=DIRECTION('ref_axis',(-1.,0.,0.));
#4746=DIRECTION('center_axis',(0.,0.,-1.));
#4747=DIRECTION('ref_axis',(-1.,0.,0.));
#4748=DIRECTION('',(0.,0.,-1.));
#4749=DIRECTION('center_axis',(0.,0.,1.));
#4750=DIRECTION('ref_axis',(-1.,0.,0.));
#4751=DIRECTION('center_axis',(0.,0.,-1.));
#4752=DIRECTION('ref_axis',(-1.,0.,0.));
#4753=DIRECTION('center_axis',(0.,0.,-1.));
#4754=DIRECTION('ref_axis',(-1.,0.,0.));
#4755=DIRECTION('',(0.,0.,-1.));
#4756=DIRECTION('center_axis',(0.,0.,1.));
#4757=DIRECTION('ref_axis',(-1.,0.,0.));
#4758=DIRECTION('center_axis',(0.,0.,-1.));
#4759=DIRECTION('ref_axis',(-1.,0.,0.));
#4760=DIRECTION('center_axis',(0.,0.,-1.));
#4761=DIRECTION('ref_axis',(-1.,0.,0.));
#4762=DIRECTION('',(0.,0.,-1.));
#4763=DIRECTION('center_axis',(0.,0.,1.));
#4764=DIRECTION('ref_axis',(-1.,0.,0.));
#4765=DIRECTION('center_axis',(0.,0.,1.));
#4766=DIRECTION('ref_axis',(1.,1.00551624742049E-16,0.));
#4767=DIRECTION('center_axis',(0.,0.,1.));
#4768=DIRECTION('ref_axis',(1.,1.00551624742049E-16,0.));
#4769=DIRECTION('',(0.,0.,-1.));
#4770=DIRECTION('center_axis',(0.,0.,-1.));
#4771=DIRECTION('ref_axis',(1.,1.00551624742049E-16,0.));
#4772=DIRECTION('center_axis',(0.,0.,1.));
#4773=DIRECTION('ref_axis',(1.,1.00551624742049E-16,0.));
#4774=DIRECTION('center_axis',(0.,0.,1.));
#4775=DIRECTION('ref_axis',(1.,1.00551624742049E-16,0.));
#4776=DIRECTION('',(0.,0.,-1.));
#4777=DIRECTION('center_axis',(0.,0.,-1.));
#4778=DIRECTION('ref_axis',(1.,1.00551624742049E-16,0.));
#4779=DIRECTION('center_axis',(0.,0.,1.));
#4780=DIRECTION('ref_axis',(1.,1.00551624742049E-16,0.));
#4781=DIRECTION('center_axis',(0.,0.,1.));
#4782=DIRECTION('ref_axis',(1.,1.00551624742049E-16,0.));
#4783=DIRECTION('',(0.,0.,-1.));
#4784=DIRECTION('center_axis',(0.,0.,-1.));
#4785=DIRECTION('ref_axis',(1.,1.00551624742049E-16,0.));
#4786=DIRECTION('center_axis',(0.,0.,1.));
#4787=DIRECTION('ref_axis',(1.,1.00551624742049E-16,0.));
#4788=DIRECTION('center_axis',(0.,0.,1.));
#4789=DIRECTION('ref_axis',(1.,1.00551624742049E-16,0.));
#4790=DIRECTION('',(0.,0.,-1.));
#4791=DIRECTION('center_axis',(0.,0.,-1.));
#4792=DIRECTION('ref_axis',(1.,1.00551624742049E-16,0.));
#4793=DIRECTION('center_axis',(0.,0.,1.));
#4794=DIRECTION('ref_axis',(1.,1.00551624742049E-16,0.));
#4795=DIRECTION('center_axis',(0.,0.,1.));
#4796=DIRECTION('ref_axis',(1.,1.00551624742049E-16,0.));
#4797=DIRECTION('',(0.,0.,-1.));
#4798=DIRECTION('center_axis',(0.,0.,-1.));
#4799=DIRECTION('ref_axis',(1.,1.00551624742049E-16,0.));
#4800=DIRECTION('center_axis',(0.,0.,1.));
#4801=DIRECTION('ref_axis',(1.,1.00551624742049E-16,0.));
#4802=DIRECTION('center_axis',(0.,0.,1.));
#4803=DIRECTION('ref_axis',(1.,1.00551624742049E-16,0.));
#4804=DIRECTION('',(0.,0.,-1.));
#4805=DIRECTION('center_axis',(0.,0.,-1.));
#4806=DIRECTION('ref_axis',(1.,1.00551624742049E-16,0.));
#4807=DIRECTION('center_axis',(0.,0.,1.));
#4808=DIRECTION('ref_axis',(1.,1.00551624742049E-16,0.));
#4809=DIRECTION('center_axis',(0.,0.,1.));
#4810=DIRECTION('ref_axis',(1.,1.00551624742049E-16,0.));
#4811=DIRECTION('',(0.,0.,-1.));
#4812=DIRECTION('center_axis',(0.,0.,-1.));
#4813=DIRECTION('ref_axis',(1.,1.00551624742049E-16,0.));
#4814=DIRECTION('center_axis',(0.,0.,1.));
#4815=DIRECTION('ref_axis',(1.,1.00551624742049E-16,0.));
#4816=DIRECTION('center_axis',(0.,0.,1.));
#4817=DIRECTION('ref_axis',(1.,1.00551624742049E-16,0.));
#4818=DIRECTION('',(0.,0.,-1.));
#4819=DIRECTION('center_axis',(0.,0.,-1.));
#4820=DIRECTION('ref_axis',(1.,1.00551624742049E-16,0.));
#4821=DIRECTION('center_axis',(0.,0.,1.));
#4822=DIRECTION('ref_axis',(1.,1.00551624742049E-16,0.));
#4823=DIRECTION('center_axis',(0.,0.,1.));
#4824=DIRECTION('ref_axis',(1.,1.00551624742049E-16,0.));
#4825=DIRECTION('',(0.,0.,-1.));
#4826=DIRECTION('center_axis',(0.,0.,-1.));
#4827=DIRECTION('ref_axis',(1.,1.00551624742049E-16,0.));
#4828=DIRECTION('center_axis',(0.,0.,1.));
#4829=DIRECTION('ref_axis',(1.,1.00551624742049E-16,0.));
#4830=DIRECTION('center_axis',(0.,0.,1.));
#4831=DIRECTION('ref_axis',(1.,1.00551624742049E-16,0.));
#4832=DIRECTION('',(0.,0.,-1.));
#4833=DIRECTION('center_axis',(0.,0.,-1.));
#4834=DIRECTION('ref_axis',(1.,1.00551624742049E-16,0.));
#4835=DIRECTION('center_axis',(0.,0.,1.));
#4836=DIRECTION('ref_axis',(1.,1.00551624742049E-16,0.));
#4837=DIRECTION('center_axis',(0.,0.,1.));
#4838=DIRECTION('ref_axis',(1.,1.00551624742049E-16,0.));
#4839=DIRECTION('',(0.,0.,-1.));
#4840=DIRECTION('center_axis',(0.,0.,-1.));
#4841=DIRECTION('ref_axis',(1.,1.00551624742049E-16,0.));
#4842=DIRECTION('center_axis',(0.,0.,1.));
#4843=DIRECTION('ref_axis',(1.,1.00551624742049E-16,0.));
#4844=DIRECTION('center_axis',(0.,0.,1.));
#4845=DIRECTION('ref_axis',(1.,1.00551624742049E-16,0.));
#4846=DIRECTION('',(0.,0.,-1.));
#4847=DIRECTION('center_axis',(0.,0.,-1.));
#4848=DIRECTION('ref_axis',(1.,1.00551624742049E-16,0.));
#4849=DIRECTION('center_axis',(-1.00551624742049E-16,1.,0.));
#4850=DIRECTION('ref_axis',(0.,0.,-1.));
#4851=DIRECTION('',(0.,0.,-1.));
#4852=DIRECTION('',(-1.,-1.00551624742049E-16,0.));
#4853=DIRECTION('',(0.,0.,-1.));
#4854=DIRECTION('',(1.,1.00551624742049E-16,0.));
#4855=DIRECTION('center_axis',(0.,0.,1.));
#4856=DIRECTION('ref_axis',(-1.00551624742049E-16,1.,0.));
#4857=DIRECTION('',(-1.00551624742049E-16,1.,0.));
#4858=DIRECTION('',(-1.00551624742049E-16,1.,0.));
#4859=DIRECTION('',(1.,1.00551624742049E-16,0.));
#4860=DIRECTION('center_axis',(1.00551624742049E-16,-1.,0.));
#4861=DIRECTION('ref_axis',(0.,0.,1.));
#4862=DIRECTION('',(0.,0.,1.));
#4863=DIRECTION('',(0.,0.,1.));
#4864=DIRECTION('',(1.,1.00551624742049E-16,0.));
#4865=DIRECTION('center_axis',(0.,0.,-1.));
#4866=DIRECTION('ref_axis',(1.00551624742049E-16,-1.,0.));
#4867=DIRECTION('',(1.00551624742049E-16,-1.,0.));
#4868=DIRECTION('',(1.00551624742049E-16,-1.,0.));
#4869=DIRECTION('center_axis',(-1.,-1.00551624742049E-16,0.));
#4870=DIRECTION('ref_axis',(1.00551624742049E-16,-1.,0.));
#4871=DIRECTION('',(-1.00551624742049E-16,1.,0.));
#4872=DIRECTION('',(0.,0.,-1.));
#4873=DIRECTION('',(1.00551624742049E-16,-1.,0.));
#4874=DIRECTION('',(0.,0.,1.));
#4875=DIRECTION('center_axis',(-1.,-1.00551624742049E-16,0.));
#4876=DIRECTION('ref_axis',(1.00551624742049E-16,-1.,0.));
#4877=DIRECTION('',(0.,0.,1.));
#4878=DIRECTION('',(1.00551624742049E-16,-1.,0.));
#4879=DIRECTION('',(0.,0.,-1.));
#4880=DIRECTION('',(-1.00551624742049E-16,1.,0.));
#4881=DIRECTION('center_axis',(0.,0.,-1.));
#4882=DIRECTION('ref_axis',(-1.,0.,0.));
#4883=DIRECTION('center_axis',(0.,0.,-1.));
#4884=DIRECTION('ref_axis',(-1.,0.,0.));
#4885=DIRECTION('',(0.,0.,-1.));
#4886=DIRECTION('center_axis',(0.,0.,1.));
#4887=DIRECTION('ref_axis',(-1.,0.,0.));
#4888=DIRECTION('center_axis',(0.,0.,-1.));
#4889=DIRECTION('ref_axis',(-1.,0.,0.));
#4890=DIRECTION('center_axis',(0.,0.,-1.));
#4891=DIRECTION('ref_axis',(-1.,0.,0.));
#4892=DIRECTION('',(0.,0.,-1.));
#4893=DIRECTION('center_axis',(0.,0.,1.));
#4894=DIRECTION('ref_axis',(-1.,0.,0.));
#4895=DIRECTION('center_axis',(0.,0.,-1.));
#4896=DIRECTION('ref_axis',(-1.,0.,0.));
#4897=DIRECTION('center_axis',(0.,0.,-1.));
#4898=DIRECTION('ref_axis',(-1.,0.,0.));
#4899=DIRECTION('',(0.,0.,-1.));
#4900=DIRECTION('center_axis',(0.,0.,1.));
#4901=DIRECTION('ref_axis',(-1.,0.,0.));
#4902=DIRECTION('center_axis',(0.,0.,-1.));
#4903=DIRECTION('ref_axis',(-1.,0.,0.));
#4904=DIRECTION('center_axis',(0.,0.,-1.));
#4905=DIRECTION('ref_axis',(-1.,0.,0.));
#4906=DIRECTION('',(0.,0.,-1.));
#4907=DIRECTION('center_axis',(0.,0.,1.));
#4908=DIRECTION('ref_axis',(-1.,0.,0.));
#4909=DIRECTION('center_axis',(0.,0.,-1.));
#4910=DIRECTION('ref_axis',(-1.,0.,0.));
#4911=DIRECTION('center_axis',(0.,0.,-1.));
#4912=DIRECTION('ref_axis',(-1.,0.,0.));
#4913=DIRECTION('',(0.,0.,-1.));
#4914=DIRECTION('center_axis',(0.,0.,1.));
#4915=DIRECTION('ref_axis',(-1.,0.,0.));
#4916=DIRECTION('center_axis',(0.,0.,-1.));
#4917=DIRECTION('ref_axis',(-1.,0.,0.));
#4918=DIRECTION('center_axis',(0.,0.,-1.));
#4919=DIRECTION('ref_axis',(-1.,0.,0.));
#4920=DIRECTION('',(0.,0.,-1.));
#4921=DIRECTION('center_axis',(0.,0.,1.));
#4922=DIRECTION('ref_axis',(-1.,0.,0.));
#4923=DIRECTION('center_axis',(0.,0.,-1.));
#4924=DIRECTION('ref_axis',(-1.,0.,0.));
#4925=DIRECTION('center_axis',(0.,0.,-1.));
#4926=DIRECTION('ref_axis',(-1.,0.,0.));
#4927=DIRECTION('',(0.,0.,-1.));
#4928=DIRECTION('center_axis',(0.,0.,1.));
#4929=DIRECTION('ref_axis',(-1.,0.,0.));
#4930=DIRECTION('center_axis',(0.,0.,-1.));
#4931=DIRECTION('ref_axis',(-1.,0.,0.));
#4932=DIRECTION('center_axis',(0.,0.,-1.));
#4933=DIRECTION('ref_axis',(-1.,0.,0.));
#4934=DIRECTION('',(0.,0.,-1.));
#4935=DIRECTION('center_axis',(0.,0.,1.));
#4936=DIRECTION('ref_axis',(-1.,0.,0.));
#4937=DIRECTION('center_axis',(0.,0.,-1.));
#4938=DIRECTION('ref_axis',(-1.,0.,0.));
#4939=DIRECTION('center_axis',(0.,0.,-1.));
#4940=DIRECTION('ref_axis',(-1.,0.,0.));
#4941=DIRECTION('',(0.,0.,-1.));
#4942=DIRECTION('center_axis',(0.,0.,1.));
#4943=DIRECTION('ref_axis',(-1.,0.,0.));
#4944=DIRECTION('center_axis',(0.,0.,-1.));
#4945=DIRECTION('ref_axis',(-1.,0.,0.));
#4946=DIRECTION('center_axis',(0.,0.,-1.));
#4947=DIRECTION('ref_axis',(-1.,0.,0.));
#4948=DIRECTION('',(0.,0.,-1.));
#4949=DIRECTION('center_axis',(0.,0.,1.));
#4950=DIRECTION('ref_axis',(-1.,0.,0.));
#4951=DIRECTION('center_axis',(0.,0.,-1.));
#4952=DIRECTION('ref_axis',(-1.,0.,0.));
#4953=DIRECTION('center_axis',(0.,0.,-1.));
#4954=DIRECTION('ref_axis',(-1.,0.,0.));
#4955=DIRECTION('',(0.,0.,-1.));
#4956=DIRECTION('center_axis',(0.,0.,1.));
#4957=DIRECTION('ref_axis',(-1.,0.,0.));
#4958=DIRECTION('center_axis',(0.,0.,-1.));
#4959=DIRECTION('ref_axis',(-1.,0.,0.));
#4960=DIRECTION('center_axis',(0.,0.,-1.));
#4961=DIRECTION('ref_axis',(-1.,0.,0.));
#4962=DIRECTION('',(0.,0.,-1.));
#4963=DIRECTION('center_axis',(0.,0.,1.));
#4964=DIRECTION('ref_axis',(-1.,0.,0.));
#4965=DIRECTION('center_axis',(0.,-1.,0.));
#4966=DIRECTION('ref_axis',(0.,0.,-1.));
#4967=DIRECTION('',(0.,0.,-1.));
#4968=DIRECTION('',(-1.,0.,0.));
#4969=DIRECTION('',(0.,0.,-1.));
#4970=DIRECTION('',(1.,0.,0.));
#4971=DIRECTION('center_axis',(0.,0.,-1.));
#4972=DIRECTION('ref_axis',(0.,1.,0.));
#4973=DIRECTION('',(0.,1.,0.));
#4974=DIRECTION('',(-1.,0.,0.));
#4975=DIRECTION('',(0.,1.,0.));
#4976=DIRECTION('center_axis',(0.,1.,0.));
#4977=DIRECTION('ref_axis',(0.,0.,1.));
#4978=DIRECTION('',(0.,0.,1.));
#4979=DIRECTION('',(-1.,0.,0.));
#4980=DIRECTION('',(0.,0.,1.));
#4981=DIRECTION('center_axis',(0.,0.,1.));
#4982=DIRECTION('ref_axis',(0.,-1.,0.));
#4983=DIRECTION('',(0.,-1.,0.));
#4984=DIRECTION('',(0.,-1.,0.));
#4985=DIRECTION('center_axis',(-1.,0.,0.));
#4986=DIRECTION('ref_axis',(0.,-1.,0.));
#4987=DIRECTION('',(0.,1.,0.));
#4988=DIRECTION('',(0.,0.,1.));
#4989=DIRECTION('',(0.,-1.,0.));
#4990=DIRECTION('',(0.,0.,-1.));
#4991=DIRECTION('center_axis',(0.,0.,1.));
#4992=DIRECTION('ref_axis',(0.,-1.,0.));
#4993=DIRECTION('',(1.,1.00551624742049E-16,0.));
#4994=DIRECTION('',(1.,0.,0.));
#4995=DIRECTION('center_axis',(0.,1.,0.));
#4996=DIRECTION('ref_axis',(0.,0.,1.));
#4997=DIRECTION('',(1.,1.00551624742049E-16,0.));
#4998=DIRECTION('center_axis',(0.,0.,-1.));
#4999=DIRECTION('ref_axis',(0.,1.,0.));
#5000=DIRECTION('',(1.,1.00551624742049E-16,0.));
#5001=DIRECTION('center_axis',(0.,-1.,0.));
#5002=DIRECTION('ref_axis',(0.,0.,-1.));
#5003=DIRECTION('center_axis',(0.,0.,1.));
#5004=DIRECTION('ref_axis',(0.,-1.,0.));
#5005=DIRECTION('',(0.,1.,0.));
#5006=DIRECTION('',(1.,0.,0.));
#5007=DIRECTION('',(1.,0.,0.));
#5008=DIRECTION('center_axis',(0.,1.,0.));
#5009=DIRECTION('ref_axis',(0.,0.,1.));
#5010=DIRECTION('',(0.,0.,-1.));
#5011=DIRECTION('',(1.,0.,0.));
#5012=DIRECTION('center_axis',(0.,0.,-1.));
#5013=DIRECTION('ref_axis',(0.,1.,0.));
#5014=DIRECTION('',(1.,0.,0.));
#5015=DIRECTION('',(0.,-1.,0.));
#5016=DIRECTION('center_axis',(0.,-1.,0.));
#5017=DIRECTION('ref_axis',(0.,0.,-1.));
#5018=DIRECTION('',(0.,0.,1.));
#5019=DIRECTION('center_axis',(-1.,0.,0.));
#5020=DIRECTION('ref_axis',(0.,-1.,0.));
#5021=CARTESIAN_POINT('',(0.,0.,0.));
#5022=CARTESIAN_POINT('Origin',(660.499999038875,1162.5000173226,264.505003799796));
#5023=CARTESIAN_POINT('',(660.499999038875,1177.50001754612,262.935003891796));
#5024=CARTESIAN_POINT('',(660.499999038875,1162.5000173226,262.935003891796));
#5025=CARTESIAN_POINT('',(660.499999038875,1171.0025170432,262.935003891796));
#5026=CARTESIAN_POINT('',(660.499999038875,1162.5000173226,264.505003799796));
#5027=CARTESIAN_POINT('',(660.499999038875,1162.5000173226,264.505003799796));
#5028=CARTESIAN_POINT('',(660.499999038875,1177.50001754612,264.505003799796));
#5029=CARTESIAN_POINT('',(660.499999038875,1171.0025170432,264.505003799796));
#5030=CARTESIAN_POINT('',(660.499999038875,1177.50001754612,264.505003799796));
#5031=CARTESIAN_POINT('Origin',(649.499998949468,1177.50001754612,264.505003799796));
#5032=CARTESIAN_POINT('',(649.499998949468,1162.5000173226,262.935003891796));
#5033=CARTESIAN_POINT('',(649.499998949468,1177.50001754612,262.935003891796));
#5034=CARTESIAN_POINT('',(649.499998949468,1178.50251715496,262.935003891796));
#5035=CARTESIAN_POINT('',(649.499998949468,1177.50001754612,264.505003799796));
#5036=CARTESIAN_POINT('',(649.499998949468,1177.50001754612,264.505003799796));
#5037=CARTESIAN_POINT('',(649.499998949468,1162.5000173226,264.505003799796));
#5038=CARTESIAN_POINT('',(649.499998949468,1178.50251715496,264.505003799796));
#5039=CARTESIAN_POINT('',(649.499998949468,1162.5000173226,264.505003799796));
#5040=CARTESIAN_POINT('Origin',(655.499999038875,1177.50001754612,264.505003799796));
#5041=CARTESIAN_POINT('',(690.249999519437,1177.50001754612,262.935003891796));
#5042=CARTESIAN_POINT('',(690.249999519437,1177.50001754612,264.505003799796));
#5043=CARTESIAN_POINT('Origin',(649.499998949468,1162.5000173226,264.505003799796));
#5044=CARTESIAN_POINT('',(687.749999519437,1162.5000173226,262.935003891796));
#5045=CARTESIAN_POINT('',(687.749999519437,1162.5000173226,264.505003799796));
#5046=CARTESIAN_POINT('Origin',(507.999996840954,1177.00001753867,245.495003799796));
#5047=CARTESIAN_POINT('',(511.999996900558,1177.00001753867,247.065003707796));
#5048=CARTESIAN_POINT('',(507.999996840954,1177.00001753867,247.065003707796));
#5049=CARTESIAN_POINT('',(613.999998420477,1177.00001753867,247.065003707796));
#5050=CARTESIAN_POINT('',(507.999996840954,1177.00001753867,245.495003799796));
#5051=CARTESIAN_POINT('',(507.999996840954,1177.00001753867,245.495003799796));
#5052=CARTESIAN_POINT('',(511.999996900558,1177.00001753867,245.495003799796));
#5053=CARTESIAN_POINT('',(613.999998420477,1177.00001753867,245.495003799796));
#5054=CARTESIAN_POINT('',(511.999996900558,1177.00001753867,245.495003799796));
#5055=CARTESIAN_POINT('Origin',(507.999996840954,1163.00001733005,245.495003799796));
#5056=CARTESIAN_POINT('',(507.999996840954,1163.00001733005,247.065003707796));
#5057=CARTESIAN_POINT('',(507.999996840954,1161.74751704693,247.065003707796));
#5058=CARTESIAN_POINT('',(507.999996840954,1163.00001733005,245.495003799796));
#5059=CARTESIAN_POINT('',(507.999996840954,1163.00001733005,245.495003799796));
#5060=CARTESIAN_POINT('',(507.999996840954,1161.74751704693,245.495003799796));
#5061=CARTESIAN_POINT('Origin',(511.999996900558,1163.00001733005,245.495003799796));
#5062=CARTESIAN_POINT('',(511.999996900558,1163.00001733005,247.065003707796));
#5063=CARTESIAN_POINT('',(615.999998450279,1163.00001733005,247.065003707796));
#5064=CARTESIAN_POINT('',(511.999996900558,1163.00001733005,245.495003799796));
#5065=CARTESIAN_POINT('',(511.999996900558,1163.00001733005,245.495003799796));
#5066=CARTESIAN_POINT('',(615.999998450279,1163.00001733005,245.495003799796));
#5067=CARTESIAN_POINT('Origin',(511.999996900558,1177.00001753867,245.495003799796));
#5068=CARTESIAN_POINT('',(511.999996900558,1168.74751715124,247.065003707796));
#5069=CARTESIAN_POINT('',(511.999996900558,1168.74751715124,245.495003799796));
#5070=CARTESIAN_POINT('Origin',(699.249998670071,1200.,250.000003799796));
#5071=CARTESIAN_POINT('',(697.749998670071,1162.06501667181,250.000003799796));
#5072=CARTESIAN_POINT('Origin',(699.249998670071,1162.06501667181,250.000003799796));
#5073=CARTESIAN_POINT('',(697.749998670071,1160.49501676381,250.000003799796));
#5074=CARTESIAN_POINT('',(697.749998670071,1200.,250.000003799796));
#5075=CARTESIAN_POINT('Origin',(699.249998670071,1160.49501676381,250.000003799796));
#5076=CARTESIAN_POINT('Origin',(699.249998670071,1200.,250.000003799796));
#5077=CARTESIAN_POINT('',(697.749998670071,1179.50501676381,250.000003799796));
#5078=CARTESIAN_POINT('Origin',(699.249998670071,1179.50501676381,250.000003799796));
#5079=CARTESIAN_POINT('',(697.749998670071,1177.93501685581,250.000003799796));
#5080=CARTESIAN_POINT('',(697.749998670071,1200.,250.000003799796));
#5081=CARTESIAN_POINT('Origin',(699.249998670071,1177.93501685581,250.000003799796));
#5082=CARTESIAN_POINT('Origin',(663.261459222524,1200.,260.000003799796));
#5083=CARTESIAN_POINT('',(661.761459222524,1162.06501667181,260.000003799796));
#5084=CARTESIAN_POINT('Origin',(663.261459222524,1162.06501667181,260.000003799796));
#5085=CARTESIAN_POINT('',(661.761459222524,1160.49501676381,260.000003799796));
#5086=CARTESIAN_POINT('',(661.761459222524,1200.,260.000003799796));
#5087=CARTESIAN_POINT('Origin',(663.261459222524,1160.49501676381,260.000003799796));
#5088=CARTESIAN_POINT('Origin',(663.261459222524,1200.,260.000003799796));
#5089=CARTESIAN_POINT('',(661.761459222524,1179.50501676381,260.000003799796));
#5090=CARTESIAN_POINT('Origin',(663.261459222524,1179.50501676381,260.000003799796));
#5091=CARTESIAN_POINT('',(661.761459222524,1177.93501685581,260.000003799796));
#5092=CARTESIAN_POINT('',(661.761459222524,1200.,260.000003799796));
#5093=CARTESIAN_POINT('Origin',(663.261459222524,1177.93501685581,260.000003799796));
#5094=CARTESIAN_POINT('Origin',(681.255728946297,1200.,250.000003799796));
#5095=CARTESIAN_POINT('',(679.755728946297,1162.06501667181,250.000003799796));
#5096=CARTESIAN_POINT('Origin',(681.255728946297,1162.06501667181,250.000003799796));
#5097=CARTESIAN_POINT('',(679.755728946297,1160.49501676381,250.000003799796));
#5098=CARTESIAN_POINT('',(679.755728946297,1200.,250.000003799796));
#5099=CARTESIAN_POINT('Origin',(681.255728946297,1160.49501676381,250.000003799796));
#5100=CARTESIAN_POINT('Origin',(681.255728946297,1200.,250.000003799796));
#5101=CARTESIAN_POINT('',(679.755728946297,1179.50501676381,250.000003799796));
#5102=CARTESIAN_POINT('Origin',(681.255728946297,1179.50501676381,250.000003799796));
#5103=CARTESIAN_POINT('',(679.755728946297,1177.93501685581,250.000003799796));
#5104=CARTESIAN_POINT('',(679.755728946297,1200.,250.000003799796));
#5105=CARTESIAN_POINT('Origin',(681.255728946297,1177.93501685581,250.000003799796));
#5106=CARTESIAN_POINT('Origin',(699.249998670071,1200.,260.000003799796));
#5107=CARTESIAN_POINT('',(697.749998670071,1162.06501667181,260.000003799796));
#5108=CARTESIAN_POINT('Origin',(699.249998670071,1162.06501667181,260.000003799796));
#5109=CARTESIAN_POINT('',(697.749998670071,1160.49501676381,260.000003799796));
#5110=CARTESIAN_POINT('',(697.749998670071,1200.,260.000003799796));
#5111=CARTESIAN_POINT('Origin',(699.249998670071,1160.49501676381,260.000003799796));
#5112=CARTESIAN_POINT('Origin',(699.249998670071,1200.,260.000003799796));
#5113=CARTESIAN_POINT('',(697.749998670071,1179.50501676381,260.000003799796));
#5114=CARTESIAN_POINT('Origin',(699.249998670071,1179.50501676381,260.000003799796));
#5115=CARTESIAN_POINT('',(697.749998670071,1177.93501685581,260.000003799796));
#5116=CARTESIAN_POINT('',(697.749998670071,1200.,260.000003799796));
#5117=CARTESIAN_POINT('Origin',(699.249998670071,1177.93501685581,260.000003799796));
#5118=CARTESIAN_POINT('Origin',(681.255728946297,1200.,260.000003799796));
#5119=CARTESIAN_POINT('',(679.755728946297,1162.06501667181,260.000003799796));
#5120=CARTESIAN_POINT('Origin',(681.255728946297,1162.06501667181,260.000003799796));
#5121=CARTESIAN_POINT('',(679.755728946297,1160.49501676381,260.000003799796));
#5122=CARTESIAN_POINT('',(679.755728946297,1200.,260.000003799796));
#5123=CARTESIAN_POINT('Origin',(681.255728946297,1160.49501676381,260.000003799796));
#5124=CARTESIAN_POINT('Origin',(681.255728946297,1200.,260.000003799796));
#5125=CARTESIAN_POINT('',(679.755728946297,1179.50501676381,260.000003799796));
#5126=CARTESIAN_POINT('Origin',(681.255728946297,1179.50501676381,260.000003799796));
#5127=CARTESIAN_POINT('',(679.755728946297,1177.93501685581,260.000003799796));
#5128=CARTESIAN_POINT('',(679.755728946297,1200.,260.000003799796));
#5129=CARTESIAN_POINT('Origin',(681.255728946297,1177.93501685581,260.000003799796));
#5130=CARTESIAN_POINT('Origin',(663.261459222524,1200.,250.000003799796));
#5131=CARTESIAN_POINT('',(661.761459222524,1162.06501667181,250.000003799796));
#5132=CARTESIAN_POINT('Origin',(663.261459222524,1162.06501667181,250.000003799796));
#5133=CARTESIAN_POINT('',(661.761459222524,1160.49501676381,250.000003799796));
#5134=CARTESIAN_POINT('',(661.761459222524,1200.,250.000003799796));
#5135=CARTESIAN_POINT('Origin',(663.261459222524,1160.49501676381,250.000003799796));
#5136=CARTESIAN_POINT('Origin',(663.261459222524,1200.,250.000003799796));
#5137=CARTESIAN_POINT('',(661.761459222524,1179.50501676381,250.000003799796));
#5138=CARTESIAN_POINT('Origin',(663.261459222524,1179.50501676381,250.000003799796));
#5139=CARTESIAN_POINT('',(661.761459222524,1177.93501685581,250.000003799796));
#5140=CARTESIAN_POINT('',(661.761459222524,1200.,250.000003799796));
#5141=CARTESIAN_POINT('Origin',(663.261459222524,1177.93501685581,250.000003799796));
#5142=CARTESIAN_POINT('Origin',(514.999999552965,1164.99751716986,272.505003799796));
#5143=CARTESIAN_POINT('',(513.499999552965,1164.99751716986,247.065003707796));
#5144=CARTESIAN_POINT('Origin',(514.999999552965,1164.99751716986,247.065003707796));
#5145=CARTESIAN_POINT('',(513.499999552965,1164.99751716986,245.495003799796));
#5146=CARTESIAN_POINT('',(513.499999552965,1164.99751716986,272.505003799796));
#5147=CARTESIAN_POINT('Origin',(514.999999552965,1164.99751716986,245.495003799796));
#5148=CARTESIAN_POINT('Origin',(514.999999552965,1164.99751716986,272.505003799796));
#5149=CARTESIAN_POINT('',(513.499999552965,1164.99751716986,264.505003799796));
#5150=CARTESIAN_POINT('Origin',(514.999999552965,1164.99751716986,264.505003799796));
#5151=CARTESIAN_POINT('',(513.499999552965,1164.99751716986,262.935003891796));
#5152=CARTESIAN_POINT('',(513.499999552965,1164.99751716986,272.505003799796));
#5153=CARTESIAN_POINT('Origin',(514.999999552965,1164.99751716986,262.935003891796));
#5154=CARTESIAN_POINT('Origin',(514.999999552965,1174.99751716986,272.505003799796));
#5155=CARTESIAN_POINT('',(513.499999552965,1174.99751716986,247.065003707796));
#5156=CARTESIAN_POINT('Origin',(514.999999552965,1174.99751716986,247.065003707796));
#5157=CARTESIAN_POINT('',(513.499999552965,1174.99751716986,245.495003799796));
#5158=CARTESIAN_POINT('',(513.499999552965,1174.99751716986,272.505003799796));
#5159=CARTESIAN_POINT('Origin',(514.999999552965,1174.99751716986,245.495003799796));
#5160=CARTESIAN_POINT('Origin',(514.999999552965,1174.99751716986,272.505003799796));
#5161=CARTESIAN_POINT('',(513.499999552965,1174.99751716986,264.505003799796));
#5162=CARTESIAN_POINT('Origin',(514.999999552965,1174.99751716986,264.505003799796));
#5163=CARTESIAN_POINT('',(513.499999552965,1174.99751716986,262.935003891796));
#5164=CARTESIAN_POINT('',(513.499999552965,1174.99751716986,272.505003799796));
#5165=CARTESIAN_POINT('Origin',(514.999999552965,1174.99751716986,262.935003891796));
#5166=CARTESIAN_POINT('Origin',(504.999999552965,1164.99751716986,272.505003799796));
#5167=CARTESIAN_POINT('',(503.499999552965,1164.99751716986,247.065003707796));
#5168=CARTESIAN_POINT('Origin',(504.999999552965,1164.99751716986,247.065003707796));
#5169=CARTESIAN_POINT('',(503.499999552965,1164.99751716986,245.495003799796));
#5170=CARTESIAN_POINT('',(503.499999552965,1164.99751716986,272.505003799796));
#5171=CARTESIAN_POINT('Origin',(504.999999552965,1164.99751716986,245.495003799796));
#5172=CARTESIAN_POINT('Origin',(504.999999552965,1164.99751716986,272.505003799796));
#5173=CARTESIAN_POINT('',(503.499999552965,1164.99751716986,264.505003799796));
#5174=CARTESIAN_POINT('Origin',(504.999999552965,1164.99751716986,264.505003799796));
#5175=CARTESIAN_POINT('',(503.499999552965,1164.99751716986,262.935003891796));
#5176=CARTESIAN_POINT('',(503.499999552965,1164.99751716986,272.505003799796));
#5177=CARTESIAN_POINT('Origin',(504.999999552965,1164.99751716986,262.935003891796));
#5178=CARTESIAN_POINT('Origin',(504.999999552965,1174.99751716986,272.505003799796));
#5179=CARTESIAN_POINT('',(503.499999552965,1174.99751716986,247.065003707796));
#5180=CARTESIAN_POINT('Origin',(504.999999552965,1174.99751716986,247.065003707796));
#5181=CARTESIAN_POINT('',(503.499999552965,1174.99751716986,245.495003799796));
#5182=CARTESIAN_POINT('',(503.499999552965,1174.99751716986,272.505003799796));
#5183=CARTESIAN_POINT('Origin',(504.999999552965,1174.99751716986,245.495003799796));
#5184=CARTESIAN_POINT('Origin',(504.999999552965,1174.99751716986,272.505003799796));
#5185=CARTESIAN_POINT('',(503.499999552965,1174.99751716986,264.505003799796));
#5186=CARTESIAN_POINT('Origin',(504.999999552965,1174.99751716986,264.505003799796));
#5187=CARTESIAN_POINT('',(503.499999552965,1174.99751716986,262.935003891796));
#5188=CARTESIAN_POINT('',(503.499999552965,1174.99751716986,272.505003799796));
#5189=CARTESIAN_POINT('Origin',(504.999999552965,1174.99751716986,262.935003891796));
#5190=CARTESIAN_POINT('Origin',(720.,1170.00001676381,255.000003799796));
#5191=CARTESIAN_POINT('',(720.,1160.49501676381,245.495003799796));
#5192=CARTESIAN_POINT('',(720.,1160.49501676381,264.505003799796));
#5193=CARTESIAN_POINT('',(720.,1160.49501676381,245.495003799796));
#5194=CARTESIAN_POINT('',(720.,1179.50501676381,245.495003799796));
#5195=CARTESIAN_POINT('',(720.,1179.50501676381,245.495003799796));
#5196=CARTESIAN_POINT('',(720.,1179.50501676381,264.505003799796));
#5197=CARTESIAN_POINT('',(720.,1179.50501676381,264.505003799796));
#5198=CARTESIAN_POINT('',(720.,1160.49501676381,264.505003799796));
#5199=CARTESIAN_POINT('',(720.,1177.93501685581,247.065003707796));
#5200=CARTESIAN_POINT('',(720.,1177.93501685581,262.935003891796));
#5201=CARTESIAN_POINT('',(720.,1177.93501685581,258.967503845796));
#5202=CARTESIAN_POINT('',(720.,1162.06501667181,247.065003707796));
#5203=CARTESIAN_POINT('',(720.,1173.96751680981,247.065003707796));
#5204=CARTESIAN_POINT('',(720.,1162.06501667181,262.935003891796));
#5205=CARTESIAN_POINT('',(720.,1162.06501667181,251.032503753796));
#5206=CARTESIAN_POINT('',(720.,1166.03251671781,262.935003891796));
#5207=CARTESIAN_POINT('Origin',(59.5000009611249,1162.5000173226,264.505003799796));
#5208=CARTESIAN_POINT('',(59.5000009611249,1177.50001754612,262.935003891796));
#5209=CARTESIAN_POINT('',(59.5000009611249,1162.5000173226,262.935003891796));
#5210=CARTESIAN_POINT('',(59.5000009611249,1171.0025170432,262.935003891796));
#5211=CARTESIAN_POINT('',(59.5000009611249,1177.50001754612,264.505003799796));
#5212=CARTESIAN_POINT('',(59.5000009611249,1177.50001754612,264.505003799796));
#5213=CARTESIAN_POINT('',(59.5000009611249,1162.5000173226,264.505003799796));
#5214=CARTESIAN_POINT('',(59.5000009611249,1171.0025170432,264.505003799796));
#5215=CARTESIAN_POINT('',(59.5000009611249,1162.5000173226,264.505003799796));
#5216=CARTESIAN_POINT('Origin',(-8.88178419700125E-15,1179.50501676381,
264.505003799796));
#5217=CARTESIAN_POINT('',(-8.88178419700125E-15,1160.49501676381,264.505003799796));
#5218=CARTESIAN_POINT('',(-8.88178419700125E-15,1179.50501676381,264.505003799796));
#5219=CARTESIAN_POINT('',(-8.88178419700125E-15,1160.49501676381,264.505003799796));
#5220=CARTESIAN_POINT('',(-8.88178419700125E-15,1160.49501676381,264.505003799796));
#5221=CARTESIAN_POINT('',(-8.88178419700125E-15,1179.50501676381,264.505003799796));
#5222=CARTESIAN_POINT('',(216.500000447035,1174.99751716986,264.505003799796));
#5223=CARTESIAN_POINT('Origin',(215.000000447035,1174.99751716986,264.505003799796));
#5224=CARTESIAN_POINT('',(216.500000447035,1164.99751716986,264.505003799796));
#5225=CARTESIAN_POINT('Origin',(215.000000447035,1164.99751716986,264.505003799796));
#5226=CARTESIAN_POINT('',(206.500000447035,1174.99751716986,264.505003799796));
#5227=CARTESIAN_POINT('Origin',(205.000000447035,1174.99751716986,264.505003799796));
#5228=CARTESIAN_POINT('',(206.500000447035,1164.99751716986,264.505003799796));
#5229=CARTESIAN_POINT('Origin',(205.000000447035,1164.99751716986,264.505003799796));
#5230=CARTESIAN_POINT('',(70.5000010505319,1162.5000173226,264.505003799796));
#5231=CARTESIAN_POINT('',(32.2500004805624,1162.5000173226,264.505003799796));
#5232=CARTESIAN_POINT('',(70.5000010505319,1177.50001754612,264.505003799796));
#5233=CARTESIAN_POINT('',(29.7500004805624,1177.50001754612,264.505003799796));
#5234=CARTESIAN_POINT('',(70.5000010505319,1178.50251715496,264.505003799796));
#5235=CARTESIAN_POINT('Origin',(70.5000010505319,1177.50001754612,264.505003799796));
#5236=CARTESIAN_POINT('',(70.5000010505319,1162.5000173226,262.935003891796));
#5237=CARTESIAN_POINT('',(70.5000010505319,1177.50001754612,262.935003891796));
#5238=CARTESIAN_POINT('',(70.5000010505319,1178.50251715496,262.935003891796));
#5239=CARTESIAN_POINT('',(70.5000010505319,1162.5000173226,264.505003799796));
#5240=CARTESIAN_POINT('',(70.5000010505319,1177.50001754612,264.505003799796));
#5241=CARTESIAN_POINT('Origin',(64.5000009611249,1177.50001754612,264.505003799796));
#5242=CARTESIAN_POINT('',(29.7500004805624,1177.50001754612,262.935003891796));
#5243=CARTESIAN_POINT('Origin',(70.5000010505319,1162.5000173226,264.505003799796));
#5244=CARTESIAN_POINT('',(32.2500004805624,1162.5000173226,262.935003891796));
#5245=CARTESIAN_POINT('Origin',(212.000003159046,1177.00001753867,245.495003799796));
#5246=CARTESIAN_POINT('',(208.000003099442,1177.00001753867,247.065003707796));
#5247=CARTESIAN_POINT('',(212.000003159046,1177.00001753867,247.065003707796));
#5248=CARTESIAN_POINT('',(106.000001579523,1177.00001753867,247.065003707796));
#5249=CARTESIAN_POINT('',(208.000003099442,1177.00001753867,245.495003799796));
#5250=CARTESIAN_POINT('',(208.000003099442,1177.00001753867,245.495003799796));
#5251=CARTESIAN_POINT('',(212.000003159046,1177.00001753867,245.495003799796));
#5252=CARTESIAN_POINT('',(106.000001579523,1177.00001753867,245.495003799796));
#5253=CARTESIAN_POINT('',(212.000003159046,1177.00001753867,245.495003799796));
#5254=CARTESIAN_POINT('Origin',(212.000003159046,1163.00001733005,245.495003799796));
#5255=CARTESIAN_POINT('',(212.000003159046,1163.00001733005,247.065003707796));
#5256=CARTESIAN_POINT('',(212.000003159046,1161.74751704693,247.065003707796));
#5257=CARTESIAN_POINT('',(212.000003159046,1163.00001733005,245.495003799796));
#5258=CARTESIAN_POINT('',(212.000003159046,1161.74751704693,245.495003799796));
#5259=CARTESIAN_POINT('',(212.000003159046,1163.00001733005,245.495003799796));
#5260=CARTESIAN_POINT('Origin',(208.000003099442,1163.00001733005,245.495003799796));
#5261=CARTESIAN_POINT('',(208.000003099442,1163.00001733005,247.065003707796));
#5262=CARTESIAN_POINT('',(104.000001549721,1163.00001733005,247.065003707796));
#5263=CARTESIAN_POINT('',(208.000003099442,1163.00001733005,245.495003799796));
#5264=CARTESIAN_POINT('',(104.000001549721,1163.00001733005,245.495003799796));
#5265=CARTESIAN_POINT('',(208.000003099442,1163.00001733005,245.495003799796));
#5266=CARTESIAN_POINT('Origin',(208.000003099442,1177.00001753867,245.495003799796));
#5267=CARTESIAN_POINT('',(208.000003099442,1168.74751715124,247.065003707796));
#5268=CARTESIAN_POINT('',(208.000003099442,1168.74751715124,245.495003799796));
#5269=CARTESIAN_POINT('Origin',(20.7500013299287,1200.,250.000003799796));
#5270=CARTESIAN_POINT('',(22.2500013299287,1162.06501667181,250.000003799796));
#5271=CARTESIAN_POINT('Origin',(20.7500013299287,1162.06501667181,250.000003799796));
#5272=CARTESIAN_POINT('',(22.2500013299287,1160.49501676381,250.000003799796));
#5273=CARTESIAN_POINT('',(22.2500013299287,1200.,250.000003799796));
#5274=CARTESIAN_POINT('Origin',(20.7500013299287,1160.49501676381,250.000003799796));
#5275=CARTESIAN_POINT('Origin',(20.7500013299287,1200.,250.000003799796));
#5276=CARTESIAN_POINT('',(22.2500013299287,1179.50501676381,250.000003799796));
#5277=CARTESIAN_POINT('Origin',(20.7500013299287,1179.50501676381,250.000003799796));
#5278=CARTESIAN_POINT('',(22.2500013299287,1177.93501685581,250.000003799796));
#5279=CARTESIAN_POINT('',(22.2500013299287,1200.,250.000003799796));
#5280=CARTESIAN_POINT('Origin',(20.7500013299287,1177.93501685581,250.000003799796));
#5281=CARTESIAN_POINT('Origin',(56.738540777476,1200.,260.000003799796));
#5282=CARTESIAN_POINT('',(58.238540777476,1162.06501667181,260.000003799796));
#5283=CARTESIAN_POINT('Origin',(56.738540777476,1162.06501667181,260.000003799796));
#5284=CARTESIAN_POINT('',(58.238540777476,1160.49501676381,260.000003799796));
#5285=CARTESIAN_POINT('',(58.238540777476,1200.,260.000003799796));
#5286=CARTESIAN_POINT('Origin',(56.738540777476,1160.49501676381,260.000003799796));
#5287=CARTESIAN_POINT('Origin',(56.738540777476,1200.,260.000003799796));
#5288=CARTESIAN_POINT('',(58.238540777476,1179.50501676381,260.000003799796));
#5289=CARTESIAN_POINT('Origin',(56.738540777476,1179.50501676381,260.000003799796));
#5290=CARTESIAN_POINT('',(58.238540777476,1177.93501685581,260.000003799796));
#5291=CARTESIAN_POINT('',(58.238540777476,1200.,260.000003799796));
#5292=CARTESIAN_POINT('Origin',(56.738540777476,1177.93501685581,260.000003799796));
#5293=CARTESIAN_POINT('Origin',(38.7442710537023,1200.,250.000003799796));
#5294=CARTESIAN_POINT('',(40.2442710537023,1162.06501667181,250.000003799796));
#5295=CARTESIAN_POINT('Origin',(38.7442710537023,1162.06501667181,250.000003799796));
#5296=CARTESIAN_POINT('',(40.2442710537023,1160.49501676381,250.000003799796));
#5297=CARTESIAN_POINT('',(40.2442710537023,1200.,250.000003799796));
#5298=CARTESIAN_POINT('Origin',(38.7442710537023,1160.49501676381,250.000003799796));
#5299=CARTESIAN_POINT('Origin',(38.7442710537023,1200.,250.000003799796));
#5300=CARTESIAN_POINT('',(40.2442710537023,1179.50501676381,250.000003799796));
#5301=CARTESIAN_POINT('Origin',(38.7442710537023,1179.50501676381,250.000003799796));
#5302=CARTESIAN_POINT('',(40.2442710537023,1177.93501685581,250.000003799796));
#5303=CARTESIAN_POINT('',(40.2442710537023,1200.,250.000003799796));
#5304=CARTESIAN_POINT('Origin',(38.7442710537023,1177.93501685581,250.000003799796));
#5305=CARTESIAN_POINT('Origin',(20.7500013299287,1200.,260.000003799796));
#5306=CARTESIAN_POINT('',(22.2500013299287,1162.06501667181,260.000003799796));
#5307=CARTESIAN_POINT('Origin',(20.7500013299287,1162.06501667181,260.000003799796));
#5308=CARTESIAN_POINT('',(22.2500013299287,1160.49501676381,260.000003799796));
#5309=CARTESIAN_POINT('',(22.2500013299287,1200.,260.000003799796));
#5310=CARTESIAN_POINT('Origin',(20.7500013299287,1160.49501676381,260.000003799796));
#5311=CARTESIAN_POINT('Origin',(20.7500013299287,1200.,260.000003799796));
#5312=CARTESIAN_POINT('',(22.2500013299287,1179.50501676381,260.000003799796));
#5313=CARTESIAN_POINT('Origin',(20.7500013299287,1179.50501676381,260.000003799796));
#5314=CARTESIAN_POINT('',(22.2500013299287,1177.93501685581,260.000003799796));
#5315=CARTESIAN_POINT('',(22.2500013299287,1200.,260.000003799796));
#5316=CARTESIAN_POINT('Origin',(20.7500013299287,1177.93501685581,260.000003799796));
#5317=CARTESIAN_POINT('Origin',(38.7442710537023,1200.,260.000003799796));
#5318=CARTESIAN_POINT('',(40.2442710537023,1162.06501667181,260.000003799796));
#5319=CARTESIAN_POINT('Origin',(38.7442710537023,1162.06501667181,260.000003799796));
#5320=CARTESIAN_POINT('',(40.2442710537023,1160.49501676381,260.000003799796));
#5321=CARTESIAN_POINT('',(40.2442710537023,1200.,260.000003799796));
#5322=CARTESIAN_POINT('Origin',(38.7442710537023,1160.49501676381,260.000003799796));
#5323=CARTESIAN_POINT('Origin',(38.7442710537023,1200.,260.000003799796));
#5324=CARTESIAN_POINT('',(40.2442710537023,1179.50501676381,260.000003799796));
#5325=CARTESIAN_POINT('Origin',(38.7442710537023,1179.50501676381,260.000003799796));
#5326=CARTESIAN_POINT('',(40.2442710537023,1177.93501685581,260.000003799796));
#5327=CARTESIAN_POINT('',(40.2442710537023,1200.,260.000003799796));
#5328=CARTESIAN_POINT('Origin',(38.7442710537023,1177.93501685581,260.000003799796));
#5329=CARTESIAN_POINT('Origin',(56.738540777476,1200.,250.000003799796));
#5330=CARTESIAN_POINT('',(58.238540777476,1162.06501667181,250.000003799796));
#5331=CARTESIAN_POINT('Origin',(56.738540777476,1162.06501667181,250.000003799796));
#5332=CARTESIAN_POINT('',(58.238540777476,1160.49501676381,250.000003799796));
#5333=CARTESIAN_POINT('',(58.238540777476,1200.,250.000003799796));
#5334=CARTESIAN_POINT('Origin',(56.738540777476,1160.49501676381,250.000003799796));
#5335=CARTESIAN_POINT('Origin',(56.738540777476,1200.,250.000003799796));
#5336=CARTESIAN_POINT('',(58.238540777476,1179.50501676381,250.000003799796));
#5337=CARTESIAN_POINT('Origin',(56.738540777476,1179.50501676381,250.000003799796));
#5338=CARTESIAN_POINT('',(58.238540777476,1177.93501685581,250.000003799796));
#5339=CARTESIAN_POINT('',(58.238540777476,1200.,250.000003799796));
#5340=CARTESIAN_POINT('Origin',(56.738540777476,1177.93501685581,250.000003799796));
#5341=CARTESIAN_POINT('Origin',(205.000000447035,1164.99751716986,272.505003799796));
#5342=CARTESIAN_POINT('',(206.500000447035,1164.99751716986,247.065003707796));
#5343=CARTESIAN_POINT('Origin',(205.000000447035,1164.99751716986,247.065003707796));
#5344=CARTESIAN_POINT('',(206.500000447035,1164.99751716986,245.495003799796));
#5345=CARTESIAN_POINT('',(206.500000447035,1164.99751716986,272.505003799796));
#5346=CARTESIAN_POINT('Origin',(205.000000447035,1164.99751716986,245.495003799796));
#5347=CARTESIAN_POINT('Origin',(205.000000447035,1164.99751716986,272.505003799796));
#5348=CARTESIAN_POINT('',(206.500000447035,1164.99751716986,262.935003891796));
#5349=CARTESIAN_POINT('',(206.500000447035,1164.99751716986,272.505003799796));
#5350=CARTESIAN_POINT('Origin',(205.000000447035,1164.99751716986,262.935003891796));
#5351=CARTESIAN_POINT('Origin',(205.000000447035,1174.99751716986,272.505003799796));
#5352=CARTESIAN_POINT('',(206.500000447035,1174.99751716986,247.065003707796));
#5353=CARTESIAN_POINT('Origin',(205.000000447035,1174.99751716986,247.065003707796));
#5354=CARTESIAN_POINT('',(206.500000447035,1174.99751716986,245.495003799796));
#5355=CARTESIAN_POINT('',(206.500000447035,1174.99751716986,272.505003799796));
#5356=CARTESIAN_POINT('Origin',(205.000000447035,1174.99751716986,245.495003799796));
#5357=CARTESIAN_POINT('Origin',(205.000000447035,1174.99751716986,272.505003799796));
#5358=CARTESIAN_POINT('',(206.500000447035,1174.99751716986,262.935003891796));
#5359=CARTESIAN_POINT('',(206.500000447035,1174.99751716986,272.505003799796));
#5360=CARTESIAN_POINT('Origin',(205.000000447035,1174.99751716986,262.935003891796));
#5361=CARTESIAN_POINT('Origin',(215.000000447035,1164.99751716986,272.505003799796));
#5362=CARTESIAN_POINT('',(216.500000447035,1164.99751716986,247.065003707796));
#5363=CARTESIAN_POINT('Origin',(215.000000447035,1164.99751716986,247.065003707796));
#5364=CARTESIAN_POINT('',(216.500000447035,1164.99751716986,245.495003799796));
#5365=CARTESIAN_POINT('',(216.500000447035,1164.99751716986,272.505003799796));
#5366=CARTESIAN_POINT('Origin',(215.000000447035,1164.99751716986,245.495003799796));
#5367=CARTESIAN_POINT('Origin',(215.000000447035,1164.99751716986,272.505003799796));
#5368=CARTESIAN_POINT('',(216.500000447035,1164.99751716986,262.935003891796));
#5369=CARTESIAN_POINT('',(216.500000447035,1164.99751716986,272.505003799796));
#5370=CARTESIAN_POINT('Origin',(215.000000447035,1164.99751716986,262.935003891796));
#5371=CARTESIAN_POINT('Origin',(215.000000447035,1174.99751716986,272.505003799796));
#5372=CARTESIAN_POINT('',(216.500000447035,1174.99751716986,247.065003707796));
#5373=CARTESIAN_POINT('Origin',(215.000000447035,1174.99751716986,247.065003707796));
#5374=CARTESIAN_POINT('',(216.500000447035,1174.99751716986,245.495003799796));
#5375=CARTESIAN_POINT('',(216.500000447035,1174.99751716986,272.505003799796));
#5376=CARTESIAN_POINT('Origin',(215.000000447035,1174.99751716986,245.495003799796));
#5377=CARTESIAN_POINT('Origin',(215.000000447035,1174.99751716986,272.505003799796));
#5378=CARTESIAN_POINT('',(216.500000447035,1174.99751716986,262.935003891796));
#5379=CARTESIAN_POINT('',(216.500000447035,1174.99751716986,272.505003799796));
#5380=CARTESIAN_POINT('Origin',(215.000000447035,1174.99751716986,262.935003891796));
#5381=CARTESIAN_POINT('Origin',(-8.88178419700125E-15,1179.50501676381,
262.935003891796));
#5382=CARTESIAN_POINT('',(0.,1177.93501685581,262.935003891796));
#5383=CARTESIAN_POINT('',(720.,1177.93501685581,262.935003891796));
#5384=CARTESIAN_POINT('',(0.,1162.06501667181,262.935003891796));
#5385=CARTESIAN_POINT('',(-8.88178419700125E-15,1162.06501667181,262.935003891796));
#5386=CARTESIAN_POINT('',(0.,1166.03251671781,262.935003891796));
#5387=CARTESIAN_POINT('Origin',(-8.88178419700125E-15,1177.93501685581,
245.495003799796));
#5388=CARTESIAN_POINT('',(0.,1177.93501685581,247.065003707796));
#5389=CARTESIAN_POINT('',(720.,1177.93501685581,247.065003707796));
#5390=CARTESIAN_POINT('',(0.,1177.93501685581,258.967503845796));
#5391=CARTESIAN_POINT('Origin',(-8.88178419700125E-15,1160.49501676381,
247.065003707796));
#5392=CARTESIAN_POINT('',(0.,1162.06501667181,247.065003707796));
#5393=CARTESIAN_POINT('',(360.,1162.06501667181,247.065003707796));
#5394=CARTESIAN_POINT('',(0.,1173.96751680981,247.065003707796));
#5395=CARTESIAN_POINT('Origin',(-8.88178419700125E-15,1162.06501667181,
264.505003799796));
#5396=CARTESIAN_POINT('',(0.,1162.06501667181,251.032503753796));
#5397=CARTESIAN_POINT('Origin',(-8.88178419700125E-15,1179.50501676381,
245.495003799796));
#5398=CARTESIAN_POINT('',(-8.88178419700125E-15,1179.50501676381,245.495003799796));
#5399=CARTESIAN_POINT('',(-8.88178419700125E-15,1179.50501676381,264.505003799796));
#5400=CARTESIAN_POINT('',(-8.88178419700125E-15,1179.50501676381,245.495003799796));
#5401=CARTESIAN_POINT('Origin',(-8.88178419700125E-15,1160.49501676381,
245.495003799796));
#5402=CARTESIAN_POINT('',(-8.88178419700125E-15,1160.49501676381,245.495003799796));
#5403=CARTESIAN_POINT('',(-8.88178419700125E-15,1179.50501676381,245.495003799796));
#5404=CARTESIAN_POINT('',(-8.88178419700125E-15,1160.49501676381,245.495003799796));
#5405=CARTESIAN_POINT('Origin',(-8.88178419700125E-15,1160.49501676381,
264.505003799796));
#5406=CARTESIAN_POINT('',(-8.88178419700125E-15,1160.49501676381,245.495003799796));
#5407=CARTESIAN_POINT('Origin',(-8.88178419700125E-15,1170.00001676381,
255.000003799796));
#5408=CARTESIAN_POINT('Origin',(695.249999631196,270.,255.000003799796));
#5409=CARTESIAN_POINT('',(696.899999631196,935.450014081597,255.000003799796));
#5410=CARTESIAN_POINT('Origin',(695.249999631196,935.450014081597,255.000003799796));
#5411=CARTESIAN_POINT('',(696.899999631196,937.020013989597,255.000003799796));
#5412=CARTESIAN_POINT('',(696.899999631196,270.,255.000003799796));
#5413=CARTESIAN_POINT('Origin',(695.249999631196,937.020013989597,255.000003799796));
#5414=CARTESIAN_POINT('Origin',(695.249999631196,270.,255.000003799796));
#5415=CARTESIAN_POINT('',(696.899999631196,952.980014173597,255.000003799796));
#5416=CARTESIAN_POINT('Origin',(695.249999631196,952.980014173597,255.000003799796));
#5417=CARTESIAN_POINT('',(696.899999631196,954.550014081597,255.000003799796));
#5418=CARTESIAN_POINT('',(696.899999631196,270.,255.000003799796));
#5419=CARTESIAN_POINT('Origin',(695.249999631196,954.550014081597,255.000003799796));
#5420=CARTESIAN_POINT('Origin',(684.749999552965,270.,255.000003799796));
#5421=CARTESIAN_POINT('',(686.399999552965,935.450014081597,255.000003799796));
#5422=CARTESIAN_POINT('Origin',(684.749999552965,935.450014081597,255.000003799796));
#5423=CARTESIAN_POINT('',(686.399999552965,937.020013989597,255.000003799796));
#5424=CARTESIAN_POINT('',(686.399999552965,270.,255.000003799796));
#5425=CARTESIAN_POINT('Origin',(684.749999552965,937.020013989597,255.000003799796));
#5426=CARTESIAN_POINT('Origin',(684.749999552965,270.,255.000003799796));
#5427=CARTESIAN_POINT('',(686.399999552965,952.980014173597,255.000003799796));
#5428=CARTESIAN_POINT('Origin',(684.749999552965,952.980014173597,255.000003799796));
#5429=CARTESIAN_POINT('',(686.399999552965,954.550014081597,255.000003799796));
#5430=CARTESIAN_POINT('',(686.399999552965,270.,255.000003799796));
#5431=CARTESIAN_POINT('Origin',(684.749999552965,954.550014081597,255.000003799796));
#5432=CARTESIAN_POINT('Origin',(701.999999627471,949.999978877604,270.));
#5433=CARTESIAN_POINT('',(700.499999627471,949.999978877604,247.020003707796));
#5434=CARTESIAN_POINT('Origin',(701.999999627471,949.999978877604,247.020003707796));
#5435=CARTESIAN_POINT('',(700.499999627471,949.999978877604,245.450003799796));
#5436=CARTESIAN_POINT('',(700.499999627471,949.999978877604,270.));
#5437=CARTESIAN_POINT('Origin',(701.999999627471,949.999978877604,245.450003799796));
#5438=CARTESIAN_POINT('Origin',(701.999999627471,949.999978877604,270.));
#5439=CARTESIAN_POINT('',(700.499999627471,949.999978877604,264.550003799796));
#5440=CARTESIAN_POINT('Origin',(701.999999627471,949.999978877604,264.550003799796));
#5441=CARTESIAN_POINT('',(700.499999627471,949.999978877604,262.980003891796));
#5442=CARTESIAN_POINT('',(700.499999627471,949.999978877604,270.));
#5443=CARTESIAN_POINT('Origin',(701.999999627471,949.999978877604,262.980003891796));
#5444=CARTESIAN_POINT('Origin',(678.000001713634,939.999978877604,270.));
#5445=CARTESIAN_POINT('',(676.500001713633,939.999978877604,247.020003707796));
#5446=CARTESIAN_POINT('Origin',(678.000001713634,939.999978877604,247.020003707796));
#5447=CARTESIAN_POINT('',(676.500001713633,939.999978877604,245.450003799796));
#5448=CARTESIAN_POINT('',(676.500001713634,939.999978877604,270.));
#5449=CARTESIAN_POINT('Origin',(678.000001713634,939.999978877604,245.450003799796));
#5450=CARTESIAN_POINT('Origin',(678.000001713634,939.999978877604,270.));
#5451=CARTESIAN_POINT('',(676.500001713633,939.999978877604,264.550003799796));
#5452=CARTESIAN_POINT('Origin',(678.000001713634,939.999978877604,264.550003799796));
#5453=CARTESIAN_POINT('',(676.500001713633,939.999978877604,262.980003891796));
#5454=CARTESIAN_POINT('',(676.500001713634,939.999978877604,270.));
#5455=CARTESIAN_POINT('Origin',(678.000001713634,939.999978877604,262.980003891796));
#5456=CARTESIAN_POINT('Origin',(690.000000670552,949.999978877604,270.));
#5457=CARTESIAN_POINT('',(688.500000670552,949.999978877604,247.020003707796));
#5458=CARTESIAN_POINT('Origin',(690.000000670552,949.999978877604,247.020003707796));
#5459=CARTESIAN_POINT('',(688.500000670552,949.999978877604,245.450003799796));
#5460=CARTESIAN_POINT('',(688.500000670552,949.999978877604,270.));
#5461=CARTESIAN_POINT('Origin',(690.000000670552,949.999978877604,245.450003799796));
#5462=CARTESIAN_POINT('Origin',(690.000000670552,949.999978877604,270.));
#5463=CARTESIAN_POINT('',(688.500000670552,949.999978877604,264.550003799796));
#5464=CARTESIAN_POINT('Origin',(690.000000670552,949.999978877604,264.550003799796));
#5465=CARTESIAN_POINT('',(688.500000670552,949.999978877604,262.980003891796));
#5466=CARTESIAN_POINT('',(688.500000670552,949.999978877604,270.));
#5467=CARTESIAN_POINT('Origin',(690.000000670552,949.999978877604,262.980003891796));
#5468=CARTESIAN_POINT('Origin',(701.999999627471,939.999978877604,270.));
#5469=CARTESIAN_POINT('',(700.499999627471,939.999978877604,247.020003707796));
#5470=CARTESIAN_POINT('Origin',(701.999999627471,939.999978877604,247.020003707796));
#5471=CARTESIAN_POINT('',(700.499999627471,939.999978877604,245.450003799796));
#5472=CARTESIAN_POINT('',(700.499999627471,939.999978877604,270.));
#5473=CARTESIAN_POINT('Origin',(701.999999627471,939.999978877604,245.450003799796));
#5474=CARTESIAN_POINT('Origin',(701.999999627471,939.999978877604,270.));
#5475=CARTESIAN_POINT('',(700.499999627471,939.999978877604,264.550003799796));
#5476=CARTESIAN_POINT('Origin',(701.999999627471,939.999978877604,264.550003799796));
#5477=CARTESIAN_POINT('',(700.499999627471,939.999978877604,262.980003891796));
#5478=CARTESIAN_POINT('',(700.499999627471,939.999978877604,270.));
#5479=CARTESIAN_POINT('Origin',(701.999999627471,939.999978877604,262.980003891796));
#5480=CARTESIAN_POINT('Origin',(690.000000670552,939.999978877604,270.));
#5481=CARTESIAN_POINT('',(688.500000670552,939.999978877604,247.020003707796));
#5482=CARTESIAN_POINT('Origin',(690.000000670552,939.999978877604,247.020003707796));
#5483=CARTESIAN_POINT('',(688.500000670552,939.999978877604,245.450003799796));
#5484=CARTESIAN_POINT('',(688.500000670552,939.999978877604,270.));
#5485=CARTESIAN_POINT('Origin',(690.000000670552,939.999978877604,245.450003799796));
#5486=CARTESIAN_POINT('Origin',(690.000000670552,939.999978877604,270.));
#5487=CARTESIAN_POINT('',(688.500000670552,939.999978877604,264.550003799796));
#5488=CARTESIAN_POINT('Origin',(690.000000670552,939.999978877604,264.550003799796));
#5489=CARTESIAN_POINT('',(688.500000670552,939.999978877604,262.980003891796));
#5490=CARTESIAN_POINT('',(688.500000670552,939.999978877604,270.));
#5491=CARTESIAN_POINT('Origin',(690.000000670552,939.999978877604,262.980003891796));
#5492=CARTESIAN_POINT('Origin',(678.000001713634,949.999978877604,270.));
#5493=CARTESIAN_POINT('',(676.500001713633,949.999978877604,247.020003707796));
#5494=CARTESIAN_POINT('Origin',(678.000001713634,949.999978877604,247.020003707796));
#5495=CARTESIAN_POINT('',(676.500001713633,949.999978877604,245.450003799796));
#5496=CARTESIAN_POINT('',(676.500001713634,949.999978877604,270.));
#5497=CARTESIAN_POINT('Origin',(678.000001713634,949.999978877604,245.450003799796));
#5498=CARTESIAN_POINT('Origin',(678.000001713634,949.999978877604,270.));
#5499=CARTESIAN_POINT('',(676.500001713633,949.999978877604,264.550003799796));
#5500=CARTESIAN_POINT('Origin',(678.000001713634,949.999978877604,264.550003799796));
#5501=CARTESIAN_POINT('',(676.500001713633,949.999978877604,262.980003891796));
#5502=CARTESIAN_POINT('',(676.500001713634,949.999978877604,270.));
#5503=CARTESIAN_POINT('Origin',(678.000001713634,949.999978877604,262.980003891796));
#5504=CARTESIAN_POINT('Origin',(720.,937.010014081597,264.550003799796));
#5505=CARTESIAN_POINT('',(719.990000092,937.010014081597,262.990003799796));
#5506=CARTESIAN_POINT('',(719.990000092,937.010014081597,247.010003799796));
#5507=CARTESIAN_POINT('',(719.990000092,937.010014081597,259.775003799796));
#5508=CARTESIAN_POINT('',(720.,937.010014081597,262.990003799796));
#5509=CARTESIAN_POINT('',(720.,937.010014081597,262.990003799796));
#5510=CARTESIAN_POINT('',(720.,937.010014081597,247.010003799796));
#5511=CARTESIAN_POINT('',(720.,937.010014081598,259.775003799796));
#5512=CARTESIAN_POINT('',(720.,937.010014081597,247.010003799796));
#5513=CARTESIAN_POINT('Origin',(720.,935.450014081597,247.010003799796));
#5514=CARTESIAN_POINT('',(719.990000092,952.990014081597,247.010003799796));
#5515=CARTESIAN_POINT('',(719.990000092,940.225014081597,247.010003799796));
#5516=CARTESIAN_POINT('',(720.,952.990014081597,247.010003799796));
#5517=CARTESIAN_POINT('',(720.,940.225014081597,247.010003799796));
#5518=CARTESIAN_POINT('',(720.,952.990014081597,247.010003799796));
#5519=CARTESIAN_POINT('Origin',(720.,952.990014081597,245.450003799796));
#5520=CARTESIAN_POINT('',(719.990000092,952.990014081597,262.990003799796));
#5521=CARTESIAN_POINT('',(719.990000092,952.990014081597,250.225003799796));
#5522=CARTESIAN_POINT('',(720.,952.990014081597,262.990003799796));
#5523=CARTESIAN_POINT('',(720.,952.990014081597,250.225003799796));
#5524=CARTESIAN_POINT('',(720.,952.990014081597,262.990003799796));
#5525=CARTESIAN_POINT('Origin',(720.,954.550014081597,262.990003799796));
#5526=CARTESIAN_POINT('',(719.990000092,949.775014081597,262.990003799796));
#5527=CARTESIAN_POINT('',(720.,949.775014081597,262.990003799796));
#5528=CARTESIAN_POINT('Origin',(719.990000092,945.000014081597,255.000003799796));
#5529=CARTESIAN_POINT('',(719.990000092,937.020013989597,247.020003707796));
#5530=CARTESIAN_POINT('',(719.990000092,952.980014173597,247.020003707796));
#5531=CARTESIAN_POINT('',(719.990000092,948.990014127597,247.020003707796));
#5532=CARTESIAN_POINT('',(719.990000092,937.020013989597,262.980003891796));
#5533=CARTESIAN_POINT('',(719.990000092,937.020013989597,251.010003753796));
#5534=CARTESIAN_POINT('',(719.990000092,952.980014173597,262.980003891796));
#5535=CARTESIAN_POINT('',(719.990000092,941.010014035597,262.980003891796));
#5536=CARTESIAN_POINT('',(719.990000092,952.980014173597,258.990003845796));
#5537=CARTESIAN_POINT('Origin',(720.,945.000014081597,255.000003799796));
#5538=CARTESIAN_POINT('',(720.,935.450014081597,245.450003799796));
#5539=CARTESIAN_POINT('',(720.,935.450014081597,264.550003799796));
#5540=CARTESIAN_POINT('',(720.,935.450014081597,245.450003799796));
#5541=CARTESIAN_POINT('',(720.,954.550014081597,245.450003799796));
#5542=CARTESIAN_POINT('',(720.,954.550014081597,245.450003799796));
#5543=CARTESIAN_POINT('',(720.,954.550014081597,264.550003799796));
#5544=CARTESIAN_POINT('',(720.,954.550014081597,264.550003799796));
#5545=CARTESIAN_POINT('',(720.,935.450014081597,264.550003799796));
#5546=CARTESIAN_POINT('Origin',(24.7500003688037,270.,255.000003799796));
#5547=CARTESIAN_POINT('',(23.1000003688037,935.450014081597,255.000003799796));
#5548=CARTESIAN_POINT('Origin',(24.7500003688037,935.450014081597,255.000003799796));
#5549=CARTESIAN_POINT('',(23.1000003688037,937.020013989597,255.000003799796));
#5550=CARTESIAN_POINT('',(23.1000003688037,270.,255.000003799796));
#5551=CARTESIAN_POINT('Origin',(24.7500003688037,937.020013989597,255.000003799796));
#5552=CARTESIAN_POINT('Origin',(24.7500003688037,270.,255.000003799796));
#5553=CARTESIAN_POINT('',(23.1000003688037,952.980014173597,255.000003799796));
#5554=CARTESIAN_POINT('Origin',(24.7500003688037,952.980014173597,255.000003799796));
#5555=CARTESIAN_POINT('',(23.1000003688037,954.550014081597,255.000003799796));
#5556=CARTESIAN_POINT('',(23.1000003688037,270.,255.000003799796));
#5557=CARTESIAN_POINT('Origin',(24.7500003688037,954.550014081597,255.000003799796));
#5558=CARTESIAN_POINT('Origin',(35.2500004470348,270.,255.000003799796));
#5559=CARTESIAN_POINT('',(33.6000004470348,935.450014081597,255.000003799796));
#5560=CARTESIAN_POINT('Origin',(35.2500004470348,935.450014081597,255.000003799796));
#5561=CARTESIAN_POINT('',(33.6000004470348,937.020013989597,255.000003799796));
#5562=CARTESIAN_POINT('',(33.6000004470348,270.,255.000003799796));
#5563=CARTESIAN_POINT('Origin',(35.2500004470348,937.020013989597,255.000003799796));
#5564=CARTESIAN_POINT('Origin',(35.2500004470348,270.,255.000003799796));
#5565=CARTESIAN_POINT('',(33.6000004470348,952.980014173597,255.000003799796));
#5566=CARTESIAN_POINT('Origin',(35.2500004470348,952.980014173597,255.000003799796));
#5567=CARTESIAN_POINT('',(33.6000004470348,954.550014081597,255.000003799796));
#5568=CARTESIAN_POINT('',(33.6000004470348,270.,255.000003799796));
#5569=CARTESIAN_POINT('Origin',(35.2500004470348,954.550014081597,255.000003799796));
#5570=CARTESIAN_POINT('Origin',(18.000000372529,949.999978877604,270.));
#5571=CARTESIAN_POINT('',(19.500000372529,949.999978877604,247.020003707796));
#5572=CARTESIAN_POINT('Origin',(18.000000372529,949.999978877604,247.020003707796));
#5573=CARTESIAN_POINT('',(19.500000372529,949.999978877604,245.450003799796));
#5574=CARTESIAN_POINT('',(19.500000372529,949.999978877604,270.));
#5575=CARTESIAN_POINT('Origin',(18.000000372529,949.999978877604,245.450003799796));
#5576=CARTESIAN_POINT('Origin',(18.000000372529,949.999978877604,270.));
#5577=CARTESIAN_POINT('',(19.500000372529,949.999978877604,264.550003799796));
#5578=CARTESIAN_POINT('Origin',(18.000000372529,949.999978877604,264.550003799796));
#5579=CARTESIAN_POINT('',(19.500000372529,949.999978877604,262.980003891796));
#5580=CARTESIAN_POINT('',(19.500000372529,949.999978877604,270.));
#5581=CARTESIAN_POINT('Origin',(18.000000372529,949.999978877604,262.980003891796));
#5582=CARTESIAN_POINT('Origin',(41.9999982863665,939.999978877604,270.));
#5583=CARTESIAN_POINT('',(43.4999982863664,939.999978877604,247.020003707796));
#5584=CARTESIAN_POINT('Origin',(41.9999982863665,939.999978877604,247.020003707796));
#5585=CARTESIAN_POINT('',(43.4999982863664,939.999978877604,245.450003799796));
#5586=CARTESIAN_POINT('',(43.4999982863664,939.999978877604,270.));
#5587=CARTESIAN_POINT('Origin',(41.9999982863665,939.999978877604,245.450003799796));
#5588=CARTESIAN_POINT('Origin',(41.9999982863665,939.999978877604,270.));
#5589=CARTESIAN_POINT('',(43.4999982863664,939.999978877604,264.550003799796));
#5590=CARTESIAN_POINT('Origin',(41.9999982863665,939.999978877604,264.550003799796));
#5591=CARTESIAN_POINT('',(43.4999982863664,939.999978877604,262.980003891796));
#5592=CARTESIAN_POINT('',(43.4999982863664,939.999978877604,270.));
#5593=CARTESIAN_POINT('Origin',(41.9999982863665,939.999978877604,262.980003891796));
#5594=CARTESIAN_POINT('Origin',(29.9999993294477,949.999978877604,270.));
#5595=CARTESIAN_POINT('',(31.4999993294477,949.999978877604,247.020003707796));
#5596=CARTESIAN_POINT('Origin',(29.9999993294477,949.999978877604,247.020003707796));
#5597=CARTESIAN_POINT('',(31.4999993294477,949.999978877604,245.450003799796));
#5598=CARTESIAN_POINT('',(31.4999993294477,949.999978877604,270.));
#5599=CARTESIAN_POINT('Origin',(29.9999993294477,949.999978877604,245.450003799796));
#5600=CARTESIAN_POINT('Origin',(29.9999993294477,949.999978877604,270.));
#5601=CARTESIAN_POINT('',(31.4999993294477,949.999978877604,264.550003799796));
#5602=CARTESIAN_POINT('Origin',(29.9999993294477,949.999978877604,264.550003799796));
#5603=CARTESIAN_POINT('',(31.4999993294477,949.999978877604,262.980003891796));
#5604=CARTESIAN_POINT('',(31.4999993294477,949.999978877604,270.));
#5605=CARTESIAN_POINT('Origin',(29.9999993294477,949.999978877604,262.980003891796));
#5606=CARTESIAN_POINT('Origin',(18.000000372529,939.999978877604,270.));
#5607=CARTESIAN_POINT('',(19.500000372529,939.999978877604,247.020003707796));
#5608=CARTESIAN_POINT('Origin',(18.000000372529,939.999978877604,247.020003707796));
#5609=CARTESIAN_POINT('',(19.500000372529,939.999978877604,245.450003799796));
#5610=CARTESIAN_POINT('',(19.500000372529,939.999978877604,270.));
#5611=CARTESIAN_POINT('Origin',(18.000000372529,939.999978877604,245.450003799796));
#5612=CARTESIAN_POINT('Origin',(18.000000372529,939.999978877604,270.));
#5613=CARTESIAN_POINT('',(19.500000372529,939.999978877604,264.550003799796));
#5614=CARTESIAN_POINT('Origin',(18.000000372529,939.999978877604,264.550003799796));
#5615=CARTESIAN_POINT('',(19.500000372529,939.999978877604,262.980003891796));
#5616=CARTESIAN_POINT('',(19.500000372529,939.999978877604,270.));
#5617=CARTESIAN_POINT('Origin',(18.000000372529,939.999978877604,262.980003891796));
#5618=CARTESIAN_POINT('Origin',(29.9999993294477,939.999978877604,270.));
#5619=CARTESIAN_POINT('',(31.4999993294477,939.999978877604,247.020003707796));
#5620=CARTESIAN_POINT('Origin',(29.9999993294477,939.999978877604,247.020003707796));
#5621=CARTESIAN_POINT('',(31.4999993294477,939.999978877604,245.450003799796));
#5622=CARTESIAN_POINT('',(31.4999993294477,939.999978877604,270.));
#5623=CARTESIAN_POINT('Origin',(29.9999993294477,939.999978877604,245.450003799796));
#5624=CARTESIAN_POINT('Origin',(29.9999993294477,939.999978877604,270.));
#5625=CARTESIAN_POINT('',(31.4999993294477,939.999978877604,264.550003799796));
#5626=CARTESIAN_POINT('Origin',(29.9999993294477,939.999978877604,264.550003799796));
#5627=CARTESIAN_POINT('',(31.4999993294477,939.999978877604,262.980003891796));
#5628=CARTESIAN_POINT('',(31.4999993294477,939.999978877604,270.));
#5629=CARTESIAN_POINT('Origin',(29.9999993294477,939.999978877604,262.980003891796));
#5630=CARTESIAN_POINT('Origin',(41.9999982863665,949.999978877604,270.));
#5631=CARTESIAN_POINT('',(43.4999982863664,949.999978877604,247.020003707796));
#5632=CARTESIAN_POINT('Origin',(41.9999982863665,949.999978877604,247.020003707796));
#5633=CARTESIAN_POINT('',(43.4999982863664,949.999978877604,245.450003799796));
#5634=CARTESIAN_POINT('',(43.4999982863664,949.999978877604,270.));
#5635=CARTESIAN_POINT('Origin',(41.9999982863665,949.999978877604,245.450003799796));
#5636=CARTESIAN_POINT('Origin',(41.9999982863665,949.999978877604,270.));
#5637=CARTESIAN_POINT('',(43.4999982863664,949.999978877604,264.550003799796));
#5638=CARTESIAN_POINT('Origin',(41.9999982863665,949.999978877604,264.550003799796));
#5639=CARTESIAN_POINT('',(43.4999982863664,949.999978877604,262.980003891796));
#5640=CARTESIAN_POINT('',(43.4999982863664,949.999978877604,270.));
#5641=CARTESIAN_POINT('Origin',(41.9999982863665,949.999978877604,262.980003891796));
#5642=CARTESIAN_POINT('Origin',(-8.88178419700125E-15,937.010014081597,
264.550003799796));
#5643=CARTESIAN_POINT('',(0.00999990799999101,937.010014081597,262.990003799796));
#5644=CARTESIAN_POINT('',(0.00999990799999101,937.010014081597,247.010003799796));
#5645=CARTESIAN_POINT('',(0.00999990799999101,937.010014081597,259.775003799796));
#5646=CARTESIAN_POINT('',(-8.88178419700125E-15,937.010014081597,247.010003799796));
#5647=CARTESIAN_POINT('',(-8.88178419700125E-15,937.010014081597,247.010003799796));
#5648=CARTESIAN_POINT('',(-8.88178419700125E-15,937.010014081597,262.990003799796));
#5649=CARTESIAN_POINT('',(-8.88178419700125E-15,937.010014081598,259.775003799796));
#5650=CARTESIAN_POINT('',(-8.88178419700125E-15,937.010014081597,262.990003799796));
#5651=CARTESIAN_POINT('Origin',(-8.88178419700125E-15,935.450014081597,
247.010003799796));
#5652=CARTESIAN_POINT('',(0.00999990799999101,952.990014081597,247.010003799796));
#5653=CARTESIAN_POINT('',(0.00999990799999101,940.225014081597,247.010003799796));
#5654=CARTESIAN_POINT('',(-8.88178419700125E-15,952.990014081597,247.010003799796));
#5655=CARTESIAN_POINT('',(-8.88178419700125E-15,952.990014081597,247.010003799796));
#5656=CARTESIAN_POINT('',(-8.88178419700125E-15,940.225014081597,247.010003799796));
#5657=CARTESIAN_POINT('Origin',(-8.88178419700125E-15,952.990014081597,
245.450003799796));
#5658=CARTESIAN_POINT('',(0.00999990799999101,952.990014081597,262.990003799796));
#5659=CARTESIAN_POINT('',(0.00999990799999101,952.990014081597,250.225003799796));
#5660=CARTESIAN_POINT('',(-8.88178419700125E-15,952.990014081597,262.990003799796));
#5661=CARTESIAN_POINT('',(-8.88178419700125E-15,952.990014081597,262.990003799796));
#5662=CARTESIAN_POINT('',(-8.88178419700125E-15,952.990014081597,250.225003799796));
#5663=CARTESIAN_POINT('Origin',(-8.88178419700125E-15,954.550014081597,
262.990003799796));
#5664=CARTESIAN_POINT('',(0.00999990799999101,949.775014081597,262.990003799796));
#5665=CARTESIAN_POINT('',(-8.88178419700125E-15,949.775014081597,262.990003799796));
#5666=CARTESIAN_POINT('Origin',(0.00999990799999101,945.000014081597,255.000003799796));
#5667=CARTESIAN_POINT('',(0.00999990799999101,937.020013989597,247.020003707796));
#5668=CARTESIAN_POINT('',(0.00999990799999101,952.980014173597,247.020003707796));
#5669=CARTESIAN_POINT('',(0.00999990799999101,948.990014127597,247.020003707796));
#5670=CARTESIAN_POINT('',(0.00999990799999101,952.980014173597,262.980003891796));
#5671=CARTESIAN_POINT('',(0.00999990799999101,952.980014173597,258.990003845796));
#5672=CARTESIAN_POINT('',(0.00999990799999101,937.020013989597,262.980003891796));
#5673=CARTESIAN_POINT('',(0.00999990799999101,941.010014035597,262.980003891796));
#5674=CARTESIAN_POINT('',(0.00999990799999101,937.020013989597,251.010003753796));
#5675=CARTESIAN_POINT('Origin',(-8.88178419700125E-15,954.550014081597,
262.980003891796));
#5676=CARTESIAN_POINT('',(720.,952.980014173597,262.980003891796));
#5677=CARTESIAN_POINT('',(-8.88178419700125E-15,937.020013989597,262.980003891796));
#5678=CARTESIAN_POINT('Origin',(-8.88178419700125E-15,952.980014173597,
245.450003799796));
#5679=CARTESIAN_POINT('',(720.,952.980014173597,247.020003707796));
#5680=CARTESIAN_POINT('Origin',(-8.88178419700125E-15,935.450014081597,
247.020003707796));
#5681=CARTESIAN_POINT('',(718.430000092,937.020013989597,247.020003707796));
#5682=CARTESIAN_POINT('Origin',(-8.88178419700125E-15,937.020013989597,
264.550003799796));
#5683=CARTESIAN_POINT('Origin',(-8.88178419700125E-15,954.550014081597,
264.550003799796));
#5684=CARTESIAN_POINT('',(-8.88178419700125E-15,935.450014081597,264.550003799796));
#5685=CARTESIAN_POINT('',(-8.88178419700125E-15,954.550014081597,264.550003799796));
#5686=CARTESIAN_POINT('',(-8.88178419700125E-15,935.450014081597,264.550003799796));
#5687=CARTESIAN_POINT('',(-8.88178419700125E-15,935.450014081597,264.550003799796));
#5688=CARTESIAN_POINT('',(-8.88178419700125E-15,954.550014081597,264.550003799796));
#5689=CARTESIAN_POINT('Origin',(-8.88178419700125E-15,954.550014081597,
245.450003799796));
#5690=CARTESIAN_POINT('',(-8.88178419700125E-15,954.550014081597,245.450003799796));
#5691=CARTESIAN_POINT('',(-8.88178419700125E-15,954.550014081597,264.550003799796));
#5692=CARTESIAN_POINT('',(-8.88178419700125E-15,954.550014081597,245.450003799796));
#5693=CARTESIAN_POINT('Origin',(-8.88178419700125E-15,935.450014081597,
245.450003799796));
#5694=CARTESIAN_POINT('',(-8.88178419700125E-15,935.450014081597,245.450003799796));
#5695=CARTESIAN_POINT('',(-8.88178419700125E-15,954.550014081597,245.450003799796));
#5696=CARTESIAN_POINT('',(-8.88178419700125E-15,935.450014081597,245.450003799796));
#5697=CARTESIAN_POINT('Origin',(-8.88178419700125E-15,935.450014081597,
264.550003799796));
#5698=CARTESIAN_POINT('',(-8.88178419700125E-15,935.450014081597,245.450003799796));
#5699=CARTESIAN_POINT('Origin',(-8.88178419700125E-15,945.000014081597,
255.000003799796));
#5700=CARTESIAN_POINT('Origin',(340.000005364418,285.000004246831,269.505003799796));
#5701=CARTESIAN_POINT('',(341.500005364418,285.000004246831,247.065003707796));
#5702=CARTESIAN_POINT('Origin',(340.000005364418,285.000004246831,247.065003707796));
#5703=CARTESIAN_POINT('',(341.500005364418,285.000004246831,245.495003799796));
#5704=CARTESIAN_POINT('',(341.500005364418,285.000004246831,269.505003799796));
#5705=CARTESIAN_POINT('Origin',(340.000005364418,285.000004246831,245.495003799796));
#5706=CARTESIAN_POINT('Origin',(340.000005364418,285.000004246831,269.505003799796));
#5707=CARTESIAN_POINT('',(341.500005364418,285.000004246831,264.505003799796));
#5708=CARTESIAN_POINT('Origin',(340.000005364418,285.000004246831,264.505003799796));
#5709=CARTESIAN_POINT('',(341.500005364418,285.000004246831,262.935003891796));
#5710=CARTESIAN_POINT('',(341.500005364418,285.000004246831,269.505003799796));
#5711=CARTESIAN_POINT('Origin',(340.000005364418,285.000004246831,262.935003891796));
#5712=CARTESIAN_POINT('Origin',(360.000005364418,285.000004246831,269.505003799796));
#5713=CARTESIAN_POINT('',(361.500005364418,285.000004246831,247.065003707796));
#5714=CARTESIAN_POINT('Origin',(360.000005364418,285.000004246831,247.065003707796));
#5715=CARTESIAN_POINT('',(361.500005364418,285.000004246831,245.495003799796));
#5716=CARTESIAN_POINT('',(361.500005364418,285.000004246831,269.505003799796));
#5717=CARTESIAN_POINT('Origin',(360.000005364418,285.000004246831,245.495003799796));
#5718=CARTESIAN_POINT('Origin',(360.000005364418,285.000004246831,269.505003799796));
#5719=CARTESIAN_POINT('',(361.500005364418,285.000004246831,264.505003799796));
#5720=CARTESIAN_POINT('Origin',(360.000005364418,285.000004246831,264.505003799796));
#5721=CARTESIAN_POINT('',(361.500005364418,285.000004246831,262.935003891796));
#5722=CARTESIAN_POINT('',(361.500005364418,285.000004246831,269.505003799796));
#5723=CARTESIAN_POINT('Origin',(360.000005364418,285.000004246831,262.935003891796));
#5724=CARTESIAN_POINT('Origin',(380.000005364418,285.000004246831,269.505003799796));
#5725=CARTESIAN_POINT('',(381.500005364418,285.000004246831,247.065003707796));
#5726=CARTESIAN_POINT('Origin',(380.000005364418,285.000004246831,247.065003707796));
#5727=CARTESIAN_POINT('',(381.500005364418,285.000004246831,245.495003799796));
#5728=CARTESIAN_POINT('',(381.500005364418,285.000004246831,269.505003799796));
#5729=CARTESIAN_POINT('Origin',(380.000005364418,285.000004246831,245.495003799796));
#5730=CARTESIAN_POINT('Origin',(380.000005364418,285.000004246831,269.505003799796));
#5731=CARTESIAN_POINT('',(381.500005364418,285.000004246831,264.505003799796));
#5732=CARTESIAN_POINT('Origin',(380.000005364418,285.000004246831,264.505003799796));
#5733=CARTESIAN_POINT('',(381.500005364418,285.000004246831,262.935003891796));
#5734=CARTESIAN_POINT('',(381.500005364418,285.000004246831,269.505003799796));
#5735=CARTESIAN_POINT('Origin',(380.000005364418,285.000004246831,262.935003891796));
#5736=CARTESIAN_POINT('Origin',(678.000001713634,290.000039450824,270.));
#5737=CARTESIAN_POINT('',(676.500001713634,290.000039450824,247.065003707796));
#5738=CARTESIAN_POINT('Origin',(678.000001713634,290.000039450824,247.065003707796));
#5739=CARTESIAN_POINT('',(676.500001713634,290.000039450824,245.495003799796));
#5740=CARTESIAN_POINT('',(676.500001713634,290.000039450824,270.));
#5741=CARTESIAN_POINT('Origin',(678.000001713634,290.000039450824,245.495003799796));
#5742=CARTESIAN_POINT('Origin',(678.000001713634,290.000039450824,270.));
#5743=CARTESIAN_POINT('',(676.500001713634,290.000039450824,264.505003799796));
#5744=CARTESIAN_POINT('Origin',(678.000001713634,290.000039450824,264.505003799796));
#5745=CARTESIAN_POINT('',(676.500001713634,290.000039450824,262.935003891796));
#5746=CARTESIAN_POINT('',(676.500001713634,290.000039450824,270.));
#5747=CARTESIAN_POINT('Origin',(678.000001713634,290.000039450824,262.935003891796));
#5748=CARTESIAN_POINT('Origin',(690.000000670552,280.000039450824,270.));
#5749=CARTESIAN_POINT('',(688.500000670552,280.000039450824,247.065003707796));
#5750=CARTESIAN_POINT('Origin',(690.000000670552,280.000039450824,247.065003707796));
#5751=CARTESIAN_POINT('',(688.500000670552,280.000039450824,245.495003799796));
#5752=CARTESIAN_POINT('',(688.500000670552,280.000039450824,270.));
#5753=CARTESIAN_POINT('Origin',(690.000000670552,280.000039450824,245.495003799796));
#5754=CARTESIAN_POINT('Origin',(690.000000670552,280.000039450824,270.));
#5755=CARTESIAN_POINT('',(688.500000670552,280.000039450824,264.505003799796));
#5756=CARTESIAN_POINT('Origin',(690.000000670552,280.000039450824,264.505003799796));
#5757=CARTESIAN_POINT('',(688.500000670552,280.000039450824,262.935003891796));
#5758=CARTESIAN_POINT('',(688.500000670552,280.000039450824,270.));
#5759=CARTESIAN_POINT('Origin',(690.000000670552,280.000039450824,262.935003891796));
#5760=CARTESIAN_POINT('Origin',(701.999999627471,280.000039450824,270.));
#5761=CARTESIAN_POINT('',(700.499999627471,280.000039450824,247.065003707796));
#5762=CARTESIAN_POINT('Origin',(701.999999627471,280.000039450824,247.065003707796));
#5763=CARTESIAN_POINT('',(700.499999627471,280.000039450824,245.495003799796));
#5764=CARTESIAN_POINT('',(700.499999627471,280.000039450824,270.));
#5765=CARTESIAN_POINT('Origin',(701.999999627471,280.000039450824,245.495003799796));
#5766=CARTESIAN_POINT('Origin',(701.999999627471,280.000039450824,270.));
#5767=CARTESIAN_POINT('',(700.499999627471,280.000039450824,264.505003799796));
#5768=CARTESIAN_POINT('Origin',(701.999999627471,280.000039450824,264.505003799796));
#5769=CARTESIAN_POINT('',(700.499999627471,280.000039450824,262.935003891796));
#5770=CARTESIAN_POINT('',(700.499999627471,280.000039450824,270.));
#5771=CARTESIAN_POINT('Origin',(701.999999627471,280.000039450824,262.935003891796));
#5772=CARTESIAN_POINT('Origin',(690.000000670552,290.000039450824,270.));
#5773=CARTESIAN_POINT('',(688.500000670552,290.000039450824,247.065003707796));
#5774=CARTESIAN_POINT('Origin',(690.000000670552,290.000039450824,247.065003707796));
#5775=CARTESIAN_POINT('',(688.500000670552,290.000039450824,245.495003799796));
#5776=CARTESIAN_POINT('',(688.500000670552,290.000039450824,270.));
#5777=CARTESIAN_POINT('Origin',(690.000000670552,290.000039450824,245.495003799796));
#5778=CARTESIAN_POINT('Origin',(690.000000670552,290.000039450824,270.));
#5779=CARTESIAN_POINT('',(688.500000670552,290.000039450824,264.505003799796));
#5780=CARTESIAN_POINT('Origin',(690.000000670552,290.000039450824,264.505003799796));
#5781=CARTESIAN_POINT('',(688.500000670552,290.000039450824,262.935003891796));
#5782=CARTESIAN_POINT('',(688.500000670552,290.000039450824,270.));
#5783=CARTESIAN_POINT('Origin',(690.000000670552,290.000039450824,262.935003891796));
#5784=CARTESIAN_POINT('Origin',(678.000001713634,280.000039450824,270.));
#5785=CARTESIAN_POINT('',(676.500001713634,280.000039450824,247.065003707796));
#5786=CARTESIAN_POINT('Origin',(678.000001713634,280.000039450824,247.065003707796));
#5787=CARTESIAN_POINT('',(676.500001713634,280.000039450824,245.495003799796));
#5788=CARTESIAN_POINT('',(676.500001713634,280.000039450824,270.));
#5789=CARTESIAN_POINT('Origin',(678.000001713634,280.000039450824,245.495003799796));
#5790=CARTESIAN_POINT('Origin',(678.000001713634,280.000039450824,270.));
#5791=CARTESIAN_POINT('',(676.500001713634,280.000039450824,264.505003799796));
#5792=CARTESIAN_POINT('Origin',(678.000001713634,280.000039450824,264.505003799796));
#5793=CARTESIAN_POINT('',(676.500001713634,280.000039450824,262.935003891796));
#5794=CARTESIAN_POINT('',(676.500001713634,280.000039450824,270.));
#5795=CARTESIAN_POINT('Origin',(678.000001713634,280.000039450824,262.935003891796));
#5796=CARTESIAN_POINT('Origin',(701.999999627471,290.000039450824,270.));
#5797=CARTESIAN_POINT('',(700.499999627471,290.000039450824,247.065003707796));
#5798=CARTESIAN_POINT('Origin',(701.999999627471,290.000039450824,247.065003707796));
#5799=CARTESIAN_POINT('',(700.499999627471,290.000039450824,245.495003799796));
#5800=CARTESIAN_POINT('',(700.499999627471,290.000039450824,270.));
#5801=CARTESIAN_POINT('Origin',(701.999999627471,290.000039450824,245.495003799796));
#5802=CARTESIAN_POINT('Origin',(701.999999627471,290.000039450824,270.));
#5803=CARTESIAN_POINT('',(700.499999627471,290.000039450824,264.505003799796));
#5804=CARTESIAN_POINT('Origin',(701.999999627471,290.000039450824,264.505003799796));
#5805=CARTESIAN_POINT('',(700.499999627471,290.000039450824,262.935003891796));
#5806=CARTESIAN_POINT('',(700.499999627471,290.000039450824,270.));
#5807=CARTESIAN_POINT('Origin',(701.999999627471,290.000039450824,262.935003891796));
#5808=CARTESIAN_POINT('Origin',(720.,277.055004246831,264.505003799796));
#5809=CARTESIAN_POINT('',(719.990000092,277.055004246831,262.945003799796));
#5810=CARTESIAN_POINT('',(719.990000092,277.055004246831,247.055003799796));
#5811=CARTESIAN_POINT('',(719.990000092,277.055004246831,259.752503799796));
#5812=CARTESIAN_POINT('',(720.,277.055004246831,262.945003799796));
#5813=CARTESIAN_POINT('',(720.,277.055004246831,262.945003799796));
#5814=CARTESIAN_POINT('',(720.,277.055004246831,247.055003799796));
#5815=CARTESIAN_POINT('',(720.,277.055004246831,259.752503799796));
#5816=CARTESIAN_POINT('',(720.,277.055004246831,247.055003799796));
#5817=CARTESIAN_POINT('Origin',(720.,275.495004246831,247.055003799796));
#5818=CARTESIAN_POINT('',(719.990000092,292.945004246831,247.055003799796));
#5819=CARTESIAN_POINT('',(719.990000092,280.247504246831,247.055003799796));
#5820=CARTESIAN_POINT('',(720.,292.945004246831,247.055003799796));
#5821=CARTESIAN_POINT('',(720.,280.247504246831,247.055003799796));
#5822=CARTESIAN_POINT('',(720.,292.945004246831,247.055003799796));
#5823=CARTESIAN_POINT('Origin',(720.,292.945004246831,245.495003799796));
#5824=CARTESIAN_POINT('',(719.990000092,292.945004246831,262.945003799796));
#5825=CARTESIAN_POINT('',(719.990000092,292.945004246831,250.247503799796));
#5826=CARTESIAN_POINT('',(720.,292.945004246831,262.945003799796));
#5827=CARTESIAN_POINT('',(720.,292.945004246831,250.247503799796));
#5828=CARTESIAN_POINT('',(720.,292.945004246831,262.945003799796));
#5829=CARTESIAN_POINT('Origin',(720.,294.505004246831,262.945003799796));
#5830=CARTESIAN_POINT('',(719.990000092,289.752504246831,262.945003799796));
#5831=CARTESIAN_POINT('',(720.,289.752504246831,262.945003799796));
#5832=CARTESIAN_POINT('Origin',(719.990000092,285.000004246831,255.000003799796));
#5833=CARTESIAN_POINT('',(719.990000092,277.065004154831,247.065003707796));
#5834=CARTESIAN_POINT('',(719.990000092,292.935004338831,247.065003707796));
#5835=CARTESIAN_POINT('',(719.990000092,288.967504292831,247.065003707796));
#5836=CARTESIAN_POINT('',(719.990000092,277.065004154831,262.935003891796));
#5837=CARTESIAN_POINT('',(719.990000092,277.065004154831,251.032503753796));
#5838=CARTESIAN_POINT('',(719.990000092,292.935004338831,262.935003891796));
#5839=CARTESIAN_POINT('',(719.990000092,281.032504200831,262.935003891796));
#5840=CARTESIAN_POINT('',(719.990000092,292.935004338831,258.967503845796));
#5841=CARTESIAN_POINT('Origin',(720.,285.000004246831,255.000003799796));
#5842=CARTESIAN_POINT('',(720.,275.495004246831,245.495003799796));
#5843=CARTESIAN_POINT('',(720.,275.495004246831,264.505003799796));
#5844=CARTESIAN_POINT('',(720.,275.495004246831,245.495003799796));
#5845=CARTESIAN_POINT('',(720.,294.505004246831,245.495003799796));
#5846=CARTESIAN_POINT('',(720.,294.505004246831,245.495003799796));
#5847=CARTESIAN_POINT('',(720.,294.505004246831,264.505003799796));
#5848=CARTESIAN_POINT('',(720.,294.505004246831,264.505003799796));
#5849=CARTESIAN_POINT('',(720.,275.495004246831,264.505003799796));
#5850=CARTESIAN_POINT('Origin',(41.9999982863665,290.000039450824,270.));
#5851=CARTESIAN_POINT('',(43.4999982863664,290.000039450824,247.065003707796));
#5852=CARTESIAN_POINT('Origin',(41.9999982863665,290.000039450824,247.065003707796));
#5853=CARTESIAN_POINT('',(43.4999982863664,290.000039450824,245.495003799796));
#5854=CARTESIAN_POINT('',(43.4999982863664,290.000039450824,270.));
#5855=CARTESIAN_POINT('Origin',(41.9999982863665,290.000039450824,245.495003799796));
#5856=CARTESIAN_POINT('Origin',(41.9999982863665,290.000039450824,270.));
#5857=CARTESIAN_POINT('',(43.4999982863664,290.000039450824,264.505003799796));
#5858=CARTESIAN_POINT('Origin',(41.9999982863665,290.000039450824,264.505003799796));
#5859=CARTESIAN_POINT('',(43.4999982863664,290.000039450824,262.935003891796));
#5860=CARTESIAN_POINT('',(43.4999982863664,290.000039450824,270.));
#5861=CARTESIAN_POINT('Origin',(41.9999982863665,290.000039450824,262.935003891796));
#5862=CARTESIAN_POINT('Origin',(29.9999993294477,280.000039450824,270.));
#5863=CARTESIAN_POINT('',(31.4999993294477,280.000039450824,247.065003707796));
#5864=CARTESIAN_POINT('Origin',(29.9999993294477,280.000039450824,247.065003707796));
#5865=CARTESIAN_POINT('',(31.4999993294477,280.000039450824,245.495003799796));
#5866=CARTESIAN_POINT('',(31.4999993294477,280.000039450824,270.));
#5867=CARTESIAN_POINT('Origin',(29.9999993294477,280.000039450824,245.495003799796));
#5868=CARTESIAN_POINT('Origin',(29.9999993294477,280.000039450824,270.));
#5869=CARTESIAN_POINT('',(31.4999993294477,280.000039450824,264.505003799796));
#5870=CARTESIAN_POINT('Origin',(29.9999993294477,280.000039450824,264.505003799796));
#5871=CARTESIAN_POINT('',(31.4999993294477,280.000039450824,262.935003891796));
#5872=CARTESIAN_POINT('',(31.4999993294477,280.000039450824,270.));
#5873=CARTESIAN_POINT('Origin',(29.9999993294477,280.000039450824,262.935003891796));
#5874=CARTESIAN_POINT('Origin',(18.000000372529,280.000039450824,270.));
#5875=CARTESIAN_POINT('',(19.500000372529,280.000039450824,247.065003707796));
#5876=CARTESIAN_POINT('Origin',(18.000000372529,280.000039450824,247.065003707796));
#5877=CARTESIAN_POINT('',(19.500000372529,280.000039450824,245.495003799796));
#5878=CARTESIAN_POINT('',(19.500000372529,280.000039450824,270.));
#5879=CARTESIAN_POINT('Origin',(18.000000372529,280.000039450824,245.495003799796));
#5880=CARTESIAN_POINT('Origin',(18.000000372529,280.000039450824,270.));
#5881=CARTESIAN_POINT('',(19.500000372529,280.000039450824,264.505003799796));
#5882=CARTESIAN_POINT('Origin',(18.000000372529,280.000039450824,264.505003799796));
#5883=CARTESIAN_POINT('',(19.500000372529,280.000039450824,262.935003891796));
#5884=CARTESIAN_POINT('',(19.500000372529,280.000039450824,270.));
#5885=CARTESIAN_POINT('Origin',(18.000000372529,280.000039450824,262.935003891796));
#5886=CARTESIAN_POINT('Origin',(29.9999993294477,290.000039450824,270.));
#5887=CARTESIAN_POINT('',(31.4999993294477,290.000039450824,247.065003707796));
#5888=CARTESIAN_POINT('Origin',(29.9999993294477,290.000039450824,247.065003707796));
#5889=CARTESIAN_POINT('',(31.4999993294477,290.000039450824,245.495003799796));
#5890=CARTESIAN_POINT('',(31.4999993294477,290.000039450824,270.));
#5891=CARTESIAN_POINT('Origin',(29.9999993294477,290.000039450824,245.495003799796));
#5892=CARTESIAN_POINT('Origin',(29.9999993294477,290.000039450824,270.));
#5893=CARTESIAN_POINT('',(31.4999993294477,290.000039450824,264.505003799796));
#5894=CARTESIAN_POINT('Origin',(29.9999993294477,290.000039450824,264.505003799796));
#5895=CARTESIAN_POINT('',(31.4999993294477,290.000039450824,262.935003891796));
#5896=CARTESIAN_POINT('',(31.4999993294477,290.000039450824,270.));
#5897=CARTESIAN_POINT('Origin',(29.9999993294477,290.000039450824,262.935003891796));
#5898=CARTESIAN_POINT('Origin',(41.9999982863665,280.000039450824,270.));
#5899=CARTESIAN_POINT('',(43.4999982863664,280.000039450824,247.065003707796));
#5900=CARTESIAN_POINT('Origin',(41.9999982863665,280.000039450824,247.065003707796));
#5901=CARTESIAN_POINT('',(43.4999982863664,280.000039450824,245.495003799796));
#5902=CARTESIAN_POINT('',(43.4999982863664,280.000039450824,270.));
#5903=CARTESIAN_POINT('Origin',(41.9999982863665,280.000039450824,245.495003799796));
#5904=CARTESIAN_POINT('Origin',(41.9999982863665,280.000039450824,270.));
#5905=CARTESIAN_POINT('',(43.4999982863664,280.000039450824,264.505003799796));
#5906=CARTESIAN_POINT('Origin',(41.9999982863665,280.000039450824,264.505003799796));
#5907=CARTESIAN_POINT('',(43.4999982863664,280.000039450824,262.935003891796));
#5908=CARTESIAN_POINT('',(43.4999982863664,280.000039450824,270.));
#5909=CARTESIAN_POINT('Origin',(41.9999982863665,280.000039450824,262.935003891796));
#5910=CARTESIAN_POINT('Origin',(18.000000372529,290.000039450824,270.));
#5911=CARTESIAN_POINT('',(19.500000372529,290.000039450824,247.065003707796));
#5912=CARTESIAN_POINT('Origin',(18.000000372529,290.000039450824,247.065003707796));
#5913=CARTESIAN_POINT('',(19.500000372529,290.000039450824,245.495003799796));
#5914=CARTESIAN_POINT('',(19.500000372529,290.000039450824,270.));
#5915=CARTESIAN_POINT('Origin',(18.000000372529,290.000039450824,245.495003799796));
#5916=CARTESIAN_POINT('Origin',(18.000000372529,290.000039450824,270.));
#5917=CARTESIAN_POINT('',(19.500000372529,290.000039450824,264.505003799796));
#5918=CARTESIAN_POINT('Origin',(18.000000372529,290.000039450824,264.505003799796));
#5919=CARTESIAN_POINT('',(19.500000372529,290.000039450824,262.935003891796));
#5920=CARTESIAN_POINT('',(19.500000372529,290.000039450824,270.));
#5921=CARTESIAN_POINT('Origin',(18.000000372529,290.000039450824,262.935003891796));
#5922=CARTESIAN_POINT('Origin',(-8.88178419700125E-15,277.055004246831,
264.505003799796));
#5923=CARTESIAN_POINT('',(0.00999990799999101,277.055004246831,262.945003799796));
#5924=CARTESIAN_POINT('',(0.00999990799999101,277.055004246831,247.055003799796));
#5925=CARTESIAN_POINT('',(0.00999990799999101,277.055004246831,259.752503799796));
#5926=CARTESIAN_POINT('',(-8.88178419700125E-15,277.055004246831,247.055003799796));
#5927=CARTESIAN_POINT('',(-8.88178419700125E-15,277.055004246831,247.055003799796));
#5928=CARTESIAN_POINT('',(-8.88178419700125E-15,277.055004246831,262.945003799796));
#5929=CARTESIAN_POINT('',(-8.88178419700125E-15,277.055004246831,259.752503799796));
#5930=CARTESIAN_POINT('',(-8.88178419700125E-15,277.055004246831,262.945003799796));
#5931=CARTESIAN_POINT('Origin',(-8.88178419700125E-15,275.495004246831,
247.055003799796));
#5932=CARTESIAN_POINT('',(0.00999990799999101,292.945004246831,247.055003799796));
#5933=CARTESIAN_POINT('',(0.00999990799999101,280.247504246831,247.055003799796));
#5934=CARTESIAN_POINT('',(-8.88178419700125E-15,292.945004246831,247.055003799796));
#5935=CARTESIAN_POINT('',(-8.88178419700125E-15,292.945004246831,247.055003799796));
#5936=CARTESIAN_POINT('',(-8.88178419700125E-15,280.247504246831,247.055003799796));
#5937=CARTESIAN_POINT('Origin',(-8.88178419700125E-15,292.945004246831,
245.495003799796));
#5938=CARTESIAN_POINT('',(0.00999990799999101,292.945004246831,262.945003799796));
#5939=CARTESIAN_POINT('',(0.00999990799999101,292.945004246831,250.247503799796));
#5940=CARTESIAN_POINT('',(-8.88178419700125E-15,292.945004246831,262.945003799796));
#5941=CARTESIAN_POINT('',(-8.88178419700125E-15,292.945004246831,262.945003799796));
#5942=CARTESIAN_POINT('',(-8.88178419700125E-15,292.945004246831,250.247503799796));
#5943=CARTESIAN_POINT('Origin',(-8.88178419700125E-15,294.505004246831,
262.945003799796));
#5944=CARTESIAN_POINT('',(0.00999990799999101,289.752504246831,262.945003799796));
#5945=CARTESIAN_POINT('',(-8.88178419700125E-15,289.752504246831,262.945003799796));
#5946=CARTESIAN_POINT('Origin',(0.00999990799999101,285.000004246831,255.000003799796));
#5947=CARTESIAN_POINT('',(0.00999990799999101,277.065004154831,247.065003707796));
#5948=CARTESIAN_POINT('',(0.00999990799999101,292.935004338831,247.065003707796));
#5949=CARTESIAN_POINT('',(0.00999990799999101,288.967504292831,247.065003707796));
#5950=CARTESIAN_POINT('',(0.00999990799999101,292.935004338831,262.935003891796));
#5951=CARTESIAN_POINT('',(0.00999990799999101,292.935004338831,258.967503845796));
#5952=CARTESIAN_POINT('',(0.00999990799999101,277.065004154831,262.935003891796));
#5953=CARTESIAN_POINT('',(0.00999990799999101,281.032504200831,262.935003891796));
#5954=CARTESIAN_POINT('',(0.00999990799999101,277.065004154831,251.032503753796));
#5955=CARTESIAN_POINT('Origin',(-8.88178419700125E-15,294.505004246831,
262.935003891796));
#5956=CARTESIAN_POINT('',(720.,292.935004338831,262.935003891796));
#5957=CARTESIAN_POINT('',(-8.88178419700125E-15,277.065004154831,262.935003891796));
#5958=CARTESIAN_POINT('Origin',(-8.88178419700125E-15,292.935004338831,
245.495003799796));
#5959=CARTESIAN_POINT('',(720.,292.935004338831,247.065003707796));
#5960=CARTESIAN_POINT('Origin',(-8.88178419700125E-15,275.495004246831,
247.065003707796));
#5961=CARTESIAN_POINT('',(718.430000092,277.065004154831,247.065003707796));
#5962=CARTESIAN_POINT('Origin',(-8.88178419700125E-15,277.065004154831,
264.505003799796));
#5963=CARTESIAN_POINT('Origin',(-8.88178419700125E-15,294.505004246831,
264.505003799796));
#5964=CARTESIAN_POINT('',(-8.88178419700125E-15,275.495004246831,264.505003799796));
#5965=CARTESIAN_POINT('',(-8.88178419700125E-15,294.505004246831,264.505003799796));
#5966=CARTESIAN_POINT('',(-8.88178419700125E-15,275.495004246831,264.505003799796));
#5967=CARTESIAN_POINT('',(-8.88178419700125E-15,275.495004246831,264.505003799796));
#5968=CARTESIAN_POINT('',(-8.88178419700125E-15,294.505004246831,264.505003799796));
#5969=CARTESIAN_POINT('Origin',(-8.88178419700125E-15,294.505004246831,
245.495003799796));
#5970=CARTESIAN_POINT('',(-8.88178419700125E-15,294.505004246831,245.495003799796));
#5971=CARTESIAN_POINT('',(-8.88178419700125E-15,294.505004246831,264.505003799796));
#5972=CARTESIAN_POINT('',(-8.88178419700125E-15,294.505004246831,245.495003799796));
#5973=CARTESIAN_POINT('Origin',(-8.88178419700125E-15,275.495004246831,
245.495003799796));
#5974=CARTESIAN_POINT('',(-8.88178419700125E-15,275.495004246831,245.495003799796));
#5975=CARTESIAN_POINT('',(-8.88178419700125E-15,275.495004246831,245.495003799796));
#5976=CARTESIAN_POINT('',(-8.88178419700125E-15,294.505004246831,245.495003799796));
#5977=CARTESIAN_POINT('Origin',(-8.88178419700125E-15,275.495004246831,
264.505003799796));
#5978=CARTESIAN_POINT('',(-8.88178419700125E-15,275.495004246831,245.495003799796));
#5979=CARTESIAN_POINT('Origin',(-8.88178419700125E-15,285.000004246831,
255.000003799796));
#5980=UNCERTAINTY_MEASURE_WITH_UNIT(LENGTH_MEASURE(0.01),#5984,
'DISTANCE_ACCURACY_VALUE',
'Maximum model space distance between geometric entities at asserted c
onnectivities');
#5981=UNCERTAINTY_MEASURE_WITH_UNIT(LENGTH_MEASURE(0.01),#5984,
'DISTANCE_ACCURACY_VALUE',
'Maximum model space distance between geometric entities at asserted c
onnectivities');
#5982=(
GEOMETRIC_REPRESENTATION_CONTEXT(3)
GLOBAL_UNCERTAINTY_ASSIGNED_CONTEXT((#5980))
GLOBAL_UNIT_ASSIGNED_CONTEXT((#5984,#5986,#5987))
REPRESENTATION_CONTEXT('','3D')
);
#5983=(
GEOMETRIC_REPRESENTATION_CONTEXT(3)
GLOBAL_UNCERTAINTY_ASSIGNED_CONTEXT((#5981))
GLOBAL_UNIT_ASSIGNED_CONTEXT((#5984,#5986,#5987))
REPRESENTATION_CONTEXT('','3D')
);
#5984=(
LENGTH_UNIT()
NAMED_UNIT(*)
SI_UNIT(.MILLI.,.METRE.)
);
#5985=(
LENGTH_UNIT()
NAMED_UNIT(*)
SI_UNIT($,.METRE.)
);
#5986=(
NAMED_UNIT(*)
PLANE_ANGLE_UNIT()
SI_UNIT($,.RADIAN.)
);
#5987=(
NAMED_UNIT(*)
SI_UNIT($,.STERADIAN.)
SOLID_ANGLE_UNIT()
);
#5988=SHAPE_DEFINITION_REPRESENTATION(#5989,#5990);
#5989=PRODUCT_DEFINITION_SHAPE('',$,#5992);
#5990=SHAPE_REPRESENTATION('',(#3632),#5982);
#5991=PRODUCT_DEFINITION_CONTEXT('part definition',#5996,'design');
#5992=PRODUCT_DEFINITION('Beams','Beams',#5993,#5991);
#5993=PRODUCT_DEFINITION_FORMATION('',$,#5998);
#5994=PRODUCT_RELATED_PRODUCT_CATEGORY('Beams','Beams',(#5998));
#5995=APPLICATION_PROTOCOL_DEFINITION('international standard',
'automotive_design',2009,#5996);
#5996=APPLICATION_CONTEXT(
'Core Data for Automotive Mechanical Design Process');
#5997=PRODUCT_CONTEXT('part definition',#5996,'mechanical');
#5998=PRODUCT('Beams','Beams',$,(#5997));
#5999=PRESENTATION_STYLE_ASSIGNMENT((#6001));
#6000=PRESENTATION_STYLE_ASSIGNMENT((#6002));
#6001=SURFACE_STYLE_USAGE(.BOTH.,#6003);
#6002=SURFACE_STYLE_USAGE(.BOTH.,#6004);
#6003=SURFACE_SIDE_STYLE('',(#6005));
#6004=SURFACE_SIDE_STYLE('',(#6006));
#6005=SURFACE_STYLE_FILL_AREA(#6007);
#6006=SURFACE_STYLE_FILL_AREA(#6008);
#6007=FILL_AREA_STYLE('Steel - Satin',(#6009));
#6008=FILL_AREA_STYLE('Aluminum - Polished',(#6010));
#6009=FILL_AREA_STYLE_COLOUR('Steel - Satin',#6011);
#6010=FILL_AREA_STYLE_COLOUR('Aluminum - Polished',#6012);
#6011=COLOUR_RGB('Steel - Satin',0.627450980392157,0.627450980392157,0.627450980392157);
#6012=COLOUR_RGB('Aluminum - Polished',0.96078431372549,0.96078431372549,
0.964705882352941);
ENDSEC;
END-ISO-10303-21;
